This is pdfTeX, Version 3.141592653-2.6-1.40.28 (MiKTeX 25.12) (preloaded format=pdflatex 2026.5.7)  25 JUN 2026 18:28
entering extended mode
 restricted \write18 enabled.
 %&-line parsing enabled.
**./refman.tex
(refman.tex
LaTeX2e <2025-11-01>
L3 programming layer <2025-12-24>
(C:\Users\lipeh\AppData\Local\Programs\MiKTeX\tex/generic/iftex\iftex.sty
Package: iftex 2024/12/12 v1.0g TeX engine tests
)
(C:\Users\lipeh\AppData\Local\Programs\MiKTeX\tex/latex/base\book.cls
Document Class: book 2025/01/22 v1.4n Standard LaTeX document class
(C:\Users\lipeh\AppData\Local\Programs\MiKTeX\tex/latex/base\bk10.clo
File: bk10.clo 2025/01/22 v1.4n Standard LaTeX file (size option)
)
\c@part=\count275
\c@chapter=\count276
\c@section=\count277
\c@subsection=\count278
\c@subsubsection=\count279
\c@paragraph=\count280
\c@subparagraph=\count281
\c@figure=\count282
\c@table=\count283
\abovecaptionskip=\skip49
\belowcaptionskip=\skip50
\bibindent=\dimen148
)
(C:\Users\lipeh\AppData\Local\Programs\MiKTeX\tex/generic/infwarerr\infwarerr.s
ty
package info suppressed
) (doxygen.sty
Package: doxygen 

(C:\Users\lipeh\AppData\Local\Programs\MiKTeX\tex/latex/base\alltt.sty
Package: alltt 2024/07/07 v2.0g defines alltt environment
)
(C:\Users\lipeh\AppData\Local\Programs\MiKTeX\tex/latex/tools\array.sty
Package: array 2025/09/25 v2.6n Tabular extension package (FMi)
\col@sep=\dimen149
\ar@mcellbox=\box53
\extrarowheight=\dimen150
\NC@list=\toks17
\extratabsurround=\skip51
\backup@length=\skip52
\ar@cellbox=\box54
)
(C:\Users\lipeh\AppData\Local\Programs\MiKTeX\tex/latex/tools\calc.sty
Package: calc 2025/03/01 v4.3b Infix arithmetic (KKT,FJ)
\calc@Acount=\count284
\calc@Bcount=\count285
\calc@Adimen=\dimen151
\calc@Bdimen=\dimen152
\calc@Askip=\skip53
\calc@Bskip=\skip54
LaTeX Info: Redefining \setlength on input line 86.
LaTeX Info: Redefining \addtolength on input line 87.
\calc@Ccount=\count286
\calc@Cskip=\skip55
)
(C:\Users\lipeh\AppData\Local\Programs\MiKTeX\tex/latex/float\float.sty
Package: float 2001/11/08 v1.3d Float enhancements (AL)
\c@float@type=\count287
\float@exts=\toks18
\float@box=\box55
\@float@everytoks=\toks19
\@floatcapt=\box56
)
(C:\Users\lipeh\AppData\Local\Programs\MiKTeX\tex/latex/base\ifthen.sty
Package: ifthen 2024/03/16 v1.1e Standard LaTeX ifthen package (DPC)
)
(C:\Users\lipeh\AppData\Local\Programs\MiKTeX\tex/latex/tools\verbatim.sty
Package: verbatim 2024-01-22 v1.5x LaTeX2e package for verbatim enhancements
\every@verbatim=\toks20
\verbatim@line=\toks21
\verbatim@in@stream=\read2
)
(C:\Users\lipeh\AppData\Local\Programs\MiKTeX\tex/latex/varwidth\varwidth.sty
Package: varwidth 2009/03/30 ver 0.92;  Variable-width minipages
\@vwid@box=\box57
\sift@deathcycles=\count288
\@vwid@loff=\dimen153
\@vwid@roff=\dimen154
)
==> First Aid for varwidth.sty applied!
(C:\Users\lipeh\AppData\Local\Programs\MiKTeX\tex/latex/xcolor\xcolor.sty
Package: xcolor 2024/09/29 v3.02 LaTeX color extensions (UK)

(C:\Users\lipeh\AppData\Local\Programs\MiKTeX\tex/latex/graphics-cfg\color.cfg
File: color.cfg 2016/01/02 v1.6 sample color configuration
)
Package xcolor Info: Driver file: pdftex.def on input line 274.

(C:\Users\lipeh\AppData\Local\Programs\MiKTeX\tex/latex/graphics-def\pdftex.def
File: pdftex.def 2025/09/29 v1.2d Graphics/color driver for pdftex
)
(C:\Users\lipeh\AppData\Local\Programs\MiKTeX\tex/latex/graphics\mathcolor.ltx)
Package xcolor Info: Model `cmy' substituted by `cmy0' on input line 1349.
Package xcolor Info: Model `hsb' substituted by `rgb' on input line 1353.
Package xcolor Info: Model `RGB' extended on input line 1365.
Package xcolor Info: Model `HTML' substituted by `rgb' on input line 1367.
Package xcolor Info: Model `Hsb' substituted by `hsb' on input line 1368.
Package xcolor Info: Model `tHsb' substituted by `hsb' on input line 1369.
Package xcolor Info: Model `HSB' substituted by `hsb' on input line 1370.
Package xcolor Info: Model `Gray' substituted by `gray' on input line 1371.
Package xcolor Info: Model `wave' substituted by `hsb' on input line 1372.
) (C:\Users\lipeh\AppData\Local\Programs\MiKTeX\tex/latex/colortbl\colortbl.sty
Package: colortbl 2024/10/29 v1.0k Color table columns (DPC)
\everycr=\toks22
\minrowclearance=\skip56
\rownum=\count289
) (C:\Users\lipeh\AppData\Local\Programs\MiKTeX\tex/latex/tools\longtable.sty
Package: longtable 2025-10-13 v4.24 Multi-page Table package (DPC)
\LTleft=\skip57
\LTright=\skip58
\LTpre=\skip59
\LTpost=\skip60
\LTchunksize=\count290
\LTcapwidth=\dimen155
\LT@head=\box58
\LT@firsthead=\box59
\LT@foot=\box60
\LT@lastfoot=\box61
\LT@gbox=\box62
\LT@cols=\count291
\LT@rows=\count292
\c@LT@tables=\count293
\c@LT@chunks=\count294
\LT@p@ftn=\toks23
)
(C:\Users\lipeh\AppData\Local\Programs\MiKTeX\tex/latex/xltabular\xltabular.sty
Package: xltabular 2025/02/28 v0.2i `xltabular' package (hv,RN)
(C:\Users\lipeh\AppData\Local\Programs\MiKTeX\tex/latex/tools\tabularx.sty
Package: tabularx 2023/12/11 v2.12a `tabularx' package (DPC)
\TX@col@width=\dimen156
\TX@old@table=\dimen157
\TX@old@col=\dimen158
\TX@target=\dimen159
\TX@delta=\dimen160
\TX@cols=\count295
\TX@ftn=\toks24
)
(C:\Users\lipeh\AppData\Local\Programs\MiKTeX\tex/latex/etoolbox\etoolbox.sty
Package: etoolbox 2025/10/02 v2.5m e-TeX tools for LaTeX (JAW)
\etb@tempcnta=\count296
)
(C:\Users\lipeh\AppData\Local\Programs\MiKTeX\tex/latex/ltablex\ltablex.sty
Package: ltablex 2014/08/13 v1.1 Modified tabularx
))
(C:\Users\lipeh\AppData\Local\Programs\MiKTeX\tex/latex/tabularray\tabularray.s
ty
Package: tabularray 2025-11-27 v2025C Typeset tabulars and arrays with LaTeX3

(C:\Users\lipeh\AppData\Local\Programs\MiKTeX\tex/latex/ninecolors\ninecolors.s
ty
Package: ninecolors 2022-02-13 v2022D Select colors with proper color contrast

(C:\Users\lipeh\AppData\Local\Programs\MiKTeX\tex/latex/l3packages/xparse\xpars
e.sty
(C:\Users\lipeh\AppData\Local\Programs\MiKTeX\tex/latex/l3kernel\expl3.sty
Package: expl3 2025-12-24 L3 programming layer (loader) 

(C:\Users\lipeh\AppData\Local\Programs\MiKTeX\tex/latex/l3backend\l3backend-pdf
tex.def
File: l3backend-pdftex.def 2025-10-09 L3 backend support: PDF output (pdfTeX)
\l__color_backend_stack_int=\count297
))
Package: xparse 2025-10-09 L3 Experimental document command parser
))
\g__tblr_nohyper_int=\count298
\l__tblr_a_int=\count299
\l__tblr_c_int=\count300
\l__tblr_r_int=\count301
\l__tblr_d_dim=\dimen161
\l__tblr_h_dim=\dimen162
\l__tblr_o_dim=\dimen163
\l__tblr_p_dim=\dimen164
\l__tblr_q_dim=\dimen165
\l__tblr_r_dim=\dimen166
\l__tblr_s_dim=\dimen167
\l__tblr_t_dim=\dimen168
\l__tblr_v_dim=\dimen169
\l__tblr_w_dim=\dimen170
\l__tblr_a_box=\box63
\l__tblr_b_box=\box64
\l__tblr_c_box=\box65
\l__tblr_d_box=\box66
\c@tblrcount=\count302
\c@colnum=\count303
\c@rowcount=\count304
\c@colcount=\count305
\abovesep=\dimen171
\belowsep=\dimen172
\leftsep=\dimen173
\rightsep=\dimen174
\gTblrLevelInt=\count306
\g__tblr_data_row_key_count_int=\count307
\g__tblr_data_column_key_count_int=\count308
\g__tblr_data_cell_key_count_int=\count309
\g__tblr_array_int=\count310
\l__tblr_key_count_int=\count311
\l__tblr_key_quotient_int=\count312
\l__tblr_key_quotient_two_int=\count313
\l__tblr_key_remainder_int=\count314
\g__tblr_data_str_value_count_int=\count315
\lTblrChildTotalInt=\count316
\lTblrChildHtotalInt=\count317
\lTblrChildVtotalInt=\count318
\l__child_diff_h_int=\count319
\l__child_diff_v_int=\count320
\l__child_sign_h_int=\count321
\l__child_sign_v_int=\count322
\l__child_step_int=\count323
\lTblrDefaultHruleWidthDim=\dimen175
\lTblrDefaultVruleWidthDim=\dimen176
\l__tblr_split_balance_int=\count324
\l__tblr_strut_dp_dim=\dimen177
\l__tblr_strut_ht_dim=\dimen178
\g__tblr_cell_wd_dim=\dimen179
\g__tblr_cell_ht_dim=\dimen180
\g__tblr_cell_head_dim=\dimen181
\g__tblr_cell_foot_dim=\dimen182
\l__tblr_measured_cell_box=\box67
\g__tblr_last_box=\box68
\l__tblr_temp_box=\box69
\l__tblr_column_target_dim=\dimen183
\l__tblr_hfuzz_dim=\dimen184
\l__tblr_caption_box=\box70
\l__tblr_caption_left_box=\box71
\lTblrRowHeadInt=\count325
\lTblrRowFootInt=\count326
\l__tblr_row_head_box=\box72
\l__tblr_row_foot_box=\box73
\l__tblr_row_head_foot_dim=\dimen185
\lTblrTableWidthDim=\dimen186
\l__tblr_table_firsthead_box=\box74
\l__tblr_table_middlehead_box=\box75
\l__tblr_table_lasthead_box=\box76
\l__tblr_table_firstfoot_box=\box77
\l__tblr_table_middlefoot_box=\box78
\l__tblr_table_lastfoot_box=\box79
\l__tblr_remain_height_dim=\dimen187
\l__tblr_next_rows_dim=\dimen188
\l__tblr_page_overfill_dim=\dimen189
\l__tblr_long_from_int=\count327
\l__tblr_long_to_int=\count328
\l__tblr_curr_i_int=\count329
\l__tblr_prev_i_int=\count330
\lTblrTablePageInt=\count331
\l__tblr_table_head_box=\box80
\l__tblr_table_foot_box=\box81
\l__tblr_table_head_foot_dim=\dimen190
\l__tblr_table_head_body_foot_dim=\dimen191
\l__tblr_table_box=\box82
\lTblrRowFirstInt=\count332
\lTblrRowLastInt=\count333
\l__tblr_cover_box_a_dim=\dimen192
\l__tblr_cover_box_b_dim=\dimen193
\l__tblr_table_hlines_box=\box83
\l__tblr_hline_box=\box84
\l__tblr_row_box=\box85
\l__tblr_col_o_wd_dim=\dimen194
\l__tblr_col_b_wd_dim=\dimen195
\l__tblr_hline_leftskip_dim=\dimen196
\l__tblr_hline_rightskip_dim=\dimen197
\l__tblr_row_ht_dim=\dimen198
\l__tblr_row_dp_dim=\dimen199
\l__tblr_row_abovesep_dim=\dimen256
\l__tblr_row_belowsep_dim=\dimen257
\l__tblr_row_vlines_box=\box86
\l__tblr_vline_box=\box87
\l__tblr_cell_box=\box88
\l__tblr_row_upper_dim=\dimen258
\l__tblr_row_lower_dim=\dimen259
\l__tblr_row_vpace_dim=\dimen260
\l__tblr_vline_aboveskip_dim=\dimen261
\l__tblr_vline_belowskip_dim=\dimen262
\lTblrCellRowSpanInt=\count334
\lTblrCellColSpanInt=\count335
\l__tblr_cell_wd_dim=\dimen263
\l__tblr_cell_ht_dim=\dimen264
\lTblrCellAboveBorderWidthDim=\dimen265
\lTblrCellBelowBorderWidthDim=\dimen266
\lTblrCellLeftBorderWidthDim=\dimen267
\lTblrCellRightBorderWidthDim=\dimen268
\l__tblr_diag_box=\box89
\l__tblr_cell_inner_wd_dim=\dimen269
\l__tblr_cell_inner_dp_dim=\dimen270
\l__tblr_cell_hanchor_dim=\dimen271
\l__tblr_last_cell_table_ht_dim=\dimen272
\l__tblr_last_cell_table_dp_dim=\dimen273
\l__tblr_last_vline_wd_dim=\dimen274
\l__tblr_tikz_node_box=\box90
)
\g__doxy_nohyper_int=\count336
\doxytablewidth=\dimen275

(C:\Users\lipeh\AppData\Local\Programs\MiKTeX\tex/latex/fancyvrb\fancyvrb.sty
Package: fancyvrb 2026/04/16 4.6a verbatim text (tvz,hv)

(C:\Users\lipeh\AppData\Local\Programs\MiKTeX\tex/latex/graphics\keyval.sty
Package: keyval 2022/05/29 v1.15 key=value parser (DPC)
\KV@toks@=\toks25
)
\FV@CodeLineNo=\count337
\FV@InFile=\read3
\FV@TabBox=\box91
\c@FancyVerbLine=\count338
\FV@StepNumber=\count339
\FV@OutFile=\write3
)
(C:\Users\lipeh\AppData\Local\Programs\MiKTeX\tex/latex/tools\multicol.sty
Package: multicol 2025/10/21 v2.0b multicolumn formatting (FMi)
\c@tracingmulticols=\count340
\mult@box=\box92
\multicol@leftmargin=\dimen276
\c@unbalance=\count341
\c@collectmore=\count342
\doublecol@number=\count343
\multicoltolerance=\count344
\multicolpretolerance=\count345
\full@width=\dimen277
\page@free=\dimen278
\premulticols=\dimen279
\postmulticols=\dimen280
\multicolsep=\skip61
\multicolbaselineskip=\skip62
\partial@page=\box93
\last@line=\box94
\mc@boxedresult=\box95
\maxbalancingoverflow=\dimen281
\mult@rightbox=\box96
\mult@grightbox=\box97
\mult@firstbox=\box98
\mult@gfirstbox=\box99
\@tempa=\box100
\@tempa=\box101
\@tempa=\box102
\@tempa=\box103
\@tempa=\box104
\@tempa=\box105
\@tempa=\box106
\@tempa=\box107
\@tempa=\box108
\@tempa=\box109
\@tempa=\box110
\@tempa=\box111
\@tempa=\box112
\@tempa=\box113
\@tempa=\box114
\@tempa=\box115
\@tempa=\box116
\@tempa=\box117
\@tempa=\box118
\@tempa=\box119
\@tempa=\box120
\@tempa=\box121
\@tempa=\box122
\@tempa=\box123
\@tempa=\box124
\@tempa=\box125
\@tempa=\box126
\@tempa=\box127
\@tempa=\box128
\@tempa=\box129
\@tempa=\box130
\@tempa=\box131
\@tempa=\box132
\@tempa=\box133
\@tempa=\box134
\@tempa=\box135
\c@minrows=\count346
\c@columnbadness=\count347
\c@finalcolumnbadness=\count348
\last@try=\dimen282
\multicolovershoot=\dimen283
\multicolundershoot=\dimen284
\mult@nat@firstbox=\box136
\colbreak@box=\box137
\mc@col@check@num=\count349
\g__mc_curr_col_int=\count350
)
(C:\Users\lipeh\AppData\Local\Programs\MiKTeX\tex/latex/multirow\multirow.sty
Package: multirow 2024/11/12 v2.9 Span multiple rows of a table
\multirow@colwidth=\skip63
\multirow@cntb=\count351
\multirow@dima=\skip64
\bigstrutjot=\dimen285
)
(C:\Users\lipeh\AppData\Local\Programs\MiKTeX\tex/latex/hanging\hanging.sty
Package: hanging 2009/09/02 v1.2b hanging paragraphs and punctuation
\h@ngcommawd=\skip65
\h@ngfstopwd=\skip66
\h@ngquotewd=\skip67
\h@ngdquotewd=\skip68
\h@ngquerywd=\skip69
\h@ngexclwd=\skip70
\h@ngcolonwd=\skip71
\h@ngscolonwd=\skip72
)
(C:\Users\lipeh\AppData\Local\Programs\MiKTeX\tex/generic/iftex\ifpdf.sty
Package: ifpdf 2019/10/25 v3.4 ifpdf legacy package. Use iftex instead.
)
(C:\Users\lipeh\AppData\Local\Programs\MiKTeX\tex/latex/adjustbox\adjustbox.sty
Package: adjustbox 2025/02/26 v1.3c Adjusting TeX boxes (trim, clip, ...)
(C:\Users\lipeh\AppData\Local\Programs\MiKTeX\tex/latex/xkeyval\xkeyval.sty
Package: xkeyval 2022/06/16 v2.9 package option processing (HA)

(C:\Users\lipeh\AppData\Local\Programs\MiKTeX\tex/generic/xkeyval\xkeyval.tex
(C:\Users\lipeh\AppData\Local\Programs\MiKTeX\tex/generic/xkeyval\xkvutils.tex
\XKV@toks=\toks26
\XKV@tempa@toks=\toks27
)
\XKV@depth=\count352
File: xkeyval.tex 2014/12/03 v2.7a key=value parser (HA)
))
(C:\Users\lipeh\AppData\Local\Programs\MiKTeX\tex/latex/adjustbox\adjcalc.sty
Package: adjcalc 2012/05/16 v1.1 Provides advanced setlength with multiple back
-ends (calc, etex, pgfmath)
)
(C:\Users\lipeh\AppData\Local\Programs\MiKTeX\tex/latex/adjustbox\trimclip.sty
Package: trimclip 2025/02/21 v1.2a Trim and clip general TeX material

(C:\Users\lipeh\AppData\Local\Programs\MiKTeX\tex/latex/graphics\graphicx.sty
Package: graphicx 2024/12/31 v1.2e Enhanced LaTeX Graphics (DPC,SPQR)

(C:\Users\lipeh\AppData\Local\Programs\MiKTeX\tex/latex/graphics\graphics.sty
Package: graphics 2024/08/06 v1.4g Standard LaTeX Graphics (DPC,SPQR)

(C:\Users\lipeh\AppData\Local\Programs\MiKTeX\tex/latex/graphics\trig.sty
Package: trig 2023/12/02 v1.11 sin cos tan (DPC)
)
(C:\Users\lipeh\AppData\Local\Programs\MiKTeX\tex/latex/graphics-cfg\graphics.c
fg
File: graphics.cfg 2016/06/04 v1.11 sample graphics configuration
)
Package graphics Info: Driver file: pdftex.def on input line 106.
)
\Gin@req@height=\dimen286
\Gin@req@width=\dimen287
)
(C:\Users\lipeh\AppData\Local\Programs\MiKTeX\tex/latex/collectbox\collectbox.s
ty
Package: collectbox 2022/10/17 v0.4c Collect macro arguments as boxes
\collectedbox=\box138
)
\tc@llx=\dimen288
\tc@lly=\dimen289
\tc@urx=\dimen290
\tc@ury=\dimen291
Package trimclip Info: Using driver 'tc-pdftex.def'.

(C:\Users\lipeh\AppData\Local\Programs\MiKTeX\tex/latex/adjustbox\tc-pdftex.def
File: tc-pdftex.def 2025/02/26 v2.3 Clipping driver for pdftex
))
\adjbox@Width=\dimen292
\adjbox@Height=\dimen293
\adjbox@Depth=\dimen294
\adjbox@Totalheight=\dimen295
\adjbox@pwidth=\dimen296
\adjbox@pheight=\dimen297
\adjbox@pdepth=\dimen298
\adjbox@ptotalheight=\dimen299

(C:\Users\lipeh\AppData\Local\Programs\MiKTeX\tex/latex/ifoddpage\ifoddpage.sty
Package: ifoddpage 2022/10/18 v1.2 Conditionals for odd/even page detection
\c@checkoddpage=\count353
)) (C:\Users\lipeh\AppData\Local\Programs\MiKTeX\tex/latex/amsfonts\amssymb.sty
Package: amssymb 2013/01/14 v3.01 AMS font symbols
(C:\Users\lipeh\AppData\Local\Programs\MiKTeX\tex/latex/amsfonts\amsfonts.sty
Package: amsfonts 2013/01/14 v3.01 Basic AMSFonts support
\@emptytoks=\toks28
\symAMSa=\mathgroup4
\symAMSb=\mathgroup5
LaTeX Font Info:    Redeclaring math symbol \hbar on input line 98.
LaTeX Font Info:    Overwriting math alphabet `\mathfrak' in version `bold'
(Font)                  U/euf/m/n --> U/euf/b/n on input line 106.
))
(C:\Users\lipeh\AppData\Local\Programs\MiKTeX\tex/latex/stackengine\stackengine
.sty
Package: stackengine 2021/07/22 v4.11\ Stacking text and objects in convenient 
ways

(C:\Users\lipeh\AppData\Local\Programs\MiKTeX\tex/latex/listofitems\listofitems
.sty
(C:\Users\lipeh\AppData\Local\Programs\MiKTeX\tex/generic/listofitems\listofite
ms.tex
\loi_cnt_foreach_nest=\count354
\loi_nestcnt=\count355
)
Package: listofitems 2024/03/09 v1.65 Grab items in lists using user-specified 
sep char (CT)
)
\c@@stackindex=\count356
\@boxshift=\skip73
\stack@tmplength=\skip74
\temp@stkl=\skip75
\@stackedboxwidth=\skip76
\@addedbox=\box139
\@anchorbox=\box140
\@insetbox=\box141
\se@backgroundbox=\box142
\stackedbox=\box143
\@centerbox=\box144
\c@ROWcellindex@=\count357
)
(C:\Users\lipeh\AppData\Local\Programs\MiKTeX\tex/latex/enumitem\enumitem.sty
Package: enumitem 2025/02/06 v3.11 Customized lists
\labelindent=\skip77
\enit@outerparindent=\dimen300
\enit@toks=\toks29
\enit@inbox=\box145
\enit@count@id=\count358
\enitdp@description=\count359
)
(C:\Users\lipeh\AppData\Local\Programs\MiKTeX\tex/generic/alphalph\alphalph.sty
Package: alphalph 2019/12/09 v2.6 Convert numbers to letters (HO)
(C:\Users\lipeh\AppData\Local\Programs\MiKTeX\tex/generic/intcalc\intcalc.sty
Package: intcalc 2019/12/15 v1.3 Expandable calculations with integers (HO)
)) (C:\Users\lipeh\AppData\Local\Programs\MiKTeX\tex/latex/ulem\ulem.sty
\UL@box=\box146
\UL@hyphenbox=\box147
\UL@skip=\skip78
\UL@hook=\toks30
\UL@height=\dimen301
\UL@pe=\count360
\UL@pixel=\dimen302
\ULC@box=\box148
Package: ulem 2019/11/18
\ULdepth=\dimen303
)
\xrefbox=\box149
\xreflength=\skip79
\CodeWidthChar=\skip80
\CodeHeightChar=\skip81
\DoxyCodeWidth=\skip82
\ttcharwidth=\skip83
\c@DoxyEnumeratei=\count361
\c@DoxyEnumerateii=\count362
\c@DoxyEnumerateiii=\count363
\c@DoxyEnumerateiv=\count364
\c@DoxyEnumeratev=\count365
\c@DoxyEnumeratevi=\count366
\c@DoxyEnumeratevii=\count367
\c@DoxyEnumerateviii=\count368
\c@DoxyEnumerateix=\count369
\c@DoxyEnumeratex=\count370
\c@DoxyEnumeratexi=\count371
\c@DoxyEnumeratexii=\count372
\enitdp@DoxyEnumerate=\count373
\enitdp@DoxyItemize=\count374
\doxymboxbox=\box150
\doxymboxlength=\skip84
\c@subsubsubsection=\count375
\c@subsubsubsubsection=\count376
\c@subsubsubsubsubsection=\count377
\c@subsubsubsubsubsubsection=\count378
)
(C:\Users\lipeh\AppData\Local\Programs\MiKTeX\tex/latex/base\inputenc.sty
Package: inputenc 2024/02/08 v1.3d Input encoding file
\inpenc@prehook=\toks31
\inpenc@posthook=\toks32
)
(C:\Users\lipeh\AppData\Local\Programs\MiKTeX\tex/latex/base\makeidx.sty
Package: makeidx 2021/10/04 v1.0m Standard LaTeX package
)
(C:\Users\lipeh\AppData\Local\Programs\MiKTeX\tex/latex/base\textcomp.sty
Package: textcomp 2024/04/24 v2.1b Standard LaTeX package
)
(C:\Users\lipeh\AppData\Local\Programs\MiKTeX\tex/latex/wasysym\wasysym.sty
Package: wasysym 2020/01/19 v2.4 Wasy-2 symbol support package
\symwasy=\mathgroup6
LaTeX Font Info:    Overwriting symbol font `wasy' in version `bold'
(Font)                  U/wasy/m/n --> U/wasy/b/n on input line 93.
)
(C:\Users\lipeh\AppData\Local\Programs\MiKTeX\tex/generic/iftex\ifxetex.sty
Package: ifxetex 2019/10/25 v0.7 ifxetex legacy package. Use iftex instead.
)
(C:\Users\lipeh\AppData\Local\Programs\MiKTeX\tex/latex/base\fontenc.sty
Package: fontenc 2025/07/18 v2.1d Standard LaTeX package
)
(C:\Users\lipeh\AppData\Local\Programs\MiKTeX\tex/latex/psnfss\helvet.sty
Package: helvet 2020/03/25 PSNFSS-v9.3 (WaS) 
)
(C:\Users\lipeh\AppData\Local\Programs\MiKTeX\tex/latex/psnfss\courier.sty
Package: courier 2020/03/25 PSNFSS-v9.3 (WaS) 
)
(C:\Users\lipeh\AppData\Local\Programs\MiKTeX\tex/latex/geometry\geometry.sty
Package: geometry 2026/03/07 v6.0 Page Geometry

(C:\Users\lipeh\AppData\Local\Programs\MiKTeX\tex/generic/iftex\ifvtex.sty
Package: ifvtex 2019/10/25 v1.7 ifvtex legacy package. Use iftex instead.
)
\Gm@cnth=\count379
\Gm@cntv=\count380
\c@Gm@tempcnt=\count381
\Gm@bindingoffset=\dimen304
\Gm@wd@mp=\dimen305
\Gm@odd@mp=\dimen306
\Gm@even@mp=\dimen307
\Gm@layoutwidth=\dimen308
\Gm@layoutheight=\dimen309
\Gm@layouthoffset=\dimen310
\Gm@layoutvoffset=\dimen311
\Gm@dimlist=\toks33

(C:\Users\lipeh\AppData\Local\Programs\MiKTeX\tex/latex/geometry\geometry.cfg))

(C:\Users\lipeh\AppData\Local\Programs\MiKTeX\tex/latex/changepage\changepage.s
ty
Package: changepage 2009/10/20 v1.0c check page and change page layout
\c@cp@cntr=\count382
\cp@tempcnt=\count383
LaTeX Info: Redefining \checkoddpage on input line 59.
)
(C:\Users\lipeh\AppData\Local\Programs\MiKTeX\tex/latex/fancyhdr\fancyhdr.sty
Package: fancyhdr 2025/02/07 v5.2 Extensive control of page headers and footers

\f@nch@headwidth=\skip85
\f@nch@offset@elh=\skip86
\f@nch@offset@erh=\skip87
\f@nch@offset@olh=\skip88
\f@nch@offset@orh=\skip89
\f@nch@offset@elf=\skip90
\f@nch@offset@erf=\skip91
\f@nch@offset@olf=\skip92
\f@nch@offset@orf=\skip93
\f@nch@height=\skip94
\f@nch@footalignment=\skip95
\f@nch@widthL=\skip96
\f@nch@widthC=\skip97
\f@nch@widthR=\skip98
\@temptokenb=\toks34
)
(C:\Users\lipeh\AppData\Local\Programs\MiKTeX\tex/latex/natbib\natbib.sty
Package: natbib 2010/09/13 8.31b (PWD, AO)
\bibhang=\skip99
\bibsep=\skip100
LaTeX Info: Redefining \cite on input line 694.
\c@NAT@ctr=\count384
)
(C:\Users\lipeh\AppData\Local\Programs\MiKTeX\tex/latex/tocloft\tocloft.sty
Package: tocloft 2017/08/31 v2.3i parameterised ToC, etc., typesetting
Package tocloft Info: The document has chapter divisions on input line 51.
\cftparskip=\skip101
\cftbeforetoctitleskip=\skip102
\cftaftertoctitleskip=\skip103
\cftbeforepartskip=\skip104
\cftpartnumwidth=\skip105
\cftpartindent=\skip106
\cftbeforechapskip=\skip107
\cftchapindent=\skip108
\cftchapnumwidth=\skip109
\cftbeforesecskip=\skip110
\cftsecindent=\skip111
\cftsecnumwidth=\skip112
\cftbeforesubsecskip=\skip113
\cftsubsecindent=\skip114
\cftsubsecnumwidth=\skip115
\cftbeforesubsubsecskip=\skip116
\cftsubsubsecindent=\skip117
\cftsubsubsecnumwidth=\skip118
\cftbeforeparaskip=\skip119
\cftparaindent=\skip120
\cftparanumwidth=\skip121
\cftbeforesubparaskip=\skip122
\cftsubparaindent=\skip123
\cftsubparanumwidth=\skip124
\cftbeforeloftitleskip=\skip125
\cftafterloftitleskip=\skip126
\cftbeforefigskip=\skip127
\cftfigindent=\skip128
\cftfignumwidth=\skip129
\c@lofdepth=\count385
\c@lotdepth=\count386
\cftbeforelottitleskip=\skip130
\cftafterlottitleskip=\skip131
\cftbeforetabskip=\skip132
\cfttabindent=\skip133
\cfttabnumwidth=\skip134
)
\@indexfile=\write4
\openout4 = `refman.idx'.


Writing index file refman.idx

(C:\Users\lipeh\AppData\Local\Programs\MiKTeX\tex/latex/newunicodechar\newunico
dechar.sty
Package: newunicodechar 2018/04/08 v1.2 Defining Unicode characters
)
(C:\Users\lipeh\AppData\Local\Programs\MiKTeX\tex/latex/hyperref\hyperref.sty
Package: hyperref 2025-07-12 v7.01o Hypertext links for LaTeX

(C:\Users\lipeh\AppData\Local\Programs\MiKTeX\tex/latex/kvsetkeys\kvsetkeys.sty
Package: kvsetkeys 2022-10-05 v1.19 Key value parser (HO)
)
(C:\Users\lipeh\AppData\Local\Programs\MiKTeX\tex/generic/kvdefinekeys\kvdefine
keys.sty
Package: kvdefinekeys 2019-12-19 v1.6 Define keys (HO)
)
(C:\Users\lipeh\AppData\Local\Programs\MiKTeX\tex/generic/pdfescape\pdfescape.s
ty
Package: pdfescape 2019/12/09 v1.15 Implements pdfTeX's escape features (HO)

(C:\Users\lipeh\AppData\Local\Programs\MiKTeX\tex/generic/ltxcmds\ltxcmds.sty
Package: ltxcmds 2023-12-04 v1.26 LaTeX kernel commands for general use (HO)
)
(C:\Users\lipeh\AppData\Local\Programs\MiKTeX\tex/generic/pdftexcmds\pdftexcmds
.sty
Package: pdftexcmds 2020-06-27 v0.33 Utility functions of pdfTeX for LuaTeX (HO
)
Package pdftexcmds Info: \pdf@primitive is available.
Package pdftexcmds Info: \pdf@ifprimitive is available.
Package pdftexcmds Info: \pdfdraftmode found.
))
(C:\Users\lipeh\AppData\Local\Programs\MiKTeX\tex/latex/hycolor\hycolor.sty
Package: hycolor 2020-01-27 v1.10 Color options for hyperref/bookmark (HO)
)
(C:\Users\lipeh\AppData\Local\Programs\MiKTeX\tex/latex/hyperref\nameref.sty
Package: nameref 2025-06-21 v2.57 Cross-referencing by name of section

(C:\Users\lipeh\AppData\Local\Programs\MiKTeX\tex/latex/refcount\refcount.sty
Package: refcount 2019/12/15 v3.6 Data extraction from label references (HO)
)
(C:\Users\lipeh\AppData\Local\Programs\MiKTeX\tex/generic/gettitlestring\gettit
lestring.sty
Package: gettitlestring 2019/12/15 v1.6 Cleanup title references (HO)

(C:\Users\lipeh\AppData\Local\Programs\MiKTeX\tex/latex/kvoptions\kvoptions.sty
Package: kvoptions 2022-06-15 v3.15 Key value format for package options (HO)
))
\c@section@level=\count387
)
(C:\Users\lipeh\AppData\Local\Programs\MiKTeX\tex/generic/stringenc\stringenc.s
ty
Package: stringenc 2019/11/29 v1.12 Convert strings between diff. encodings (HO
)
)
\@linkdim=\dimen312
\Hy@linkcounter=\count388
\Hy@pagecounter=\count389
 (C:\Users\lipeh\AppData\Local\Programs\MiKTeX\tex/latex/hyperref\pd1enc.def
File: pd1enc.def 2025-07-12 v7.01o Hyperref: PDFDocEncoding definition (HO)
Now handling font encoding PD1 ...
... no UTF-8 mapping file for font encoding PD1
)
\Hy@SavedSpaceFactor=\count390
 (C:\Users\lipeh\AppData\Local\Programs\MiKTeX\tex/latex/hyperref\puenc.def
File: puenc.def 2025-07-12 v7.01o Hyperref: PDF Unicode definition (HO)
Now handling font encoding PU ...
... no UTF-8 mapping file for font encoding PU
)
Package hyperref Info: Hyper figures OFF on input line 4195.
Package hyperref Info: Link nesting OFF on input line 4200.
Package hyperref Info: Hyper index ON on input line 4203.
Package hyperref Info: Plain pages OFF on input line 4210.
Package hyperref Info: Backreferencing ON on input line 4213.
Package hyperref Info: Implicit mode ON; LaTeX internals redefined.
Package hyperref Info: Bookmarks ON on input line 4462.

(C:\Users\lipeh\AppData\Local\Programs\MiKTeX\tex/latex/hyperref\backref.sty
Package: backref 2025-06-21 v1.45 Bibliographical back referencing

(C:\Users\lipeh\AppData\Local\Programs\MiKTeX\tex/latex/rerunfilecheck\rerunfil
echeck.sty
Package: rerunfilecheck 2025-06-21 v1.11 Rerun checks for auxiliary files (HO)

(C:\Users\lipeh\AppData\Local\Programs\MiKTeX\tex/generic/uniquecounter\uniquec
ounter.sty
Package: uniquecounter 2019/12/15 v1.4 Provide unlimited unique counter (HO)

(C:\Users\lipeh\AppData\Local\Programs\MiKTeX\tex/generic/bigintcalc\bigintcalc
.sty
Package: bigintcalc 2019/12/15 v1.5 Expandable calculations on big integers (HO
)
))
Package uniquecounter Info: New unique counter `rerunfilecheck' on input line 2
84.
))
\c@Hy@tempcnt=\count391
 (C:\Users\lipeh\AppData\Local\Programs\MiKTeX\tex/latex/url\url.sty
\Urlmuskip=\muskip17
Package: url 2013/09/16  ver 3.4  Verb mode for urls, etc.
)
LaTeX Info: Redefining \url on input line 4801.
\XeTeXLinkMargin=\dimen313

(C:\Users\lipeh\AppData\Local\Programs\MiKTeX\tex/generic/bitset\bitset.sty
Package: bitset 2019/12/09 v1.3 Handle bit-vector datatype (HO)
)
\Fld@menulength=\count392
\Field@Width=\dimen314
\Fld@charsize=\dimen315
Package hyperref Info: Hyper figures OFF on input line 6078.
Package hyperref Info: Link nesting OFF on input line 6083.
Package hyperref Info: Hyper index ON on input line 6086.
Package hyperref Info: backreferencing ON on input line 6091.
Package hyperref Info: Link coloring OFF on input line 6098.
Package hyperref Info: Link coloring with OCG OFF on input line 6103.
Package hyperref Info: PDF/A mode OFF on input line 6108.
\Hy@abspage=\count393
\c@Item=\count394
\c@Hfootnote=\count395
)
Package hyperref Info: Driver: hpdftex.

(C:\Users\lipeh\AppData\Local\Programs\MiKTeX\tex/latex/hyperref\hpdftex.def
File: hpdftex.def 2025-07-12 v7.01o Hyperref driver for pdfTeX
\Fld@listcount=\count396
\c@bookmark@seq@number=\count397
\Hy@SectionHShift=\skip135
)
Package hyperref Info: Option `colorlinks' set `true' on input line 179.
Package hyperref Info: Option `unicode' set `true' on input line 179.

(C:\Users\lipeh\AppData\Local\Programs\MiKTeX\tex/latex/caption\caption.sty
Package: caption 2023/08/05 v3.6o Customizing captions (AR)

(C:\Users\lipeh\AppData\Local\Programs\MiKTeX\tex/latex/caption\caption3.sty
Package: caption3 2023/07/31 v2.4d caption3 kernel (AR)
\caption@tempdima=\dimen316
\captionmargin=\dimen317
\caption@leftmargin=\dimen318
\caption@rightmargin=\dimen319
\caption@width=\dimen320
\caption@indent=\dimen321
\caption@parindent=\dimen322
\caption@hangindent=\dimen323
Package caption Info: Standard document class detected.
)
\c@caption@flags=\count398
\c@continuedfloat=\count399
Package caption Info: changepage package is loaded.
\caption@adjustwidth@hsize=\dimen324
\caption@adjustwidth@linewidth=\dimen325
Package caption Info: float package is loaded.
Package caption Info: hyperref package is loaded.
Package caption Info: longtable package is loaded.

(C:\Users\lipeh\AppData\Local\Programs\MiKTeX\tex/latex/caption\ltcaption.sty
Package: ltcaption 2021/01/08 v1.4c longtable captions (AR)
)) (C:\Users\lipeh\AppData\Local\Programs\MiKTeX\tex/latex/etoc\etoc.sty
Package: etoc 2023/10/29 v1.2d Completely customisable TOCs (JFB)
\Etoc@toctoks=\toks35
\c@etoc@tocid=\count400
\etoc@framed@titlebox=\box151
\etoc@framed@contentsbox=\box152
)
LaTeX Font Info:    Trying to load font information for T1+phv on input line 20
1.

(C:\Users\lipeh\AppData\Local\Programs\MiKTeX\tex/latex/psnfss\t1phv.fd
File: t1phv.fd 2020/03/25 scalable font definitions for T1/phv.
)
LaTeX Font Info:    Font shape `T1/phv/m/n' will be
(Font)              scaled to size 8.99994pt on input line 201.

(refman.aux)
\openout1 = `refman.aux'.

LaTeX Font Info:    Checking defaults for OML/cmm/m/it on input line 201.
LaTeX Font Info:    ... okay on input line 201.
LaTeX Font Info:    Checking defaults for OMS/cmsy/m/n on input line 201.
LaTeX Font Info:    ... okay on input line 201.
LaTeX Font Info:    Checking defaults for OT1/cmr/m/n on input line 201.
LaTeX Font Info:    ... okay on input line 201.
LaTeX Font Info:    Checking defaults for T1/cmr/m/n on input line 201.
LaTeX Font Info:    ... okay on input line 201.
LaTeX Font Info:    Checking defaults for TS1/cmr/m/n on input line 201.
LaTeX Font Info:    ... okay on input line 201.
LaTeX Font Info:    Checking defaults for OMX/cmex/m/n on input line 201.
LaTeX Font Info:    ... okay on input line 201.
LaTeX Font Info:    Checking defaults for U/cmr/m/n on input line 201.
LaTeX Font Info:    ... okay on input line 201.
LaTeX Font Info:    Checking defaults for PD1/pdf/m/n on input line 201.
LaTeX Font Info:    ... okay on input line 201.
LaTeX Font Info:    Checking defaults for PU/pdf/m/n on input line 201.
LaTeX Font Info:    ... okay on input line 201.

(C:\Users\lipeh\AppData\Local\Programs\MiKTeX\tex/context/base/mkii\supp-pdf.mk
ii
[Loading MPS to PDF converter (version 2006.09.02).]
\scratchcounter=\count401
\scratchdimen=\dimen326
\scratchbox=\box153
\nofMPsegments=\count402
\nofMParguments=\count403
\everyMPshowfont=\toks36
\MPscratchCnt=\count404
\MPscratchDim=\dimen327
\MPnumerator=\count405
\makeMPintoPDFobject=\count406
\everyMPtoPDFconversion=\toks37
)
(C:\Users\lipeh\AppData\Local\Programs\MiKTeX\tex/latex/epstopdf-pkg\epstopdf-b
ase.sty
Package: epstopdf-base 2020-01-24 v2.11 Base part for package epstopdf
Package epstopdf-base Info: Redefining graphics rule for `.eps' on input line 4
85.

(C:\Users\lipeh\AppData\Local\Programs\MiKTeX\tex/latex/00miktex\epstopdf-sys.c
fg
File: epstopdf-sys.cfg 2021/03/18 v2.0 Configuration of epstopdf for MiKTeX
))
*geometry* driver: auto-detecting
*geometry* detected driver: pdftex
*geometry* verbose mode - [ preamble ] result:
* driver: pdftex
* paper: a4paper
* layout: <same size as paper>
* layoutoffset:(h,v)=(0.0pt,0.0pt)
* modes: twoside 
* h-part:(L,W,R)=(71.13188pt, 455.24411pt, 71.13188pt)
* v-part:(T,H,B)=(71.13188pt, 702.78308pt, 71.13188pt)
* \paperwidth=597.50787pt
* \paperheight=845.04684pt
* \textwidth=455.24411pt
* \textheight=702.78308pt
* \oddsidemargin=-1.1381pt
* \evensidemargin=-1.1381pt
* \topmargin=-31.2056pt
* \headheight=12.0pt
* \headsep=18.06749pt
* \topskip=10.0pt
* \footskip=25.29494pt
* \marginparwidth=125.0pt
* \marginparsep=7.0pt
* \columnsep=10.0pt
* \skip\footins=9.0pt plus 4.0pt minus 2.0pt
* \hoffset=0.0pt
* \voffset=0.0pt
* \mag=1000
* \@twocolumnfalse
* \@twosidetrue
* \@mparswitchtrue
* \@reversemarginfalse
* (1in=72.27pt=25.4mm, 1cm=28.453pt)

Package backref Info: ** backref set up for natbib ** on input line 201.
Package hyperref Info: Link coloring ON on input line 201.
(refman.out) (refman.out)
\@outlinefile=\write5
\openout5 = `refman.out'.

Package caption Info: Begin \AtBeginDocument code.
Package caption Info: End \AtBeginDocument code.
\Etoc@tf=\read4
Package hyperref Info: Option `pageanchor' set `false' on input line 209.
Package hyperref Info: Option `bookmarksnumbered' set `true' on input line 209.

Package hyperref Info: Option `unicode' set `true' on input line 209.
LaTeX Font Info:    Font shape `T1/phv/m/n' will be
(Font)              scaled to size 12.9599pt on input line 214.
LaTeX Font Info:    Font shape `T1/phv/m/n' will be
(Font)              scaled to size 6.29996pt on input line 214.
LaTeX Font Info:    Trying to load font information for U+msa on input line 214
.

(C:\Users\lipeh\AppData\Local\Programs\MiKTeX\tex/latex/amsfonts\umsa.fd
File: umsa.fd 2013/01/14 v3.01 AMS symbols A
)
LaTeX Font Info:    Trying to load font information for U+msb on input line 214
.

(C:\Users\lipeh\AppData\Local\Programs\MiKTeX\tex/latex/amsfonts\umsb.fd
File: umsb.fd 2013/01/14 v3.01 AMS symbols B
)
LaTeX Font Info:    Trying to load font information for U+wasy on input line 21
4.

(C:\Users\lipeh\AppData\Local\Programs\MiKTeX\tex/latex/wasysym\uwasy.fd
File: uwasy.fd 2020/01/19 v2.4 Wasy-2 symbol font definitions
)
LaTeX Font Info:    Font shape `T1/phv/m/n' will be
(Font)              scaled to size 10.79993pt on input line 215.

[1


{C:/Users/lipeh/AppData/Local/MiKTeX/fonts/map/pdftex/pdftex.map}{C:/Users/lipe
h/AppData/Local/Programs/MiKTeX/fonts/enc/dvips/base/8r.enc}] [2

]
\tf@toc=\write6
\openout6 = `refman.toc'.

LaTeX Font Info:    Font shape `T1/phv/b/n' will be
(Font)              scaled to size 8.99994pt on input line 223.
LaTeX Font Info:    Font shape `T1/phv/b/n' will be
(Font)              scaled to size 6.29996pt on input line 223.
LaTeX Font Info:    Font shape `T1/phv/m/n' will be
(Font)              scaled to size 7.19995pt on input line 223.
LaTeX Font Info:    Trying to load font information for T1+pcr on input line 22
3.

(C:\Users\lipeh\AppData\Local\Programs\MiKTeX\tex/latex/psnfss\t1pcr.fd
File: t1pcr.fd 2001/06/04 font definitions for T1/pcr.
)
[1] [2] [3] [4] [5] [6] [7] [8] [9] [10] [11] [12]
Underfull \hbox (badness 1303) in paragraph at lines 223--223
 [][] [][]\T1/phv/m/n/10 11.49 doctest::[]detail::[]is[]_[]pair$\OML/cmm/m/it/1
0 <$ \T1/phv/m/n/10 T, types::[]void[]_[]t$\OML/cmm/m/it/10 <$ \T1/phv/m/n/10 t
ype-name T::[]first[]_[]type, type-name T::[]second[]_[]type, 
 []

[13] [14] [15] [16] [17] [18] [19] [20] [21] [22] [23] [24] [25] [26]
Overfull \hbox (24.11493pt too wide) in paragraph at lines 223--223
 [][] [][]\T1/phv/m/n/10 12.64.1.150 DOCTEST_MAKE_STD_HEADERS_CLEAN_FROM_WARNIN
GS_ON_WALL_BEGIN[][] []  
 []


Overfull \hbox (15.10622pt too wide) in paragraph at lines 223--223
 [][] [][]\T1/phv/m/n/10 12.64.1.151 DOCTEST_MAKE_STD_HEADERS_CLEAN_FROM_WARNIN
GS_ON_WALL_END[][] []  
 []

[27] [28] [29] [30] [31] [32] [33] [34] [35] [36] [37] [38

]
Package hyperref Info: Option `pageanchor' set `true' on input line 226.
 (index.tex
Chapter 1.
LaTeX Font Info:    Font shape `T1/phv/m/n' will be
(Font)              scaled to size 18.66588pt on input line 1.
LaTeX Font Info:    Font shape `T1/phv/b/n' will be
(Font)              scaled to size 18.66588pt on input line 1.
LaTeX Font Info:    Font shape `T1/phv/b/n' will be
(Font)              scaled to size 22.39185pt on input line 1.
LaTeX Font Info:    Font shape `T1/phv/b/n' will be
(Font)              scaled to size 12.9599pt on input line 7.

Package textcomp Warning: Symbol \textrightarrow not provided by
(textcomp)                font family phv in TS1 encoding.
(textcomp)                Default family used instead on input line 8.


Package textcomp Warning: Symbol \textrightarrow not provided by
(textcomp)                font family phv in TS1 encoding.
(textcomp)                Default family used instead on input line 8.


Package textcomp Warning: Symbol \textrightarrow not provided by
(textcomp)                font family phv in TS1 encoding.
(textcomp)                Default family used instead on input line 8.


Package textcomp Warning: Symbol \textrightarrow not provided by
(textcomp)                font family phv in TS1 encoding.
(textcomp)                Default family used instead on input line 8.

LaTeX Font Info:    Trying to load font information for TS1+phv on input line 1
1.
(C:\Users\lipeh\AppData\Local\Programs\MiKTeX\tex/latex/psnfss\ts1phv.fd
File: ts1phv.fd 2020/03/25 scalable font definitions for TS1/phv.
)
LaTeX Font Info:    Font shape `TS1/phv/m/n' will be
(Font)              scaled to size 8.99994pt on input line 11.


Package textcomp Warning: Symbol \textrightarrow not provided by
(textcomp)                font family phv in TS1 encoding.
(textcomp)                Default family used instead on input line 11.


LaTeX Font Warning: Font shape `T1/cmss/b/n' undefined
(Font)              using `T1/cmss/m/n' instead on input line 11.


LaTeX Font Warning: Font shape `TS1/cmss/b/n' undefined
(Font)              using `TS1/cmss/m/n' instead
(Font)              for symbol `textrightarrow' on input line 11.


Package textcomp Warning: Symbol \textrightarrow not provided by
(textcomp)                font family phv in TS1 encoding.
(textcomp)                Default family used instead on input line 11.


Package textcomp Warning: Symbol \textrightarrow not provided by
(textcomp)                font family phv in TS1 encoding.
(textcomp)                Default family used instead on input line 11.

[1

] [2]
LaTeX Font Info:    Font shape `T1/phv/b/n' will be
(Font)              scaled to size 10.79993pt on input line 115.
 [3]
LaTeX Font Info:    Font shape `TS1/phv/b/n' will be
(Font)              scaled to size 8.99994pt on input line 181.
) (md_design_2notas-_c6.tex [4]
Chapter 2.
) (md_design_2notas-_c7.tex [5

] [6

]
Chapter 3.
) [7] [8

]
Chapter 4.
(dirs.tex [9]) [10]
Chapter 5.
(namespaces.tex) [11

] [12

]
Chapter 6.
(hierarchy.tex
Underfull \hbox (badness 5231) in paragraph at lines 31--31
 [][] \T1/phv/m/n/10 doctest::[]detail::[]has[]_[]insertion[]_[]operator$\OML/c
mm/m/it/10 <$ \T1/phv/m/n/10 T, decltype(operator$\OML/cmm/m/it/10 <$$<$\T1/phv
/m/n/10 (declval$\OML/cmm/m/it/10 <$ \T1/phv/m/n/10 std::[]ostream & $\OML/cmm/
m/it/10 >$\T1/phv/m/n/10 (), 
 []


Underfull \hbox (badness 3895) in paragraph at lines 32--32
 [][] \T1/phv/m/n/10 doctest::[]detail::[]is[]_[]container$\OML/cmm/m/it/10 <$ 
\T1/phv/m/n/10 T, types::[]void[]_[]t$\OML/cmm/m/it/10 <$ \T1/phv/m/n/10 type-n
ame T::[]value[]_[]type, type-name T::[]iterator, 
 []


Underfull \hbox (badness 6236) in paragraph at lines 33--33
 [][] \T1/phv/m/n/10 doctest::[]detail::[]is[]_[]pair$\OML/cmm/m/it/10 <$ \T1/p
hv/m/n/10 T, types::[]void[]_[]t$\OML/cmm/m/it/10 <$ \T1/phv/m/n/10 type-name T
::[]first[]_[]type, type-name T::[]second[]_[]type, 
 []


Underfull \hbox (badness 879) in paragraph at lines 34--34
 [][] \T1/phv/m/n/10 doctest::[]detail::[]is[]_[]std[]_[]string$\OML/cmm/m/it/1
0 <$ \T1/phv/m/n/10 T, type-name types::[]enable[]_[]if$\OML/cmm/m/it/10 <$ \T1
/phv/m/n/10 types::[]is[]_[]same$\OML/cmm/m/it/10 <$ \T1/phv/m/n/10 decltype(de
clval$\OML/cmm/m/it/10 <$ 
 []

[13]
Underfull \hbox (badness 1796) in paragraph at lines 103--103
 [][] \T1/phv/m/n/10 doctest::[]detail::[][]String[]Maker[]Base$\OML/cmm/m/it/1
0 <$ \T1/phv/m/n/10 detail::[]has[]_[]insertion[]_[]operator$\OML/cmm/m/it/10 <
$ \T1/phv/m/n/10 T $\OML/cmm/m/it/10 >$\T1/phv/m/n/10 value$\OMS/cmsy/m/n/10 j$
$j$\T1/phv/m/n/10 detailtypes::[]is[]_[]pointer$\OML/cmm/m/it/10 <$ 
 []


Underfull \hbox (badness 832) in paragraph at lines 103--103
 \T1/phv/m/n/10 T $\OML/cmm/m/it/10 >$\T1/phv/m/n/10 value$\OMS/cmsy/m/n/10 j$$
j$\T1/phv/m/n/10 detailtypes::[]is[]_[]array$\OML/cmm/m/it/10 <$ \T1/phv/m/n/10
 T $\OML/cmm/m/it/10 >$\T1/phv/m/n/10 value$\OMS/cmsy/m/n/10 j$$j$\T1/phv/m/n/1
0 detailis[]_[]pair$\OML/cmm/m/it/10 <$ \T1/phv/m/n/10 T $\OML/cmm/m/it/10 >$\T
1/phv/m/n/10 value$\OMS/cmsy/m/n/10 j$$j$\T1/phv/m/n/10 detailis[]_[]container$
\OML/cmm/m/it/10 <$ \T1/phv/m/n/10 T 
 []

[14]
Underfull \hbox (badness 5231) in paragraph at lines 120--120
 [][] \T1/phv/m/n/10 doctest::[]detail::[]has[]_[]insertion[]_[]operator$\OML/c
mm/m/it/10 <$ \T1/phv/m/n/10 T, decltype(operator$\OML/cmm/m/it/10 <$$<$\T1/phv
/m/n/10 (declval$\OML/cmm/m/it/10 <$ \T1/phv/m/n/10 std::[]ostream & $\OML/cmm/
m/it/10 >$\T1/phv/m/n/10 (), 
 []


Underfull \hbox (badness 3895) in paragraph at lines 121--121
 [][] \T1/phv/m/n/10 doctest::[]detail::[]is[]_[]container$\OML/cmm/m/it/10 <$ 
\T1/phv/m/n/10 T, types::[]void[]_[]t$\OML/cmm/m/it/10 <$ \T1/phv/m/n/10 type-n
ame T::[]value[]_[]type, type-name T::[]iterator, 
 []


Underfull \hbox (badness 6236) in paragraph at lines 122--122
 [][] \T1/phv/m/n/10 doctest::[]detail::[]is[]_[]pair$\OML/cmm/m/it/10 <$ \T1/p
hv/m/n/10 T, types::[]void[]_[]t$\OML/cmm/m/it/10 <$ \T1/phv/m/n/10 type-name T
::[]first[]_[]type, type-name T::[]second[]_[]type, 
 []


Underfull \hbox (badness 879) in paragraph at lines 123--123
 [][] \T1/phv/m/n/10 doctest::[]detail::[]is[]_[]std[]_[]string$\OML/cmm/m/it/1
0 <$ \T1/phv/m/n/10 T, type-name types::[]enable[]_[]if$\OML/cmm/m/it/10 <$ \T1
/phv/m/n/10 types::[]is[]_[]same$\OML/cmm/m/it/10 <$ \T1/phv/m/n/10 decltype(de
clval$\OML/cmm/m/it/10 <$ 
 []

) [15] [16

]
Chapter 7.
(annotated.tex [17]
Underfull \hbox (badness 10000) in paragraph at lines 48--48
 [][] [][]\T1/phv/m/n/10 doctest::[]detail::[]is[]_[]container$\OML/cmm/m/it/10
 <$ \T1/phv/m/n/10 T, types::[]void[]_[]t$\OML/cmm/m/it/10 <$ \T1/phv/m/n/10 ty
pe-name T::[]value[]_[]type, type-name T::[]iterator, 
 []


Overfull \hbox (19.3693pt too wide) in paragraph at lines 51--51
 [][] [][]\T1/phv/m/n/10 doctest::[]detail::[]is[]_[]pair$\OML/cmm/m/it/10 <$ \
T1/phv/m/n/10 T, types::[]void[]_[]t$\OML/cmm/m/it/10 <$ \T1/phv/m/n/10 type-na
me T::[]first[]_[]type, type-name T::[]second[]_[]type, decltype(declval$\OML/c
mm/m/it/10 <$ 
 []

[18]) [19] [20

]
Chapter 8.
(files.tex [21]) [22]
Chapter 9.
(dir_b5fc5e4fa8941d6cb10d307181dbdd84.tex)
(dir_d44c64559bbebec7f509842c48db8b23.tex)
(dir_68267d1309a1af8e8297ef4c3efbcdba.tex)
(dir_59425e443f801f1f2fd8bbe4959a3ccf.tex [23

]) [24]
Chapter 10.
(namespacedoctest.tex [25

] [26]
LaTeX Font Info:    Font shape `T1/pcr/m/it' in size <8> not available
(Font)              Font shape `T1/pcr/m/sl' tried instead on input line 198.
LaTeX Font Info:    Font shape `T1/phv/b/n' will be
(Font)              scaled to size 7.19995pt on input line 202.
 [27] [28] [29]
LaTeX Font Info:    Font shape `T1/pcr/m/it' in size <7> not available
(Font)              Font shape `T1/pcr/m/sl' tried instead on input line 337.
 [30]
Overfull \hbox (30.1898pt too wide) in paragraph at lines 411--413
\T1/pcr/m/n/8 template$\OML/cmm/m/it/8 <$\T1/pcr/m/n/8 typename T, typename []$
\OML/cmm/m/it/8 <$\T1/pcr/m/n/8 ![]$\OML/cmm/m/it/8 <$
 []

[31] [32] [33]) (namespacedoctest_1_1assert_type.tex
Overfull \hbox (30.06743pt too wide) in paragraph at lines 6--84
[] \T1/phv/m/n/10 = is[]_[]throws[]_[]with $\OMS/cmsy/m/n/10 j$ \T1/phv/m/n/10 
is[]_[]throws[]_[]as $\OMS/cmsy/m/n/10 j$ \T1/phv/m/n/10 is[]_[]check , []
 []


Underfull \hbox (badness 2772) in paragraph at lines 6--84
\T1/phv/m/n/10 = is[]_[]throws[]_[]with $\OMS/cmsy/m/n/10 j$ \T1/phv/m/n/10 is[
]_[]throws[]_[]as $\OMS/cmsy/m/n/10 j$ \T1/phv/m/n/10 is[]_[]require , [] = is[
]_[]nothrow $\OMS/cmsy/m/n/10 j$ \T1/phv/m/n/10 is[]_[]warn ,
 []


Underfull \hbox (badness 1127) in paragraph at lines 6--84
[] \T1/phv/m/n/10 = is[]_[]normal $\OMS/cmsy/m/n/10 j$ \T1/phv/m/n/10 is[]_[]ne
 $\OMS/cmsy/m/n/10 j$ \T1/phv/m/n/10 is[]_[]warn , [] = is[]_[]normal $\OMS/cms
y/m/n/10 j$ \T1/phv/m/n/10 is[]_[]ne $\OMS/cmsy/m/n/10 j$ \T1/phv/m/n/10 is[]_[
]check ,
 []


Underfull \hbox (badness 772) in paragraph at lines 6--84
[] \T1/phv/m/n/10 = is[]_[]normal $\OMS/cmsy/m/n/10 j$ \T1/phv/m/n/10 is[]_[]lt
 $\OMS/cmsy/m/n/10 j$ \T1/phv/m/n/10 is[]_[]require , [] = is[]_[]normal $\OMS/
cmsy/m/n/10 j$ \T1/phv/m/n/10 is[]_[]ge $\OMS/cmsy/m/n/10 j$ \T1/phv/m/n/10 is[
]_[]warn ,
 []


Underfull \hbox (badness 1831) in paragraph at lines 6--84
[] \T1/phv/m/n/10 = is[]_[]normal $\OMS/cmsy/m/n/10 j$ \T1/phv/m/n/10 is[]_[]le
 $\OMS/cmsy/m/n/10 j$ \T1/phv/m/n/10 is[]_[]warn , [] = is[]_[]normal $\OMS/cms
y/m/n/10 j$ \T1/phv/m/n/10 is[]_[]le $\OMS/cmsy/m/n/10 j$ \T1/phv/m/n/10 is[]_[
]check ,
 []


Underfull \hbox (badness 845) in paragraph at lines 6--84
[] \T1/phv/m/n/10 = is[]_[]normal $\OMS/cmsy/m/n/10 j$ \T1/phv/m/n/10 is[]_[]un
ary $\OMS/cmsy/m/n/10 j$ \T1/phv/m/n/10 is[]_[]check , [] = is[]_[]normal $\OMS
/cmsy/m/n/10 j$ \T1/phv/m/n/10 is[]
 []


Underfull \hbox (badness 2970) in paragraph at lines 6--84
\T1/phv/m/n/10 _[]unary $\OMS/cmsy/m/n/10 j$ \T1/phv/m/n/10 is[]_[]require , []
 = is[]_[]normal $\OMS/cmsy/m/n/10 j$ \T1/phv/m/n/10 is[]_[]false $\OMS/cmsy/m/
n/10 j$ \T1/phv/m/n/10 is[]_[]unary $\OMS/cmsy/m/n/10 j$ \T1/phv/m/n/10 is[]_[]
warn ,
 []

[34] [35]) (namespacedoctest_1_1_color.tex [36])
(namespacedoctest_1_1detail.tex [37]
Underfull \hbox (badness 7722) in paragraph at lines 51--53
[]\T1/phv/m/n/10 struct [][]filldata$\OML/cmm/m/it/10 <$ \T1/phv/m/n/10 T, type
-name detail::[]types::[]enable[]_[]if$\OML/cmm/m/it/10 <$ \T1/phv/m/n/10 !deta
il::[]has[]_[]insertion[]_[]operator$\OML/cmm/m/it/10 <$ \T1/phv/m/n/10 T $\OML
/cmm/m/it/10 >$\T1/phv/m/n/10 ::[]value
 []

[38]
Underfull \hbox (badness 2126) in paragraph at lines 97--99
[] \T1/phv/m/n/10 T && [] (type-name []$\OML/cmm/m/it/10 <$ \T1/phv/m/n/10 T $\
OML/cmm/m/it/10 >$\T1/phv/m/n/10 ::[]type &t)
 []


Underfull \hbox (badness 1168) in paragraph at lines 99--101
[] \T1/phv/m/n/10 T && [] (type-name []$\OML/cmm/m/it/10 <$ \T1/phv/m/n/10 T $\
OML/cmm/m/it/10 >$\T1/phv/m/n/10 ::[]type &&t)
 []


Overfull \hbox (21.82623pt too wide) in paragraph at lines 111--113
[] [] \T1/phv/m/n/10 (const [](L) lhs, const char $\OMS/cmsy/m/n/10 ^^C$\T1/phv
/m/n/10 op, const [](R)
 []

[39] [40] [41] [42] [43])
(namespacedoctest_1_1detail_1_1binary_assert_comparison.tex [44])
(namespacedoctest_1_1detail_1_1types.tex)
(namespacedoctest_1_1_test_case_failure_reason.tex [45])
(namespacedoctest__detail__test__suite__ns.tex
Underfull \hbox (badness 10000) in paragraph at lines 17--18
[] [] \T1/pcr/m/n/8 & doctest[]_[]detail[]_[]test[]_[]suite[]_[]ns::[]get[]Curr
ent[]Test[]
 []

[46]) (namespacestd.tex [47]) [48]
Chapter 11.
(class_acesso_negado.tex <./class_acesso_negado.pdf>
<class_acesso_negado.pdf, id=10590, 501.875pt x 506.89375pt>
File: class_acesso_negado.pdf Graphic file (type pdf)
<use class_acesso_negado.pdf>
Package pdftex.def Info: class_acesso_negado.pdf  used on input line 15.
(pdftex.def)             Requested size: 84.50586pt x 85.35826pt.
) (class_alarme.tex
LaTeX Font Info:    Font shape `T1/phv/m/n' will be
(Font)              scaled to size 8.09995pt on input line 16.
LaTeX Font Info:    Font shape `T1/phv/m/it' in size <9> not available
(Font)              Font shape `T1/phv/m/sl' tried instead on input line 16.
LaTeX Font Info:    Font shape `T1/phv/m/sl' will be
(Font)              scaled to size 8.09995pt on input line 16.

[49

]
LaTeX Font Info:    Font shape `T1/phv/m/it' in size <10> not available
(Font)              Font shape `T1/phv/m/sl' tried instead on input line 57.
LaTeX Font Info:    Font shape `T1/phv/m/sl' will be
(Font)              scaled to size 8.99994pt on input line 57.
LaTeX Font Info:    Font shape `T1/phv/bc/n' will be
(Font)              scaled to size 8.99994pt on input line 58.

Underfull \hbox (badness 10000) detected at line 58
[][][]
 []


Underfull \hbox (badness 10000) detected at line 80
[][][]
 []

[50]
Underfull \hbox (badness 10000) detected at line 83
[][][]
 []


Underfull \hbox (badness 10000) detected at line 96
[][][]
 []

[51]) (structdoctest_1_1_approx.tex [52] [53] [54])
(structdoctest_1_1_assert_data.tex <./structdoctest_1_1_assert_data.pdf>
<structdoctest_1_1_assert_data.pdf, id=10895, 501.875pt x 228.855pt>
File: structdoctest_1_1_assert_data.pdf Graphic file (type pdf)
<use structdoctest_1_1_assert_data.pdf>
Package pdftex.def Info: structdoctest_1_1_assert_data.pdf  used on input line 
10.
(pdftex.def)             Requested size: 124.78687pt x 56.9055pt.

[55] [56]
Underfull \hbox (badness 10000) in paragraph at lines 107--108
\T1/pcr/m/n/8 class [] [] doctest::[][]Assert[]Data::[]m[]_[]exception[]
 []

[57]) (class_atuador.tex <./class_atuador.pdf>
<class_atuador.pdf, id=11056, 501.875pt x 441.65pt>
File: class_atuador.pdf Graphic file (type pdf)
<use class_atuador.pdf>
Package pdftex.def Info: class_atuador.pdf  used on input line 10.
(pdftex.def)             Requested size: 64.66403pt x 56.9055pt.
LaTeX Font Info:    Font shape `T1/phv/m/it' in size <7> not available
(Font)              Font shape `T1/phv/m/sl' tried instead on input line 28.
LaTeX Font Info:    Font shape `T1/phv/m/sl' will be
(Font)              scaled to size 6.29996pt on input line 28.
 [58] [59]
Underfull \hbox (badness 10000) detected at line 108
[][][]
 []

) (classstd_1_1basic__istream.tex) (classstd_1_1basic__ostream.tex)
(structstd_1_1char__traits.tex [60]) (class_conjunto.tex [61]
Underfull \hbox (badness 10000) detected at line 108
[][][]
 []

[62]
Underfull \hbox (badness 10000) detected at line 137
[][][]
 []


Underfull \hbox (badness 10000) detected at line 159
[][][]
 []


Underfull \hbox (badness 10000) detected at line 176
[][][]
 []


Underfull \hbox (badness 10000) detected at line 193
[][][]
 []

[63]
Underfull \hbox (badness 10000) detected at line 196
[][][]
 []


Underfull \hbox (badness 10000) detected at line 227
[][][]
 []


Underfull \hbox (badness 10000) detected at line 244
[][][]
 []


Underfull \hbox (badness 10000) detected at line 257
[][][]
 []

[64]
Underfull \hbox (badness 10000) detected at line 270
[][][]
 []


Underfull \hbox (badness 10000) detected at line 283
[][][]
 []


Underfull \hbox (badness 10000) detected at line 296
[][][]
 []


Underfull \hbox (badness 10000) detected at line 309
[][][]
 []


Underfull \hbox (badness 10000) detected at line 322
[][][]
 []

[65]
Underfull \hbox (badness 10000) detected at line 335
[][][]
 []


Underfull \hbox (badness 10000) detected at line 357
[][][]
 []

[66]) (classdoctest_1_1_contains.tex [67]) (classdoctest_1_1_context.tex
[68] [69]) (structdoctest_1_1_context_options.tex [70] [71] [72] [73] [74]
[75]) (classdoctest_1_1detail_1_1_context_scope.tex <./classdoctest_1_1detail_1
_1_context_scope.pdf>
<classdoctest_1_1detail_1_1_context_scope.pdf, id=11939, 501.875pt x 286.06876p
t>
File: classdoctest_1_1detail_1_1_context_scope.pdf Graphic file (type pdf)
<use classdoctest_1_1detail_1_1_context_scope.pdf>
Package pdftex.def Info: classdoctest_1_1detail_1_1_context_scope.pdf  used on 
input line 10.
(pdftex.def)             Requested size: 149.7519pt x 85.35826pt.
 [76] [77] [78])
(structdoctest_1_1detail_1_1_context_scope_base.tex <./structdoctest_1_1detail_
1_1_context_scope_base.pdf>
<structdoctest_1_1detail_1_1_context_scope_base.pdf, id=12102, 501.875pt x 286.
06876pt>
File: structdoctest_1_1detail_1_1_context_scope_base.pdf Graphic file (type pdf
)
<use structdoctest_1_1detail_1_1_context_scope_base.pdf>
Package pdftex.def Info: structdoctest_1_1detail_1_1_context_scope_base.pdf  us
ed on input line 10.
(pdftex.def)             Requested size: 149.7519pt x 85.35826pt.
 [79] [80])
(structdoctest_1_1_current_test_case_stats.tex [81])
(structdoctest_1_1detail_1_1deferred__false.tex <./structdoctest_1_1detail_1_1d
eferred__false.pdf>
<structdoctest_1_1detail_1_1deferred__false.pdf, id=12226, 501.875pt x 186.6975
pt>
File: structdoctest_1_1detail_1_1deferred__false.pdf Graphic file (type pdf)
<use structdoctest_1_1detail_1_1deferred__false.pdf>
Package pdftex.def Info: structdoctest_1_1detail_1_1deferred__false.pdf  used o
n input line 10.
(pdftex.def)             Requested size: 152.96826pt x 56.9055pt.
) (class_dependencia.tex [82] [83])
(structdoctest_1_1detail_1_1types_1_1enable__if.tex)
(structdoctest_1_1detail_1_1types_1_1enable__if_3_01true_00_01_t_01_4.tex
[84]) (class_entrada_invalida.tex <./class_entrada_invalida.pdf>
<class_entrada_invalida.pdf, id=12354, 501.875pt x 506.89375pt>
File: class_entrada_invalida.pdf Graphic file (type pdf)
<use class_entrada_invalida.pdf>
Package pdftex.def Info: class_entrada_invalida.pdf  used on input line 15.
(pdftex.def)             Requested size: 84.50586pt x 85.35826pt.
)
(class_equipamento.tex <./class_equipamento.pdf>
<class_equipamento.pdf, id=12368, 501.875pt x 110.4125pt>
File: class_equipamento.pdf Graphic file (type pdf)
<use class_equipamento.pdf>
Package pdftex.def Info: class_equipamento.pdf  used on input line 15.
(pdftex.def)             Requested size: 258.66379pt x 56.9055pt.
 [85] [86]
Underfull \hbox (badness 10000) detected at line 123
[][][]
 []

[87]
Underfull \hbox (badness 10000) detected at line 151
[][][]
 []


Underfull \hbox (badness 10000) detected at line 168
[][][]
 []

[88]
Underfull \hbox (badness 10000) detected at line 194
[][][]
 []


Underfull \hbox (badness 10000) detected at line 211
[][][]
 []


Underfull \hbox (badness 10000) detected at line 228
[][][]
 []


Underfull \hbox (badness 10000) detected at line 231
[][][]
 []


Underfull \hbox (badness 10000) detected at line 248
[][][]
 []


Underfull \hbox (badness 10000) detected at line 265
[][][]
 []

[89]
Underfull \hbox (badness 10000) detected at line 278
[][][]
 []


Underfull \hbox (badness 10000) detected at line 291
[][][]
 []


Underfull \hbox (badness 10000) detected at line 304
[][][]
 []


Underfull \hbox (badness 10000) detected at line 317
[][][]
 []


Underfull \hbox (badness 10000) detected at line 330
[][][]
 []

[90]
Underfull \hbox (badness 10000) detected at line 343
[][][]
 []


Underfull \hbox (badness 10000) detected at line 356
[][][]
 []


Underfull \hbox (badness 10000) detected at line 369
[][][]
 []

[91]
Underfull \hbox (badness 10000) detected at line 424
[][][]
 []

) (class_excecao_sistema.tex <./class_excecao_sistema.pdf>
<class_excecao_sistema.pdf, id=12592, 501.875pt x 73.27374pt>
File: class_excecao_sistema.pdf Graphic file (type pdf)
<use class_excecao_sistema.pdf>
Package pdftex.def Info: class_excecao_sistema.pdf  used on input line 15.
(pdftex.def)             Requested size: 393.03847pt x 57.38351pt.
 [92])
(classdoctest_1_1detail_1_1_exception_translator.tex <./classdoctest_1_1detail_
1_1_exception_translator.pdf>
<classdoctest_1_1detail_1_1_exception_translator.pdf, id=12618, 501.875pt x 164
.615pt>
File: classdoctest_1_1detail_1_1_exception_translator.pdf Graphic file (type pd
f)
<use classdoctest_1_1detail_1_1_exception_translator.pdf>
Package pdftex.def Info: classdoctest_1_1detail_1_1_exception_translator.pdf  u
sed on input line 10.
(pdftex.def)             Requested size: 173.49167pt x 56.9055pt.
 [93])
(structdoctest_1_1detail_1_1_expression__lhs.tex [94])
(structdoctest_1_1detail_1_1_expression_decomposer.tex [95]
Underfull \hbox (badness 10000) in paragraph at lines 59--61
\T1/pcr/m/n/8 template$\OML/cmm/m/it/8 <$\T1/pcr/m/n/8 typename L, typename []$
\OML/cmm/m/it/8 <$\T1/pcr/m/n/8 ![]$\OML/cmm/m/it/8 <$
 []

[96]) (structdoctest_1_1detail_1_1types_1_1false__type.tex <./structdoctest_1_1
detail_1_1types_1_1false__type.pdf>
<structdoctest_1_1detail_1_1types_1_1false__type.pdf, id=12823, 501.875pt x 140
.525pt>
File: structdoctest_1_1detail_1_1types_1_1false__type.pdf Graphic file (type pd
f)
<use structdoctest_1_1detail_1_1types_1_1false__type.pdf>
Package pdftex.def Info: structdoctest_1_1detail_1_1types_1_1false__type.pdf  u
sed on input line 10.
(pdftex.def)             Requested size: 397.93958pt x 111.42317pt.
) (structdoctest_1_1detail_1_1filldata.tex
[97]) (structdoctest_1_1detail_1_1filldata_3_01const_01char_0f_n_0e_4.tex
[98]) (structdoctest_1_1detail_1_1filldata_3_01const_01void_01_5_01_4.tex)
(structdoctest_1_1detail_1_1filldata_3_01const_01volatile_01void_01_5_01_4.tex
[99]) (structdoctest_1_1detail_1_1filldata_3_01_t_01_5_01_4.tex)
(structdoctest_1_1detail_1_1filldata_3_01_t_00_01typename_01detail_1_1types_1_1
enable__if_3_01_9d9dcd4a078e0a95b0118a6aa265dbba06.tex [100]
Overfull \hbox (39.78981pt too wide) in paragraph at lines 30--32
\T1/pcr/m/n/8 void []$\OML/cmm/m/it/8 <$ \T1/pcr/m/n/8 T, typename []$\OML/cmm/
m/it/8 <$ \T1/pcr/m/n/8 ![]$\OML/cmm/m/it/8 <$
 []

)
(structdoctest_1_1detail_1_1filldata_3_01_t_00_01typename_01detail_1_1types_1_1
enable__if_3_9detaa8666b81badacc32033ad72bded95b8c.tex

Package fancyhdr Warning: \headheight is too small (12.0pt): 
(fancyhdr)                Make it at least 22.16548pt, for example:
(fancyhdr)                \setlength{\headheight}{22.16548pt}.
(fancyhdr)                You might also make \topmargin smaller:
(fancyhdr)                \addtolength{\topmargin}{-10.16548pt}.

[101]
Overfull \hbox (34.9898pt too wide) in paragraph at lines 30--32
\T1/pcr/m/n/8 void []$\OML/cmm/m/it/8 <$ \T1/pcr/m/n/8 T, typename []$\OML/cmm/
m/it/8 <$\T1/pcr/m/n/8 ![]$\OML/cmm/m/it/8 <$
 []

) (structdoctest_1_1detail_1_1filldata_3_01_t_0f_n_0e_4.tex [102])
(structdoctest_1_1detail_1_1has__insertion__operator.tex <./structdoctest_1_1de
tail_1_1has__insertion__operator.pdf>
<structdoctest_1_1detail_1_1has__insertion__operator.pdf, id=13085, 501.875pt x
 123.46124pt>
File: structdoctest_1_1detail_1_1has__insertion__operator.pdf Graphic file (typ
e pdf)
<use structdoctest_1_1detail_1_1has__insertion__operator.pdf>
Package pdftex.def Info: structdoctest_1_1detail_1_1has__insertion__operator.pd
f  used on input line 10.
(pdftex.def)             Requested size: 231.32477pt x 56.9055pt.
)
(structdoctest_1_1detail_1_1has__insertion__operator_3_01_t_00_01decltype_07ope
rator_3_3_07declvab094f732977dc5a8a6181e0b8269a776.tex [103] <./structdoctest_1
_1detail_1_1has__insertion__operator_3_01_t_00_01decltype_07operator_3_3_07decl
vab094f732977dc5a8a6181e0b8269a776.pdf>
<structdoctest_1_1detail_1_1has__insertion__operator_3_01_t_00_01decltype_07ope
rator_3_3_07declvab094f732977dc5a8a6181e0b8269a776.pdf, id=13116, 501.875pt x 2
8.105pt>
File: structdoctest_1_1detail_1_1has__insertion__operator_3_01_t_00_01decltype_
07operator_3_3_07declvab094f732977dc5a8a6181e0b8269a776.pdf Graphic file (type 
pdf)
<use structdoctest_1_1detail_1_1has__insertion__operator_3_01_t_00_01decltype_0
7operator_3_3_07declvab094f732977dc5a8a6181e0b8269a776.pdf>
Package pdftex.def Info: structdoctest_1_1detail_1_1has__insertion__operator_3_
01_t_00_01decltype_07operator_3_3_07declvab094f732977dc5a8a6181e0b8269a776.pdf 
 used on input line 10.
(pdftex.def)             Requested size: 392.47177pt x 21.97733pt.

Underfull \hbox (badness 1655) in paragraph at lines 28--28
\T1/phv/b/n/10 struct doctest::[]detail::[]has[]_[]insertion[]_[]operator$\OML/
cmm/m/it/10 <$ \T1/phv/b/n/10 T, decltype(operator$\OML/cmm/m/it/10 <$$<$\T1/ph
v/b/n/10 (declval$\OML/cmm/m/it/10 <$ \T1/phv/b/n/10 std::[]ostream & $\OML/cmm
/m/it/10 >$\T1/phv/b/n/10 (),
 []

) (structdoctest_1_1_i_context_scope.tex <./structdoctest_1_1_i_context_scope.p
df>
<structdoctest_1_1_i_context_scope.pdf, id=13140, 501.875pt x 286.06876pt>
File: structdoctest_1_1_i_context_scope.pdf Graphic file (type pdf)
<use structdoctest_1_1_i_context_scope.pdf>
Package pdftex.def Info: structdoctest_1_1_i_context_scope.pdf  used on input l
ine 10.
(pdftex.def)             Requested size: 149.7519pt x 85.35826pt.
 [104]) (class_id_duplicado.tex <./class_id_duplicado.pdf>
<class_id_duplicado.pdf, id=13172, 501.875pt x 506.89375pt>
File: class_id_duplicado.pdf Graphic file (type pdf)
<use class_id_duplicado.pdf>
Package pdftex.def Info: class_id_duplicado.pdf  used on input line 15.
(pdftex.def)             Requested size: 84.50586pt x 85.35826pt.
)
(class_id_inexistente.tex <./class_id_inexistente.pdf>
<class_id_inexistente.pdf, id=13184, 501.875pt x 506.89375pt>
File: class_id_inexistente.pdf Graphic file (type pdf)
<use class_id_inexistente.pdf>
Package pdftex.def Info: class_id_inexistente.pdf  used on input line 15.
(pdftex.def)             Requested size: 84.50586pt x 85.35826pt.
 [105])
(class_id_invalido.tex <./class_id_invalido.pdf>
<class_id_invalido.pdf, id=13206, 501.875pt x 506.89375pt>
File: class_id_invalido.pdf Graphic file (type pdf)
<use class_id_invalido.pdf>
Package pdftex.def Info: class_id_invalido.pdf  used on input line 15.
(pdftex.def)             Requested size: 84.50586pt x 85.35826pt.
)
(structdoctest_1_1detail_1_1_i_exception_translator.tex <./structdoctest_1_1det
ail_1_1_i_exception_translator.pdf>
<structdoctest_1_1detail_1_1_i_exception_translator.pdf, id=13218, 501.875pt x 
164.615pt>
File: structdoctest_1_1detail_1_1_i_exception_translator.pdf Graphic file (type
 pdf)
<use structdoctest_1_1detail_1_1_i_exception_translator.pdf>
Package pdftex.def Info: structdoctest_1_1detail_1_1_i_exception_translator.pdf
  used on input line 10.
(pdftex.def)             Requested size: 173.49167pt x 56.9055pt.
 [106]) (structdoctest_1_1_i_reporter.tex
[107] [108]) (structdoctest_1_1detail_1_1types_1_1is__array.tex <./structdoctes
t_1_1detail_1_1types_1_1is__array.pdf>
<structdoctest_1_1detail_1_1types_1_1is__array.pdf, id=13364, 501.875pt x 186.6
975pt>
File: structdoctest_1_1detail_1_1types_1_1is__array.pdf Graphic file (type pdf)

<use structdoctest_1_1detail_1_1types_1_1is__array.pdf>
Package pdftex.def Info: structdoctest_1_1detail_1_1types_1_1is__array.pdf  use
d on input line 10.
(pdftex.def)             Requested size: 152.96826pt x 56.9055pt.
 [109])
(structdoctest_1_1detail_1_1types_1_1is__array_3_01_t_0f_s_i_z_e_0e_4.tex <./st
ructdoctest_1_1detail_1_1types_1_1is__array_3_01_t_0f_s_i_z_e_0e_4.pdf>
<structdoctest_1_1detail_1_1types_1_1is__array_3_01_t_0f_s_i_z_e_0e_4.pdf, id=1
3386, 501.875pt x 82.3075pt>
File: structdoctest_1_1detail_1_1types_1_1is__array_3_01_t_0f_s_i_z_e_0e_4.pdf 
Graphic file (type pdf)
<use structdoctest_1_1detail_1_1types_1_1is__array_3_01_t_0f_s_i_z_e_0e_4.pdf>
Package pdftex.def Info: structdoctest_1_1detail_1_1types_1_1is__array_3_01_t_0
f_s_i_z_e_0e_4.pdf  used on input line 10.
(pdftex.def)             Requested size: 346.991pt x 56.9055pt.

[110]) (structdoctest_1_1detail_1_1is__container.tex <./structdoctest_1_1detail
_1_1is__container.pdf>
<structdoctest_1_1detail_1_1is__container.pdf, id=13424, 501.875pt x 151.56625p
t>
File: structdoctest_1_1detail_1_1is__container.pdf Graphic file (type pdf)
<use structdoctest_1_1detail_1_1is__container.pdf>
Package pdftex.def Info: structdoctest_1_1detail_1_1is__container.pdf  used on 
input line 10.
(pdftex.def)             Requested size: 188.43239pt x 56.9055pt.
)
(structdoctest_1_1detail_1_1is__container_3_01_t_00_01types_1_1void__t_3_01type
name_01_t_1_1valueb97f805f821edcbb0eec78032ce8a7ca.tex <./structdoctest_1_1deta
il_1_1is__container_3_01_t_00_01types_1_1void__t_3_01typename_01_t_1_1valueb97f
805f821edcbb0eec78032ce8a7ca.pdf>
<structdoctest_1_1detail_1_1is__container_3_01_t_00_01types_1_1void__t_3_01type
name_01_t_1_1valueb97f805f821edcbb0eec78032ce8a7ca.pdf, id=13442, 501.875pt x 2
2.0825pt>
File: structdoctest_1_1detail_1_1is__container_3_01_t_00_01types_1_1void__t_3_0
1typename_01_t_1_1valueb97f805f821edcbb0eec78032ce8a7ca.pdf Graphic file (type 
pdf)
<use structdoctest_1_1detail_1_1is__container_3_01_t_00_01types_1_1void__t_3_01
typename_01_t_1_1valueb97f805f821edcbb0eec78032ce8a7ca.pdf>
Package pdftex.def Info: structdoctest_1_1detail_1_1is__container_3_01_t_00_01t
ypes_1_1void__t_3_01typename_01_t_1_1valueb97f805f821edcbb0eec78032ce8a7ca.pdf 
 used on input line 10.
(pdftex.def)             Requested size: 393.19162pt x 17.30019pt.
 [111]
Underfull \hbox (badness 1292) in paragraph at lines 28--28
\T1/phv/b/n/10 struct doctest::[]detail::[]is[]_[]container$\OML/cmm/m/it/10 <$
 \T1/phv/b/n/10 T, types::[]void[]_[]t$\OML/cmm/m/it/10 <$ \T1/phv/b/n/10 type-
name T::[]value[]_[]type, type-name T::[]iterator,
 []

) (structdoctest_1_1detail_1_1types_1_1is__enum.tex [112])
(structdoctest_1_1detail_1_1is__pair.tex <./structdoctest_1_1detail_1_1is__pair
.pdf>
<structdoctest_1_1detail_1_1is__pair.pdf, id=13509, 501.875pt x 171.64125pt>
File: structdoctest_1_1detail_1_1is__pair.pdf Graphic file (type pdf)
<use structdoctest_1_1detail_1_1is__pair.pdf>
Package pdftex.def Info: structdoctest_1_1detail_1_1is__pair.pdf  used on input
 line 10.
(pdftex.def)             Requested size: 166.38506pt x 56.9055pt.
)
(structdoctest_1_1detail_1_1is__pair_3_01_t_00_01types_1_1void__t_3_01typename_
01_t_1_1first__typ97ed414dfe36750d42ae446dcf1a18f4.tex <./structdoctest_1_1deta
il_1_1is__pair_3_01_t_00_01types_1_1void__t_3_01typename_01_t_1_1first__typ97ed
414dfe36750d42ae446dcf1a18f4.pdf>
<structdoctest_1_1detail_1_1is__pair_3_01_t_00_01types_1_1void__t_3_01typename_
01_t_1_1first__typ97ed414dfe36750d42ae446dcf1a18f4.pdf, id=13527, 501.875pt x 2
3.08624pt>
File: structdoctest_1_1detail_1_1is__pair_3_01_t_00_01types_1_1void__t_3_01type
name_01_t_1_1first__typ97ed414dfe36750d42ae446dcf1a18f4.pdf Graphic file (type 
pdf)
<use structdoctest_1_1detail_1_1is__pair_3_01_t_00_01types_1_1void__t_3_01typen
ame_01_t_1_1first__typ97ed414dfe36750d42ae446dcf1a18f4.pdf>
Package pdftex.def Info: structdoctest_1_1detail_1_1is__pair_3_01_t_00_01types_
1_1void__t_3_01typename_01_t_1_1first__typ97ed414dfe36750d42ae446dcf1a18f4.pdf 
 used on input line 10.
(pdftex.def)             Requested size: 382.31728pt x 17.58673pt.
 [113]
Underfull \hbox (badness 2293) in paragraph at lines 28--28
\T1/phv/b/n/10 struct doctest::[]detail::[]is[]_[]pair$\OML/cmm/m/it/10 <$ \T1/
phv/b/n/10 T, types::[]void[]_[]t$\OML/cmm/m/it/10 <$ \T1/phv/b/n/10 type-name 
T::[]first[]_[]type, type-name T::[]second[]_[]type,
 []

) (structdoctest_1_1detail_1_1types_1_1is__pointer.tex <./structdoctest_1_1deta
il_1_1types_1_1is__pointer.pdf>
<structdoctest_1_1detail_1_1types_1_1is__pointer.pdf, id=13564, 501.875pt x 179
.67125pt>
File: structdoctest_1_1detail_1_1types_1_1is__pointer.pdf Graphic file (type pd
f)
<use structdoctest_1_1detail_1_1types_1_1is__pointer.pdf>
Package pdftex.def Info: structdoctest_1_1detail_1_1types_1_1is__pointer.pdf  u
sed on input line 10.
(pdftex.def)             Requested size: 158.94914pt x 56.9055pt.
 [114])
(structdoctest_1_1detail_1_1types_1_1is__pointer_3_01_t_01_5_01_4.tex <./struct
doctest_1_1detail_1_1types_1_1is__pointer_3_01_t_01_5_01_4.pdf>
<structdoctest_1_1detail_1_1types_1_1is__pointer_3_01_t_01_5_01_4.pdf, id=13593
, 501.875pt x 85.31876pt>
File: structdoctest_1_1detail_1_1types_1_1is__pointer_3_01_t_01_5_01_4.pdf Grap
hic file (type pdf)
<use structdoctest_1_1detail_1_1types_1_1is__pointer_3_01_t_01_5_01_4.pdf>
Package pdftex.def Info: structdoctest_1_1detail_1_1types_1_1is__pointer_3_01_t
_01_5_01_4.pdf  used on input line 10.
(pdftex.def)             Requested size: 334.74586pt x 56.9055pt.
)
(structdoctest_1_1detail_1_1types_1_1is__rvalue__reference.tex <./structdoctest
_1_1detail_1_1types_1_1is__rvalue__reference.pdf>
<structdoctest_1_1detail_1_1types_1_1is__rvalue__reference.pdf, id=13617, 501.8
75pt x 141.52875pt>
File: structdoctest_1_1detail_1_1types_1_1is__rvalue__reference.pdf Graphic fil
e (type pdf)
<use structdoctest_1_1detail_1_1types_1_1is__rvalue__reference.pdf>
Package pdftex.def Info: structdoctest_1_1detail_1_1types_1_1is__rvalue__refere
nce.pdf  used on input line 10.
(pdftex.def)             Requested size: 201.78792pt x 56.9055pt.
 [115])
(structdoctest_1_1detail_1_1types_1_1is__rvalue__reference_3_01_t_01_6_6_01_4.t
ex <./structdoctest_1_1detail_1_1types_1_1is__rvalue__reference_3_01_t_01_6_6_0
1_4.pdf>
<structdoctest_1_1detail_1_1types_1_1is__rvalue__reference_3_01_t_01_6_6_01_4.p
df, id=13649, 501.875pt x 66.2475pt>
File: structdoctest_1_1detail_1_1types_1_1is__rvalue__reference_3_01_t_01_6_6_0
1_4.pdf Graphic file (type pdf)
<use structdoctest_1_1detail_1_1types_1_1is__rvalue__reference_3_01_t_01_6_6_01
_4.pdf>
Package pdftex.def Info: structdoctest_1_1detail_1_1types_1_1is__rvalue__refere
nce_3_01_t_01_6_6_01_4.pdf  used on input line 10.
(pdftex.def)             Requested size: 393.19162pt x 51.90057pt.
 [116]) (structdoctest_1_1detail_1_1types_1_1is__same.tex <./structdoctest_1_1d
etail_1_1types_1_1is__same.pdf>
<structdoctest_1_1detail_1_1types_1_1is__same.pdf, id=13685, 501.875pt x 174.65
25pt>
File: structdoctest_1_1detail_1_1types_1_1is__same.pdf Graphic file (type pdf)
<use structdoctest_1_1detail_1_1types_1_1is__same.pdf>
Package pdftex.def Info: structdoctest_1_1detail_1_1types_1_1is__same.pdf  used
 on input line 10.
(pdftex.def)             Requested size: 163.52097pt x 56.9055pt.
)
(structdoctest_1_1detail_1_1types_1_1is__same_3_01_t_00_01_t_01_4.tex <./struct
doctest_1_1detail_1_1types_1_1is__same_3_01_t_00_01_t_01_4.pdf>
<structdoctest_1_1detail_1_1types_1_1is__same_3_01_t_00_01_t_01_4.pdf, id=13703
, 501.875pt x 87.32625pt>
File: structdoctest_1_1detail_1_1types_1_1is__same_3_01_t_00_01_t_01_4.pdf Grap
hic file (type pdf)
<use structdoctest_1_1detail_1_1types_1_1is__same_3_01_t_00_01_t_01_4.pdf>
Package pdftex.def Info: structdoctest_1_1detail_1_1types_1_1is__same_3_01_t_00
_01_t_01_4.pdf  used on input line 10.
(pdftex.def)             Requested size: 327.04959pt x 56.9055pt.
 [117])
(structdoctest_1_1detail_1_1is__std__string.tex <./structdoctest_1_1detail_1_1i
s__std__string.pdf>
<structdoctest_1_1detail_1_1is__std__string.pdf, id=13740, 501.875pt x 160.6pt>

File: structdoctest_1_1detail_1_1is__std__string.pdf Graphic file (type pdf)
<use structdoctest_1_1detail_1_1is__std__string.pdf>
Package pdftex.def Info: structdoctest_1_1detail_1_1is__std__string.pdf  used o
n input line 10.
(pdftex.def)             Requested size: 177.82608pt x 56.9055pt.
 [118])
(structdoctest_1_1detail_1_1is__std__string_3_01_t_00_01typename_01types_1_1ena
ble__if_3_01types_2de037c573a46121f59eca8f5b5a731f.tex <./structdoctest_1_1deta
il_1_1is__std__string_3_01_t_00_01typename_01types_1_1enable__if_3_01types_2de0
37c573a46121f59eca8f5b5a731f.pdf>
<structdoctest_1_1detail_1_1is__std__string_3_01_t_00_01typename_01types_1_1ena
ble__if_3_01types_2de037c573a46121f59eca8f5b5a731f.pdf, id=13769, 501.875pt x 1
6.06pt>
File: structdoctest_1_1detail_1_1is__std__string_3_01_t_00_01typename_01types_1
_1enable__if_3_01types_2de037c573a46121f59eca8f5b5a731f.pdf Graphic file (type 
pdf)
<use structdoctest_1_1detail_1_1is__std__string_3_01_t_00_01typename_01types_1_
1enable__if_3_01types_2de037c573a46121f59eca8f5b5a731f.pdf>
Package pdftex.def Info: structdoctest_1_1detail_1_1is__std__string_3_01_t_00_0
1typename_01types_1_1enable__if_3_01types_2de037c573a46121f59eca8f5b5a731f.pdf 
 used on input line 10.
(pdftex.def)             Requested size: 386.8891pt x 12.38034pt.

Underfull \hbox (badness 10000) in paragraph at lines 7--12
[]\T1/phv/m/n/10 Inheritance di-a-gram for doctest::[]detail::[]is[]_[]std[]_[]
string$\OML/cmm/m/it/10 <$ \T1/phv/m/n/10 T, type-name types::[]enable[]_[]if$\
OML/cmm/m/it/10 <$ \T1/phv/m/n/10 types::[]is[]_[]same$\OML/cmm/m/it/10 <$
 []

) (structdoctest_1_1_is_na_n.tex

Package fancyhdr Warning: \headheight is too small (12.0pt): 
(fancyhdr)                Make it at least 34.16548pt, for example:
(fancyhdr)                \setlength{\headheight}{34.16548pt}.
(fancyhdr)                You might also make \topmargin smaller:
(fancyhdr)                \addtolength{\topmargin}{-22.16548pt}.

[119] [120]) (class_limites_invalidos.tex <./class_limites_invalidos.pdf>
<class_limites_invalidos.pdf, id=13869, 501.875pt x 506.89375pt>
File: class_limites_invalidos.pdf Graphic file (type pdf)
<use class_limites_invalidos.pdf>
Package pdftex.def Info: class_limites_invalidos.pdf  used on input line 15.
(pdftex.def)             Requested size: 84.50586pt x 85.35826pt.
)
(class_linha_de_producao.tex [121] [122]
Underfull \hbox (badness 10000) detected at line 116
[][][]
 []

[123]
Underfull \hbox (badness 10000) detected at line 145
[][][]
 []


Underfull \hbox (badness 10000) detected at line 162
[][][]
 []


Underfull \hbox (badness 10000) detected at line 179
[][][]
 []

[124]
Underfull \hbox (badness 10000) detected at line 196
[][][]
 []


Underfull \hbox (badness 10000) detected at line 199
[][][]
 []


Underfull \hbox (badness 10000) detected at line 230
[][][]
 []


Underfull \hbox (badness 10000) detected at line 247
[][][]
 []


Underfull \hbox (badness 10000) detected at line 260
[][][]
 []

[125]
Underfull \hbox (badness 10000) detected at line 273
[][][]
 []


Underfull \hbox (badness 10000) detected at line 286
[][][]
 []


Underfull \hbox (badness 10000) detected at line 299
[][][]
 []


Underfull \hbox (badness 10000) detected at line 312
[][][]
 []


Underfull \hbox (badness 10000) detected at line 325
[][][]
 []

[126]
Underfull \hbox (badness 10000) detected at line 338
[][][]
 []


Underfull \hbox (badness 10000) detected at line 351
[][][]
 []


Underfull \hbox (badness 10000) detected at line 373
[][][]
 []

[127]) (class_log.tex [128]
Underfull \hbox (badness 10000) detected at line 65
[][][]
 []

[129]
Underfull \hbox (badness 10000) detected at line 87
[][][]
 []


Underfull \hbox (badness 10000) detected at line 90
[][][]
 []


Underfull \hbox (badness 10000) detected at line 112
[][][]
 []

) (structdoctest_1_1detail_1_1_message_builder.tex <./structdoctest_1_1detail_1
_1_message_builder.pdf>
<structdoctest_1_1detail_1_1_message_builder.pdf, id=14171, 501.875pt x 208.78p
t>
File: structdoctest_1_1detail_1_1_message_builder.pdf Graphic file (type pdf)
<use structdoctest_1_1detail_1_1_message_builder.pdf>
Package pdftex.def Info: structdoctest_1_1detail_1_1_message_builder.pdf  used 
on input line 10.
(pdftex.def)             Requested size: 136.78694pt x 56.9055pt.
 [130] [131]
Underfull \hbox (badness 10000) in paragraph at lines 129--131
[] [] \T1/pcr/m/n/8 & doctest::[]detail::[][]Message[]Builder::[]operator$\OML/
cmm/m/it/8 <$$<$
 []

[132]) (structdoctest_1_1_message_data.tex <./structdoctest_1_1_message_data.pd
f>
<structdoctest_1_1_message_data.pdf, id=14327, 501.875pt x 208.78pt>
File: structdoctest_1_1_message_data.pdf Graphic file (type pdf)
<use structdoctest_1_1_message_data.pdf>
Package pdftex.def Info: structdoctest_1_1_message_data.pdf  used on input line
 10.
(pdftex.def)             Requested size: 136.78694pt x 56.9055pt.
 [133]) (class_motor.tex <./class_motor.pdf>
<class_motor.pdf, id=14380, 501.875pt x 441.65pt>
File: class_motor.pdf Graphic file (type pdf)
<use class_motor.pdf>
Package pdftex.def Info: class_motor.pdf  used on input line 10.
(pdftex.def)             Requested size: 64.66403pt x 56.9055pt.
 [134] [135]
Underfull \hbox (badness 10000) detected at line 108
[][][]
 []

) (class_parametro.tex [136] [137]
Underfull \hbox (badness 10000) detected at line 109
[][][]
 []


Underfull \hbox (badness 10000) detected at line 131
[][][]
 []


Underfull \hbox (badness 10000) detected at line 134
[][][]
 []

[138]
Underfull \hbox (badness 10000) detected at line 147
[][][]
 []


Underfull \hbox (badness 10000) detected at line 160
[][][]
 []


Underfull \hbox (badness 10000) detected at line 173
[][][]
 []


Underfull \hbox (badness 10000) detected at line 176
[][][]
 []


Underfull \hbox (badness 10000) detected at line 189
[][][]
 []


Underfull \hbox (badness 10000) detected at line 202
[][][]
 []


Underfull \hbox (badness 10000) detected at line 215
[][][]
 []

[139]
Underfull \hbox (badness 10000) detected at line 228
[][][]
 []

[140]
Underfull \hbox (badness 10000) detected at line 297
[][][]
 []


Underfull \hbox (badness 10000) detected at line 319
[][][]
 []

[141]
Underfull \hbox (badness 10000) detected at line 341
[][][]
 []


Underfull \hbox (badness 10000) detected at line 363
[][][]
 []

) (structdoctest_1_1_query_data.tex [142])
(structdoctest_1_1detail_1_1_relational_comparator.tex)
(structdoctest_1_1detail_1_1types_1_1remove__const.tex [143])
(structdoctest_1_1detail_1_1types_1_1remove__const_3_01const_01_t_01_4.tex
[144]) (structdoctest_1_1detail_1_1types_1_1remove__reference.tex [145])
(structdoctest_1_1detail_1_1types_1_1remove__reference_3_01_t_01_6_01_4.tex)
(structdoctest_1_1detail_1_1types_1_1remove__reference_3_01_t_01_6_6_01_4.tex
[146]) (structdoctest_1_1detail_1_1_result.tex [147])
(structdoctest_1_1detail_1_1_result_builder.tex <./structdoctest_1_1detail_1_1_
result_builder.pdf>
<structdoctest_1_1detail_1_1_result_builder.pdf, id=14898, 501.875pt x 228.855p
t>
File: structdoctest_1_1detail_1_1_result_builder.pdf Graphic file (type pdf)
<use structdoctest_1_1detail_1_1_result_builder.pdf>
Package pdftex.def Info: structdoctest_1_1detail_1_1_result_builder.pdf  used o
n input line 10.
(pdftex.def)             Requested size: 124.78687pt x 56.9055pt.

Overfull \hbox (24.78963pt too wide) in paragraph at lines 22--24
[] \T1/phv/m/n/10 bool [] (const [](L) lhs, const [](R)
 []

[148] [149]) (class_sensor.tex <./class_sensor.pdf>
<class_sensor.pdf, id=15046, 501.875pt x 441.65pt>
File: class_sensor.pdf Graphic file (type pdf)
<use class_sensor.pdf>
Package pdftex.def Info: class_sensor.pdf  used on input line 10.
(pdftex.def)             Requested size: 64.66403pt x 56.9055pt.
 [150] [151]
Underfull \hbox (badness 10000) detected at line 108
[][][]
 []

) (class_sessao_invalida.tex <./class_sessao_invalida.pdf>
<class_sessao_invalida.pdf, id=15138, 501.875pt x 506.89375pt>
File: class_sessao_invalida.pdf Graphic file (type pdf)
<use class_sessao_invalida.pdf>
Package pdftex.def Info: class_sessao_invalida.pdf  used on input line 15.
(pdftex.def)             Requested size: 84.50586pt x 85.35826pt.
 [152])
(structdoctest_1_1detail_1_1should__stringify__as__underlying__type.tex)
(class_sistema.tex [153] [154]
Underfull \hbox (badness 10000) detected at line 97
[][][]
 []

[155]
Underfull \hbox (badness 10000) detected at line 130
[][][]
 []


Underfull \hbox (badness 10000) detected at line 147
[][][]
 []

[156]
Underfull \hbox (badness 10000) detected at line 173
[][][]
 []


Underfull \hbox (badness 10000) detected at line 195
[][][]
 []


Underfull \hbox (badness 10000) detected at line 198
[][][]
 []


Underfull \hbox (badness 10000) detected at line 215
[][][]
 []


Underfull \hbox (badness 10000) detected at line 218
[][][]
 []


Underfull \hbox (badness 10000) detected at line 235
[][][]
 []

[157]
Underfull \hbox (badness 10000) detected at line 248
[][][]
 []


Underfull \hbox (badness 10000) detected at line 261
[][][]
 []

[158]
Underfull \hbox (badness 10000) detected at line 304
[][][]
 []


Underfull \hbox (badness 10000) detected at line 307
[][][]
 []


Underfull \hbox (badness 10000) detected at line 324
[][][]
 []


Underfull \hbox (badness 10000) detected at line 327
[][][]
 []


Underfull \hbox (badness 10000) detected at line 344
[][][]
 []

[159]
Underfull \hbox (badness 10000) detected at line 366
[][][]
 []


Underfull \hbox (badness 10000) detected at line 388
[][][]
 []


Underfull \hbox (badness 10000) detected at line 405
[][][]
 []


Underfull \hbox (badness 10000) detected at line 408
[][][]
 []

) (classdoctest_1_1_string.tex [160] [161]
Underfull \hbox (badness 10000) in paragraph at lines 132--134
\T1/pcr/m/n/8 template$\OML/cmm/m/it/8 <$\T1/pcr/m/n/8 typename T, typename []$
\OML/cmm/m/it/8 <$ []$<$ \T1/pcr/m/n/8 T $\OML/cmm/m/it/8 >$\T1/pcr/m/n/8 ::[]v
alue,
 []

[162] [163] [164]) (classdoctest_1_1_assert_data_1_1_string_contains.tex
[165]) (structdoctest_1_1_string_maker.tex <./structdoctest_1_1_string_maker.pd
f>
<structdoctest_1_1_string_maker.pdf, id=15753, 501.875pt x 34.1275pt>
File: structdoctest_1_1_string_maker.pdf Graphic file (type pdf)
<use structdoctest_1_1_string_maker.pdf>
Package pdftex.def Info: structdoctest_1_1_string_maker.pdf  used on input line
 10.
(pdftex.def)             Requested size: 397.8247pt x 27.05173pt.
 [166]) (structdoctest_1_1detail_1_1_string_maker_base.tex [167])
(structdoctest_1_1detail_1_1_string_maker_base_3_01true_01_4.tex)
(structdoctest_1_1detail_1_1_subcase.tex [168] [169])
(structdoctest_1_1_subcase_signature.tex [170])
(structdoctest_1_1detail_1_1_test_case.tex [171] <./structdoctest_1_1detail_1_1
_test_case.pdf>
<structdoctest_1_1detail_1_1_test_case.pdf, id=15994, 501.875pt x 260.975pt>
File: structdoctest_1_1detail_1_1_test_case.pdf Graphic file (type pdf)
<use structdoctest_1_1detail_1_1_test_case.pdf>
Package pdftex.def Info: structdoctest_1_1detail_1_1_test_case.pdf  used on inp
ut line 10.
(pdftex.def)             Requested size: 109.43262pt x 56.9055pt.

Underfull \hbox (badness 1292) in paragraph at lines 16--18
[][] \T1/phv/m/n/10 ([] test, const char $\OMS/cmsy/m/n/10 ^^C$\T1/phv/m/n/10 f
ile, un-signed line, const [] &test[]_[]suite, const []
 []

[172] [173] [174]) (structdoctest_1_1_test_case_data.tex <./structdoctest_1_1_t
est_case_data.pdf>
<structdoctest_1_1_test_case_data.pdf, id=16189, 501.875pt x 260.975pt>
File: structdoctest_1_1_test_case_data.pdf Graphic file (type pdf)
<use structdoctest_1_1_test_case_data.pdf>
Package pdftex.def Info: structdoctest_1_1_test_case_data.pdf  used on input li
ne 10.
(pdftex.def)             Requested size: 109.43262pt x 56.9055pt.
 [175] [176]) (structdoctest_1_1_test_case_exception.tex
[177]) (structdoctest_1_1detail_1_1_test_failure_exception.tex)
(structdoctest_1_1_test_run_stats.tex [178])
(structdoctest_1_1detail_1_1_test_suite.tex [179] [180])
(structdoctest_1_1detail_1_1types_1_1true__type.tex <./structdoctest_1_1detail_
1_1types_1_1true__type.pdf>
<structdoctest_1_1detail_1_1types_1_1true__type.pdf, id=16507, 501.875pt x 70.2
625pt>
File: structdoctest_1_1detail_1_1types_1_1true__type.pdf Graphic file (type pdf
)
<use structdoctest_1_1detail_1_1types_1_1true__type.pdf>
Package pdftex.def Info: structdoctest_1_1detail_1_1types_1_1true__type.pdf  us
ed on input line 10.
(pdftex.def)             Requested size: 397.93958pt x 55.71158pt.
 [181]) (classstd_1_1tuple.tex)
(structdoctest_1_1detail_1_1types_1_1underlying__type.tex [182])
(class_usuario.tex [183]
Underfull \hbox (badness 10000) detected at line 58
[][][]
 []


Underfull \hbox (badness 10000) detected at line 76
[][][]
 []

[184]
Underfull \hbox (badness 10000) detected at line 98
[][][]
 []


Underfull \hbox (badness 10000) detected at line 111
[][][]
 []


Underfull \hbox (badness 10000) detected at line 124
[][][]
 []

[185]
Underfull \hbox (badness 10000) detected at line 146
[][][]
 []


Underfull \hbox (badness 10000) detected at line 149
[][][]
 []

) (class_valvula.tex <./class_valvula.pdf>
<class_valvula.pdf, id=16669, 501.875pt x 441.65pt>
File: class_valvula.pdf Graphic file (type pdf)
<use class_valvula.pdf>
Package pdftex.def Info: class_valvula.pdf  used on input line 10.
(pdftex.def)             Requested size: 64.66403pt x 56.9055pt.
 [186] [187]
Underfull \hbox (badness 10000) detected at line 108
[][][]
 []

) [188]
Chapter 12.
(notas-_c6_8md.tex) (notas-_c7_8md.tex) (_alarme_8hpp.tex
Underfull \hbox (badness 10000) in paragraph at lines 3--6

 []

) (_alarme_8hpp_source.tex) (_atuador_8hpp.tex
Underfull \hbox (badness 10000) in paragraph at lines 3--4

 []

[189

]) (_atuador_8hpp_source.tex) (_cargo_8hpp.tex [190])
(_cargo_8hpp_source.tex) (_conjunto_8hpp.tex
Underfull \hbox (badness 10000) in paragraph at lines 3--8

 []

) (_conjunto_8hpp_source.tex [191]) (_dependencia_8hpp.tex
Underfull \hbox (badness 10000) in paragraph at lines 3--4

 []

) (_dependencia_8hpp_source.tex) (_equipamento_8hpp.tex
Underfull \hbox (badness 10000) in paragraph at lines 3--8

 []

[192]) (_equipamento_8hpp_source.tex [193]) (_estado_operacional_8hpp.tex)
(_estado_operacional_8hpp_source.tex) (_excecoes_8hpp.tex
Underfull \hbox (badness 10000) in paragraph at lines 3--5

 []

[194]) (_excecoes_8hpp_source.tex) (_linha_de_producao_8hpp.tex
Underfull \hbox (badness 10000) in paragraph at lines 3--7

 []

[195]) (_linha_de_producao_8hpp_source.tex [196]) (_log_8hpp.tex
Underfull \hbox (badness 10000) in paragraph at lines 3--4

 []

) (_log_8hpp_source.tex) (_motor_8hpp.tex
Underfull \hbox (badness 10000) in paragraph at lines 3--4

 []

) (_motor_8hpp_source.tex [197]) (_parametro_8hpp.tex
Underfull \hbox (badness 10000) in paragraph at lines 3--5

 []

) (_parametro_8hpp_source.tex [198]) (_sensor_8hpp.tex
Underfull \hbox (badness 10000) in paragraph at lines 3--4

 []

) (_sensor_8hpp_source.tex) (_sistema_8hpp.tex
Underfull \hbox (badness 10000) in paragraph at lines 3--9

 []

) (_sistema_8hpp_source.tex [199]) (_usuario_8hpp.tex
Underfull \hbox (badness 10000) in paragraph at lines 3--5

 []

[200]) (_usuario_8hpp_source.tex) (_valvula_8hpp.tex
Underfull \hbox (badness 10000) in paragraph at lines 3--4

 []

) (_valvula_8hpp_source.tex) (_r_e_a_d_m_e_8md.tex) (_alarme_8cpp.tex)
(_alarme_8cpp_source.tex
Underfull \hbox (badness 10000) in paragraph at lines 3--1

 []

[201]) (_atuador_8cpp.tex) (_atuador_8cpp_source.tex
Underfull \hbox (badness 10000) in paragraph at lines 3--1

 []

) (_conjunto_8cpp.tex) (_conjunto_8cpp_source.tex
Underfull \hbox (badness 10000) in paragraph at lines 3--1

 []

[202] [203]) (_dependencia_8cpp.tex) (_dependencia_8cpp_source.tex
Underfull \hbox (badness 10000) in paragraph at lines 3--1

 []

[204]) (_equipamento_8cpp.tex) (_equipamento_8cpp_source.tex
Underfull \hbox (badness 10000) in paragraph at lines 3--1

 []

[205]) (_linha_de_producao_8cpp.tex) (_linha_de_producao_8cpp_source.tex
Underfull \hbox (badness 10000) in paragraph at lines 3--1

 []

[206] [207]) (_log_8cpp.tex) (_log_8cpp_source.tex
Underfull \hbox (badness 10000) in paragraph at lines 3--1

 []

[208]) (main_8cpp.tex
Underfull \hbox (badness 10000) in paragraph at lines 3--15

 []

) (main_8cpp_source.tex [209] [210] [211] [212]) (_motor_8cpp.tex)
(_motor_8cpp_source.tex
Underfull \hbox (badness 10000) in paragraph at lines 3--1

 []

) (_parametro_8cpp.tex) (_parametro_8cpp_source.tex
Underfull \hbox (badness 10000) in paragraph at lines 3--1

 []

[213] [214]) (_sensor_8cpp.tex) (_sensor_8cpp_source.tex
Underfull \hbox (badness 10000) in paragraph at lines 3--1

 []

) (_sistema_8cpp.tex) (_sistema_8cpp_source.tex
Underfull \hbox (badness 10000) in paragraph at lines 3--1

 []

[215] [216] [217] [218]) (_usuario_8cpp.tex) (_usuario_8cpp_source.tex
Underfull \hbox (badness 10000) in paragraph at lines 3--1

 []

) (_valvula_8cpp.tex) (_valvula_8cpp_source.tex
Underfull \hbox (badness 10000) in paragraph at lines 3--1

 []

[219]) (doctest_8h.tex
Underfull \hbox (badness 10000) in paragraph at lines 3--4

 []


Underfull \hbox (badness 3635) in paragraph at lines 55--57
[]\T1/phv/m/n/10 struct [][]doctest::[]detail::[]has[]_[]insertion[]_[]operator
$\OML/cmm/m/it/10 <$ \T1/phv/m/n/10 T, decltype(operator$\OML/cmm/m/it/10 <$$<$
\T1/phv/m/n/10 (declval$\OML/cmm/m/it/10 <$ \T1/phv/m/n/10 std::[]ostream & $\O
ML/cmm/m/it/10 >$\T1/phv/m/n/10 (),
 []


Underfull \hbox (badness 4595) in paragraph at lines 61--63
[]\T1/phv/m/n/10 struct [][]doctest::[]detail::[]is[]_[]pair$\OML/cmm/m/it/10 <
$ \T1/phv/m/n/10 T, types::[]void[]_[]t$\OML/cmm/m/it/10 <$ \T1/phv/m/n/10 type
-name T::[]first[]_[]type, type-name T::[]second[]_[]type,
 []


Underfull \hbox (badness 2941) in paragraph at lines 65--67
[]\T1/phv/m/n/10 struct [][]doctest::[]detail::[]is[]_[]container$\OML/cmm/m/it
/10 <$ \T1/phv/m/n/10 T, types::[]void[]_[]t$\OML/cmm/m/it/10 <$ \T1/phv/m/n/10
 type-name T::[]value[]_[]type, type-name T::[]iterator,
 []

[220] [221]
Overfull \hbox (37.76605pt too wide) in paragraph at lines 235--237
[][]\T1/phv/m/n/10 #define [] [] 
 []


Overfull \hbox (41.96904pt too wide) in paragraph at lines 239--241
[][]\T1/phv/m/n/10 #define [] [] 
 []


Overfull \hbox (140.14862pt too wide) in paragraph at lines 243--245
[][]\T1/phv/m/n/10 #define [] [] 
 []

[222] [223] [224] [225] [226] [227] [228]
Underfull \hbox (badness 841) in paragraph at lines 1007--1086
[] \T1/phv/m/n/10 = 2 $\OMS/cmsy/m/n/10 ^^C$ \T1/phv/m/n/10 is[]_[]normal , [] 
= 2 $\OMS/cmsy/m/n/10 ^^C$ \T1/phv/m/n/10 is[]_[]throws ,
 []


Overfull \hbox (36.50981pt too wide) in paragraph at lines 1007--1086
[] \T1/phv/m/n/10 = 2 $\OMS/cmsy/m/n/10 ^^C$ \T1/phv/m/n/10 is[]_[]nothrow , []
 = 2 $\OMS/cmsy/m/n/10 ^^C$ \T1/phv/m/n/10 is[]_[]false , []
 []


Overfull \hbox (40.3892pt too wide) in paragraph at lines 1007--1086
[] \T1/phv/m/n/10 = is[]_[]normal $\OMS/cmsy/m/n/10 j$ \T1/phv/m/n/10 is[]_[]fa
lse $\OMS/cmsy/m/n/10 j$ \T1/phv/m/n/10 is[]_[]check , []
 []


Overfull \hbox (42.93939pt too wide) in paragraph at lines 1007--1086
[] \T1/phv/m/n/10 = is[]_[]throws $\OMS/cmsy/m/n/10 j$ \T1/phv/m/n/10 is[]_[]re
quire , []
 []


Overfull \hbox (85.10394pt too wide) in paragraph at lines 1007--1086
[] \T1/phv/m/n/10 = is[]_[]throws[]_[]with $\OMS/cmsy/m/n/10 j$ \T1/phv/m/n/10 
is[]_[]warn , []
 []


Underfull \hbox (badness 2980) in paragraph at lines 1007--1086
[] \T1/phv/m/n/10 = is[]_[]throws[]_[]with $\OMS/cmsy/m/n/10 j$ \T1/phv/m/n/10 
is[]_[]throws[]_[]as $\OMS/cmsy/m/n/10 j$ \T1/phv/m/n/10 is[]_[]check ,
 []


Overfull \hbox (27.88306pt too wide) in paragraph at lines 1007--1086
[] \T1/phv/m/n/10 = is[]_[]nothrow $\OMS/cmsy/m/n/10 j$ \T1/phv/m/n/10 is[]_[]w
arn , []
 []


Underfull \hbox (badness 828) in paragraph at lines 1007--1086
\T1/phv/m/n/10 = is[]_[]normal $\OMS/cmsy/m/n/10 j$ \T1/phv/m/n/10 is[]_[]gt $\
OMS/cmsy/m/n/10 j$ \T1/phv/m/n/10 is[]_[]require , [] = is[]_[]normal $\OMS/cms
y/m/n/10 j$ \T1/phv/m/n/10 is[]_[]lt $\OMS/cmsy/m/n/10 j$ \T1/phv/m/n/10 is[]_[
]warn ,
 []


Overfull \hbox (50.946pt too wide) in paragraph at lines 1007--1086
[] \T1/phv/m/n/10 = is[]_[]normal $\OMS/cmsy/m/n/10 j$ \T1/phv/m/n/10 is[]_[]un
ary $\OMS/cmsy/m/n/10 j$ \T1/phv/m/n/10 is[]_[]check , []
 []

[229]
Overfull \hbox (118.69359pt too wide) in paragraph at lines 1086--1096
[] \T1/phv/m/n/10 = 0 , [] , []
 []


Underfull \hbox (badness 6575) in paragraph at lines 1115--1130
[] \T1/phv/m/n/10 = 0 , [] = 1 ,
 []


Overfull \hbox (90.12994pt too wide) in paragraph at lines 1115--1130
\T1/phv/m/n/10 16 , [] = 32 , []
 []


Overfull \hbox (73.43394pt too wide) in paragraph at lines 1115--1130
[] \T1/phv/m/n/10 = 128 , []
 []

[230]
Underfull \hbox (badness 931) in paragraph at lines 1140--1142
[] \T1/phv/m/n/10 T && [] (type-name []$\OML/cmm/m/it/10 <$ \T1/phv/m/n/10 T
 []


Underfull \hbox (badness 931) in paragraph at lines 1142--1144
[] \T1/phv/m/n/10 T && [] (type-name []$\OML/cmm/m/it/10 <$ \T1/phv/m/n/10 T
 []

[231]
Underfull \hbox (badness 812) in paragraph at lines 1208--1210
[] [] \T1/phv/m/n/10 (const [](L) lhs, const char $\OMS/cmsy/m/n/10 ^^C$\T1/phv
/m/n/10 op, const
 []


Underfull \hbox (badness 1496) in paragraph at lines 1238--1240
[][] [] \T1/phv/m/n/10 & [] ()
 []


Underfull \hbox (badness 1194) in paragraph at lines 1260--1262
[][] \T1/phv/m/n/10 void [] (const []
 []


Overfull \hbox (23.01402pt too wide) in paragraph at lines 1280--1282
[][] \T1/phv/m/n/10 void [] (const char $\OMS/cmsy/m/n/10 ^^C$\T1/phv/m/n/10 na
me, int prio, []
 []

[232] [233] [234] [235] [236] [237] [238] [239] [240] [241] [242] [243]
[244] [245] [246] [247] [248] [249] [250] [251] [252] [253] [254] [255]
[256] [257] [258] [259] [260] [261]
Overfull \hbox (15.15619pt too wide) in paragraph at lines 3429--3430
[]\T1/pcr/m/n/8 #define DOCTEST[]_[][]MAKE[]_[][]STD[]_[][]HEADERS[]_[][]CLEAN[
]_[][]FROM[]_[][]WARNINGS[]_[][]ON[]_[][]WALL[]_[][]END [] 
 []

[262] [263] [264] [265] [266] [267] [268] [269] [270] [271] [272] [273]
[274] [275] [276] [277] [278]
Overfull \hbox (31.85277pt too wide) in paragraph at lines 4649--4649
                                                                               
                                    $\OMS/cmsy/m/n/7 n$  
 []


Overfull \hbox (31.85277pt too wide) in paragraph at lines 4652--4652
                                                                               
                                    $\OMS/cmsy/m/n/7 n$  
 []


Overfull \hbox (31.85277pt too wide) in paragraph at lines 4656--4656
                                                                               
                                    $\OMS/cmsy/m/n/7 n$  
 []

[279] [280] [281] [282] [283] [284] [285]
Overfull \hbox (66.85634pt too wide) in paragraph at lines 5104--5105
[]\T1/pcr/m/n/8 #define DOCTEST[]_[][]VERSION ([] $\OMS/cmsy/m/n/8 ^^C$ \T1/pcr
/m/n/8 10000 + [] $\OMS/cmsy/m/n/8 ^^C$ \T1/pcr/m/n/8 100 + []) 
 []

[286] [287] [288] [289] [290] [291] [292] [293] [294] [295] [296] [297]
[298] [299] [300] [301] [302] [303] [304] [305] [306] [307] [308] [309]
[310] [311]) (doctest_8h_source.tex [312] [313] [314] [315] [316]
Overfull \hbox (132.75546pt too wide) in paragraph at lines 331--331
\T1/pcr/m/n/7 https://github.com/swiftlang/swift-corelibs-foundation/blob/relea
se/5.10/CoreFoundation/Base.subproj/SwiftRuntime/TargetConditionals.h[]  
 []

[317] [318] [319] [320] [321] [322] [323] [324] [325] [326] [327] [328]
[329] [330] [331] [332] [333] [334] [335] [336] [337] [338] [339] [340]
[341] [342] [343] [344] [345] [346] [347] [348] [349] [350] [351] [352]
[353] [354] [355] [356] [357] [358] [359] [360] [361] [362] [363] [364]
[365] [366] [367] [368] [369] [370] [371] [372] [373] [374] [375] [376]
[377] [378] [379] [380] [381] [382] [383] [384] [385] [386] [387] [388]
[389] [390] [391] [392] [393] [394] [395] [396] [397] [398] [399] [400]
[401] [402] [403] [404] [405] [406] [407] [408] [409] [410] [411] [412]
[413] [414] [415] [416] [417] [418] [419] [420] [421] [422] [423] [424]
[425]) (test___alarme_8cpp.tex
Underfull \hbox (badness 10000) in paragraph at lines 3--6

 []

[426]) (test___alarme_8cpp_source.tex [427]) (test___conjunto_8cpp.tex
Underfull \hbox (badness 10000) in paragraph at lines 3--10

 []

[428] [429] [430] [431]) (test___conjunto_8cpp_source.tex [432] [433] [434])
(test___equipamento_8cpp.tex
Underfull \hbox (badness 10000) in paragraph at lines 3--8

 []

[435] [436] [437]
LaTeX Font Info:    Trying to load font information for TS1+pcr on input line 2
50.

(C:\Users\lipeh\AppData\Local\Programs\MiKTeX\tex/latex/psnfss\ts1pcr.fd
File: ts1pcr.fd 2001/06/04 font definitions for TS1/pcr.
))
(test___equipamento_8cpp_source.tex [438] [439]) (test___excecoes_8cpp.tex
Underfull \hbox (badness 10000) in paragraph at lines 3--17

 []

[440] [441] [442] [443]) (test___excecoes_8cpp_source.tex [444] [445])
(test___linha_de_producao_8cpp.tex
Underfull \hbox (badness 10000) in paragraph at lines 3--8

 []

[446] [447] [448]) (test___linha_de_producao_8cpp_source.tex [449] [450]
[451]) (test___log_8cpp.tex
Underfull \hbox (badness 10000) in paragraph at lines 3--5

 []

[452]) (test___log_8cpp_source.tex) (test__main_8cpp.tex
Underfull \hbox (badness 10000) in paragraph at lines 3--4

 []

[453]) (test__main_8cpp_source.tex) (test___parametro_8cpp.tex
Underfull \hbox (badness 10000) in paragraph at lines 3--5

 []

[454] [455]) (test___parametro_8cpp_source.tex [456] [457])
(test___sistema_8cpp.tex
Underfull \hbox (badness 10000) in paragraph at lines 3--10

 []

[458] [459] [460] [461]) (test___sistema_8cpp_source.tex [462] [463])
(test___usuario_8cpp.tex
Underfull \hbox (badness 10000) in paragraph at lines 3--6

 []

[464]) (test___usuario_8cpp_source.tex [465]) [466] (refman.ind
LaTeX Font Info:    Font shape `T1/phv/m/n' will be
(Font)              scaled to size 22.39185pt on input line 1.
 [467



] [468]
Underfull \hbox (badness 10000) in paragraph at lines 332--333
[]| \T1/phv/m/n/10 DOCTEST_ASSERT_LOG_REACT_RETURN,
 []

[469]
Underfull \hbox (badness 10000) in paragraph at lines 355--356
[]| \T1/phv/m/n/10 DOCTEST_CHECK_THROWS_AS_MESSAGE,
 []


Overfull \hbox (18.18945pt too wide) in paragraph at lines 359--361
[]| \T1/phv/m/n/10 DOCTEST_CHECK_THROWS_WITH_AS_MESSAGE,
 []


Overfull \hbox (38.96094pt too wide) in paragraph at lines 368--370
[]| \T1/phv/m/n/10 DOCTEST_CLANG_SUPPRESS_WARNING_WITH_PUSH,
 []


Overfull \hbox (19.6114pt too wide) in paragraph at lines 379--381
[]| \T1/phv/m/n/10 DOCTEST_CONFIG_NO_TRY_CATCH_IN_ASSERTS,
 []


Overfull \hbox (58.33772pt too wide) in paragraph at lines 389--391
[]| \T1/phv/m/n/10 DOCTEST_CREATE_AND_REGISTER_FUNCTION_IN_CLASS,
 []


Overfull \hbox (28.3949pt too wide) in paragraph at lines 394--396
[]| \T1/phv/m/n/10 DOCTEST_DO_BINARY_EXPRESSION_COMPARISON,
 []


Underfull \hbox (badness 10000) in paragraph at lines 415--416
[]| \T1/phv/m/n/10 DOCTEST_FAST_REQUIRE_UNARY_FALSE,
 []


Underfull \hbox (badness 10000) in paragraph at lines 431--432
[]| \T1/phv/m/n/10 DOCTEST_GCC_SUPPRESS_WARNING_POP,
 []


Underfull \hbox (badness 10000) in paragraph at lines 432--433
[]| \T1/phv/m/n/10 DOCTEST_GCC_SUPPRESS_WARNING_PUSH,
 []


Overfull \hbox (27.95415pt too wide) in paragraph at lines 433--435
[]| \T1/phv/m/n/10 DOCTEST_GCC_SUPPRESS_WARNING_WITH_PUSH,
 []


Overfull \hbox (145.86115pt too wide) in paragraph at lines 447--449
[]| \T1/phv/m/n/10 DOCTEST_MAKE_STD_HEADERS_CLEAN_FROM_WARNINGS_ON_WALL_BEGIN,
 []


Overfull \hbox (136.85243pt too wide) in paragraph at lines 449--451
[]| \T1/phv/m/n/10 DOCTEST_MAKE_STD_HEADERS_CLEAN_FROM_WARNINGS_ON_WALL_END,
 []


Underfull \hbox (badness 10000) in paragraph at lines 454--455
[]| \T1/phv/m/n/10 DOCTEST_MSVC_SUPPRESS_WARNING_POP,
 []

[470]
Overfull \hbox (33.95703pt too wide) in paragraph at lines 456--458
[]| \T1/phv/m/n/10 DOCTEST_MSVC_SUPPRESS_WARNING_WITH_PUSH,
 []


Overfull \hbox (21.7805pt too wide) in paragraph at lines 462--464
[]| \T1/phv/m/n/10 DOCTEST_PARTS_PUBLIC_ASSERT_COMPARATOR,
 []


Overfull \hbox (18.31525pt too wide) in paragraph at lines 465--467
[]| \T1/phv/m/n/10 DOCTEST_PARTS_PUBLIC_ASSERT_EXPRESSION,
 []


Underfull \hbox (badness 10000) in paragraph at lines 469--470
[]| \T1/phv/m/n/10 DOCTEST_PARTS_PUBLIC_ASSERT_RESULT,
 []


Underfull \hbox (badness 10000) in paragraph at lines 470--471
[]| \T1/phv/m/n/10 DOCTEST_PARTS_PUBLIC_ASSERT_TYPE,
 []


Underfull \hbox (badness 10000) in paragraph at lines 477--478
[]| \T1/phv/m/n/10 DOCTEST_PARTS_PUBLIC_CONTEXT_SCOPE,
 []


Overfull \hbox (35.13617pt too wide) in paragraph at lines 480--482
[]| \T1/phv/m/n/10 DOCTEST_PARTS_PUBLIC_EXCEPTION_TRANSLATOR,
 []


Overfull \hbox (18.90048pt too wide) in paragraph at lines 487--489
[]| \T1/phv/m/n/10 DOCTEST_PARTS_PUBLIC_MATCHERS_CONTAINS,
 []


Overfull \hbox (40.98592pt too wide) in paragraph at lines 509--511
[]| \T1/phv/m/n/10 DOCTEST_REGISTER_EXCEPTION_TRANSLATOR_IMPL,
 []


Underfull \hbox (badness 10000) in paragraph at lines 526--527
[]| \T1/phv/m/n/10 DOCTEST_REQUIRE_NOTHROW_MESSAGE,
 []


Underfull \hbox (badness 10000) in paragraph at lines 529--530
[]| \T1/phv/m/n/10 DOCTEST_REQUIRE_THROWS_AS_MESSAGE,
 []


Overfull \hbox (27.60321pt too wide) in paragraph at lines 533--535
[]| \T1/phv/m/n/10 DOCTEST_REQUIRE_THROWS_WITH_AS_MESSAGE,
 []


Underfull \hbox (badness 10000) in paragraph at lines 542--543
[]| \T1/phv/m/n/10 DOCTEST_SCENARIO_TEMPLATE_DEFINE,
 []


Overfull \hbox (21.96016pt too wide) in paragraph at lines 545--547
[]| \T1/phv/m/n/10 DOCTEST_SUPPRESS_COMMON_WARNINGS_POP,
 []


Overfull \hbox (27.95415pt too wide) in paragraph at lines 547--549
[]| \T1/phv/m/n/10 DOCTEST_SUPPRESS_COMMON_WARNINGS_PUSH,
 []


Overfull \hbox (16.67719pt too wide) in paragraph at lines 549--551
[]| \T1/phv/m/n/10 DOCTEST_SUPPRESS_PRIVATE_WARNINGS_POP,
 []


Overfull \hbox (22.67117pt too wide) in paragraph at lines 551--553
[]| \T1/phv/m/n/10 DOCTEST_SUPPRESS_PRIVATE_WARNINGS_PUSH,
 []


Overfull \hbox (18.46819pt too wide) in paragraph at lines 555--557
[]| \T1/phv/m/n/10 DOCTEST_SUPPRESS_PUBLIC_WARNINGS_PUSH,
 []

[471]
Underfull \hbox (badness 10000) in paragraph at lines 563--564
[]| \T1/phv/m/n/10 DOCTEST_TEST_CASE_TEMPLATE_APPLY,
 []


Underfull \hbox (badness 10000) in paragraph at lines 564--565
[]| \T1/phv/m/n/10 DOCTEST_TEST_CASE_TEMPLATE_DEFINE,
 []


Overfull \hbox (15.8493pt too wide) in paragraph at lines 565--567
[]| \T1/phv/m/n/10 DOCTEST_TEST_CASE_TEMPLATE_DEFINE_IMPL,
 []


Overfull \hbox (39.19495pt too wide) in paragraph at lines 570--572
[]| \T1/phv/m/n/10 DOCTEST_TEST_CASE_TEMPLATE_INSTANTIATE_IMPL,
 []


Underfull \hbox (badness 10000) in paragraph at lines 572--573
[]| \T1/phv/m/n/10 DOCTEST_TEST_CASE_TEMPLATE_INVOKE,
 []


Underfull \hbox (badness 10000) in paragraph at lines 604--605
[]| \T1/phv/m/n/10 DOCTEST_WARN_THROWS_AS_MESSAGE,
 []


Underfull \hbox (badness 10000) in paragraph at lines 610--611
[]| \T1/phv/m/n/10 DOCTEST_WARN_THROWS_WITH_MESSAGE,
 []

[472] [473] [474]
Overfull \hbox (21.00668pt too wide) in paragraph at lines 965--967
[]\T1/phv/m/n/10 doctest::detail::filldata$\OML/cmm/m/it/10 <$ \T1/phv/m/n/10 T
, type-name detail::types::enable_if$\OML/cmm/m/it/10 <$
 []


Underfull \hbox (badness 2689) in paragraph at lines 965--967
\T1/phv/m/n/10 !detail::has_insertion_operator$\OML/cmm/m/it/10 <$ \T1/phv/m/n/
10 T $\OML/cmm/m/it/10 >$\T1/phv/m/n/10 ::value
 []


Underfull \hbox (badness 1454) in paragraph at lines 965--967
\T1/phv/m/n/10 &&detail::is_container$\OML/cmm/m/it/10 <$ \T1/phv/m/n/10 T $\OM
L/cmm/m/it/10 >$\T1/phv/m/n/10 ::value $\OML/cmm/m/it/10 >$\T1/phv/m/n/10 ::typ
e
 []


Overfull \hbox (150.11081pt too wide) in paragraph at lines 968--970
[]\T1/phv/m/n/10 doctest::detail::filldata$\OML/cmm/m/it/10 <$ \T1/phv/m/n/10 T
, type-name detail::types::enable_if$\OML/cmm/m/it/10 <$\T1/phv/m/n/10 !detail:
:has_insertion_operator$\OML/cmm/m/it/10 <$
 []


Underfull \hbox (badness 4144) in paragraph at lines 968--970
\T1/phv/m/n/10 T $\OML/cmm/m/it/10 >$\T1/phv/m/n/10 ::value &&detail::is_pair$\
OML/cmm/m/it/10 <$ \T1/phv/m/n/10 T $\OML/cmm/m/it/10 >$\T1/phv/m/n/10 ::value
 []


Overfull \hbox (72.78677pt too wide) in paragraph at lines 973--975
[]\T1/phv/m/n/10 doctest::detail::has_insertion_operator$\OML/cmm/m/it/10 <$ \T
1/phv/m/n/10 T, decltype(operator$\OML/cmm/m/it/10 <$$<$\T1/phv/m/n/10 (declval
$\OML/cmm/m/it/10 <$
 []


Underfull \hbox (badness 4403) in paragraph at lines 975--977
[]\T1/phv/m/n/10 doctest::detail::has_insertion_operator$\OML/cmm/m/it/10 <$ \T
1/phv/m/n/10 T, type-name
 []


Underfull \hbox (badness 2600) in paragraph at lines 981--983
[]\T1/phv/m/n/10 doctest::detail::is_container$\OML/cmm/m/it/10 <$ \T1/phv/m/n/
10 T, types::void_t$\OML/cmm/m/it/10 <$ \T1/phv/m/n/10 type-
 []


Underfull \hbox (badness 4144) in paragraph at lines 981--983
\T1/phv/m/n/10 name T::value_type, type-name T::iterator,
 []


Overfull \hbox (22.64427pt too wide) in paragraph at lines 981--983
\T1/phv/m/n/10 decltype(declval$\OML/cmm/m/it/10 <$ \T1/phv/m/n/10 T $\OML/cmm/
m/it/10 >$\T1/phv/m/n/10 ().begin()), decltype(declval$\OML/cmm/m/it/10 <$
 []


Underfull \hbox (badness 4366) in paragraph at lines 984--986
[]\T1/phv/m/n/10 doctest::detail::is_pair$\OML/cmm/m/it/10 <$ \T1/phv/m/n/10 T,
 types::void_t$\OML/cmm/m/it/10 <$ \T1/phv/m/n/10 type-name
 []


Underfull \hbox (badness 10000) in paragraph at lines 984--986
\T1/phv/m/n/10 T::first_type, type-name T::second_type,
 []


Overfull \hbox (19.13486pt too wide) in paragraph at lines 988--990
[]\T1/phv/m/n/10 doctest::detail::is_std_string$\OML/cmm/m/it/10 <$ \T1/phv/m/n
/10 T, type-name types::enable_if$\OML/cmm/m/it/10 <$
 []


Underfull \hbox (badness 10000) in paragraph at lines 988--990
\T1/phv/m/n/10 types::is_same$\OML/cmm/m/it/10 <$ \T1/phv/m/n/10 decltype(declv
al$\OML/cmm/m/it/10 <$ \T1/phv/m/n/10 const
 []


Underfull \hbox (badness 3568) in paragraph at lines 988--990
\T1/phv/m/n/10 T & $\OML/cmm/m/it/10 >$\T1/phv/m/n/10 ().c_str()), const char $
\OMS/cmsy/m/n/10 ^^C$ $\OML/cmm/m/it/10 >$\T1/phv/m/n/10 ::value
 []

[475]
Underfull \hbox (badness 2856) in paragraph at lines 1074--1076
[]\T1/phv/m/n/10 doctest::detail::types::is_rvalue_reference$\OML/cmm/m/it/10 <
$ \T1/phv/m/n/10 T && $\OML/cmm/m/it/10 >$\T1/phv/m/n/10 ,
 []

[476] [477]
Overfull \hbox (16.45905pt too wide) in paragraph at lines 1287--1288
[]\T1/phv/m/n/10 DOCTEST_CLANG_SUPPRESS_WARNING_WITH_PUSH 
 []


Overfull \hbox (35.83583pt too wide) in paragraph at lines 1325--1326
[]\T1/phv/m/n/10 DOCTEST_CREATE_AND_REGISTER_FUNCTION_IN_CLASS 
 []

[478]
Overfull \hbox (123.35925pt too wide) in paragraph at lines 1438--1439
[]\T1/phv/m/n/10 DOCTEST_MAKE_STD_HEADERS_CLEAN_FROM_WARNINGS_ON_WALL_BEGIN 
 []


Overfull \hbox (114.35054pt too wide) in paragraph at lines 1440--1441
[]\T1/phv/m/n/10 DOCTEST_MAKE_STD_HEADERS_CLEAN_FROM_WARNINGS_ON_WALL_END 
 []

[479]
Overfull \hbox (18.48402pt too wide) in paragraph at lines 1538--1539
[]\T1/phv/m/n/10 DOCTEST_REGISTER_EXCEPTION_TRANSLATOR_IMPL 
 []

[480]
Overfull \hbox (16.69305pt too wide) in paragraph at lines 1640--1641
[]\T1/phv/m/n/10 DOCTEST_TEST_CASE_TEMPLATE_INSTANTIATE_IMPL 
 []

[481] [482] [483]
Overfull \hbox (41.00668pt too wide) in paragraph at lines 1971--1973
[]| \T1/phv/m/n/10 doctest::detail::filldata$\OML/cmm/m/it/10 <$ \T1/phv/m/n/10
 T, type-name detail::types::enable_if$\OML/cmm/m/it/10 <$
 []


Underfull \hbox (badness 2689) in paragraph at lines 1971--1973
\T1/phv/m/n/10 !detail::has_insertion_operator$\OML/cmm/m/it/10 <$ \T1/phv/m/n/
10 T $\OML/cmm/m/it/10 >$\T1/phv/m/n/10 ::value
 []


Underfull \hbox (badness 1454) in paragraph at lines 1971--1973
\T1/phv/m/n/10 &&detail::is_container$\OML/cmm/m/it/10 <$ \T1/phv/m/n/10 T $\OM
L/cmm/m/it/10 >$\T1/phv/m/n/10 ::value $\OML/cmm/m/it/10 >$\T1/phv/m/n/10 ::typ
e
 []


Overfull \hbox (170.11081pt too wide) in paragraph at lines 1973--1975
[]| \T1/phv/m/n/10 doctest::detail::filldata$\OML/cmm/m/it/10 <$ \T1/phv/m/n/10
 T, type-name detail::types::enable_if$\OML/cmm/m/it/10 <$\T1/phv/m/n/10 !detai
l::has_insertion_operator$\OML/cmm/m/it/10 <$
 []


Underfull \hbox (badness 4144) in paragraph at lines 1973--1975
\T1/phv/m/n/10 T $\OML/cmm/m/it/10 >$\T1/phv/m/n/10 ::value &&detail::is_pair$\
OML/cmm/m/it/10 <$ \T1/phv/m/n/10 T $\OML/cmm/m/it/10 >$\T1/phv/m/n/10 ::value
 []

[484] [485] [486] [487] [488] [489]
Underfull \hbox (badness 10000) in paragraph at lines 2801--2802
[]| \T1/phv/m/n/10 DOCTEST_CONFIG_IMPLEMENT_WITH_MAIN,
 []

[490]
Underfull \hbox (badness 10000) in paragraph at lines 2875--2877
[]| \T1/phv/m/n/10 doctest::detail::types::remove_reference$\OML/cmm/m/it/10 <$
 \T1/phv/m/n/10 T $\OML/cmm/m/it/10 >$\T1/phv/m/n/10 ,
 []

[491] [492

]) (refman.aux)
 ***********
LaTeX2e <2025-11-01>
L3 programming layer <2025-12-24>
 ***********


LaTeX Font Warning: Some font shapes were not available, defaults substituted.

Package rerunfilecheck Info: File `refman.out' has not changed.
(rerunfilecheck)             Checksum: 7DB261DDC205E5CD7C22B9FFCF937BAF;365402.

 ) 
Here is how much of TeX's memory you used:
 42667 strings out of 467871
 1034043 string characters out of 5418377
 1549142 words of memory out of 5000000
 55028 multiletter control sequences out of 15000+600000
 693093 words of font info for 138 fonts, out of 8000000 for 9000
 1141 hyphenation exceptions out of 8191
 103i,16n,124p,1778b,4125s stack positions out of 10000i,1000n,20000p,200000b,200000s
 <C:\Users\lipeh\AppData\Local\MiKTeX\fonts/pk/ljfour/jknappen/ec/dpi600\tcss
1000.pk><C:/Users/lipeh/AppData/Local/Programs/MiKTeX/fonts/type1/public/amsfon
ts/cm/cmmi10.pfb><C:/Users/lipeh/AppData/Local/Programs/MiKTeX/fonts/type1/publ
ic/amsfonts/cm/cmmi12.pfb><C:/Users/lipeh/AppData/Local/Programs/MiKTeX/fonts/t
ype1/public/amsfonts/cm/cmmi7.pfb><C:/Users/lipeh/AppData/Local/Programs/MiKTeX
/fonts/type1/public/amsfonts/cm/cmmi8.pfb><C:/Users/lipeh/AppData/Local/Program
s/MiKTeX/fonts/type1/public/amsfonts/cm/cmmi9.pfb><C:/Users/lipeh/AppData/Local
/Programs/MiKTeX/fonts/type1/public/amsfonts/cm/cmsy10.pfb><C:/Users/lipeh/AppD
ata/Local/Programs/MiKTeX/fonts/type1/public/amsfonts/cm/cmsy7.pfb><C:/Users/li
peh/AppData/Local/Programs/MiKTeX/fonts/type1/public/amsfonts/cm/cmsy8.pfb><C:/
Users/lipeh/AppData/Local/Programs/MiKTeX/fonts/type1/urw/courier/ucrb8a.pfb><C
:/Users/lipeh/AppData/Local/Programs/MiKTeX/fonts/type1/urw/courier/ucrr8a.pfb>
<C:/Users/lipeh/AppData/Local/Programs/MiKTeX/fonts/type1/urw/courier/ucrro8a.p
fb><C:/Users/lipeh/AppData/Local/Programs/MiKTeX/fonts/type1/urw/helvetic/uhvb8
a.pfb><C:/Users/lipeh/AppData/Local/Programs/MiKTeX/fonts/type1/urw/helvetic/uh
vb8ac.pfb><C:/Users/lipeh/AppData/Local/Programs/MiKTeX/fonts/type1/urw/helveti
c/uhvr8a.pfb><C:/Users/lipeh/AppData/Local/Programs/MiKTeX/fonts/type1/urw/helv
etic/uhvro8a.pfb>
Output written on refman.pdf (532 pages, 7441471 bytes).
PDF statistics:
 50151 PDF objects out of 55141 (max. 8388607)
 15749 named destinations out of 18468 (max. 500000)
 12437 words of extra memory for PDF output out of 14400 (max. 10000000)

