\BOOKMARK [0][-]{chapter.1}{\376\377\0001\000\040\000S\000i\000s\000t\000e\000m\000a\000\040\000d\000e\000\040\000T\000o\000l\000e\000r\000\342\000n\000c\000i\000a\000\040\000d\000e\000\040\000F\000a\000l\000h\000a\000\040\000e\000m\000\040\000F\000\341\000b\000r\000i\000c\000a\000s\000\040}{}% 1
\BOOKMARK [1][-]{section.1.1}{\376\377\0001\000.\0001\000\040\000M\000o\000t\000i\000v\000a\000\347\000\343\000o}{chapter.1}% 2
\BOOKMARK [1][-]{section.1.2}{\376\377\0001\000.\0002\000\040\000F\000u\000n\000c\000i\000o\000n\000a\000l\000i\000d\000a\000d\000e\000s}{chapter.1}% 3
\BOOKMARK [1][-]{section.1.3}{\376\377\0001\000.\0003\000\040\000H\000i\000e\000r\000a\000r\000q\000u\000i\000a\000\040\000d\000o\000\040\000S\000i\000s\000t\000e\000m\000a}{chapter.1}% 4
\BOOKMARK [1][-]{section.1.4}{\376\377\0001\000.\0004\000\040\000C\000a\000r\000g\000o\000s\000\040\000d\000e\000\040\000U\000s\000u\000\341\000r\000i\000o}{chapter.1}% 5
\BOOKMARK [1][-]{section.1.5}{\376\377\0001\000.\0005\000\040\000E\000s\000t\000r\000u\000t\000u\000r\000a\000\040\000d\000e\000\040\000D\000i\000r\000e\000t\000\363\000r\000i\000o\000s}{chapter.1}% 6
\BOOKMARK [1][-]{section.1.6}{\376\377\0001\000.\0006\000\040\000E\000s\000t\000a\000d\000o\000\040\000d\000e\000\040\000D\000e\000s\000e\000n\000v\000o\000l\000v\000i\000m\000e\000n\000t\000o}{chapter.1}% 7
\BOOKMARK [1][-]{section.1.7}{\376\377\0001\000.\0007\000\040\000P\000r\000o\000g\000r\000a\000m\000a\000\347\000\343\000o\000\040\000D\000e\000f\000e\000n\000s\000i\000v\000a\000\040\000e\000\040\000T\000r\000a\000t\000a\000m\000e\000n\000t\000o\000\040\000d\000e\000\040\000E\000x\000c\000e\000\347\000\365\000e\000s}{chapter.1}% 8
\BOOKMARK [1][-]{section.1.8}{\376\377\0001\000.\0008\000\040\000C\000o\000m\000p\000i\000l\000a\000\347\000\343\000o\000\040\000e\000\040\000T\000e\000s\000t\000e\000s}{chapter.1}% 9
\BOOKMARK [2][-]{subsection.1.8.1}{\376\377\0001\000.\0008\000.\0001\000\040\000I\000n\000s\000t\000a\000l\000a\000\347\000\343\000o\000\040\000d\000o\000\040\000g\000c\000o\000v\000r}{section.1.8}% 10
\BOOKMARK [1][-]{section.1.9}{\376\377\0001\000.\0009\000\040\000E\000x\000e\000c\000u\000\347\000\343\000o\000\040\000d\000a\000\040\000A\000p\000l\000i\000c\000a\000\347\000\343\000o}{chapter.1}% 11
\BOOKMARK [1][-]{section.1.10}{\376\377\0001\000.\0001\0000\000\040\000D\000o\000c\000u\000m\000e\000n\000t\000a\000\347\000\343\000o}{chapter.1}% 12
\BOOKMARK [1][-]{section.1.11}{\376\377\0001\000.\0001\0001\000\040\000E\000q\000u\000i\000p\000e}{chapter.1}% 13
\BOOKMARK [0][-]{chapter.2}{\376\377\0002\000\040\000n\000o\000t\000a\000s\000-\000C\0006\000\040}{}% 14
\BOOKMARK [0][-]{chapter.3}{\376\377\0003\000\040\000n\000o\000t\000a\000s\000-\000C\0007\000\040}{}% 15
\BOOKMARK [0][-]{chapter.4}{\376\377\0004\000\040\000D\000i\000r\000e\000c\000t\000o\000r\000y\000\040\000H\000i\000e\000r\000a\000r\000c\000h\000y}{}% 16
\BOOKMARK [1][-]{section.4.1}{\376\377\0004\000.\0001\000\040\000D\000i\000r\000e\000c\000t\000o\000r\000i\000e\000s}{chapter.4}% 17
\BOOKMARK [0][-]{chapter.5}{\376\377\0005\000\040\000N\000a\000m\000e\000s\000p\000a\000c\000e\000\040\000I\000n\000d\000e\000x}{}% 18
\BOOKMARK [1][-]{section.5.1}{\376\377\0005\000.\0001\000\040\000N\000a\000m\000e\000s\000p\000a\000c\000e\000\040\000L\000i\000s\000t}{chapter.5}% 19
\BOOKMARK [0][-]{chapter.6}{\376\377\0006\000\040\000H\000i\000e\000r\000a\000r\000c\000h\000i\000c\000a\000l\000\040\000I\000n\000d\000e\000x}{}% 20
\BOOKMARK [1][-]{section.6.1}{\376\377\0006\000.\0001\000\040\000C\000l\000a\000s\000s\000\040\000H\000i\000e\000r\000a\000r\000c\000h\000y}{chapter.6}% 21
\BOOKMARK [0][-]{chapter.7}{\376\377\0007\000\040\000C\000l\000a\000s\000s\000\040\000I\000n\000d\000e\000x}{}% 22
\BOOKMARK [1][-]{section.7.1}{\376\377\0007\000.\0001\000\040\000C\000l\000a\000s\000s\000\040\000L\000i\000s\000t}{chapter.7}% 23
\BOOKMARK [0][-]{chapter.8}{\376\377\0008\000\040\000F\000i\000l\000e\000\040\000I\000n\000d\000e\000x}{}% 24
\BOOKMARK [1][-]{section.8.1}{\376\377\0008\000.\0001\000\040\000F\000i\000l\000e\000\040\000L\000i\000s\000t}{chapter.8}% 25
\BOOKMARK [0][-]{chapter.9}{\376\377\0009\000\040\000D\000i\000r\000e\000c\000t\000o\000r\000y\000\040\000D\000o\000c\000u\000m\000e\000n\000t\000a\000t\000i\000o\000n}{}% 26
\BOOKMARK [1][-]{section.9.1}{\376\377\0009\000.\0001\000\040\000d\000e\000s\000i\000g\000n\000\040\000D\000i\000r\000e\000c\000t\000o\000r\000y\000\040\000R\000e\000f\000e\000r\000e\000n\000c\000e}{chapter.9}% 27
\BOOKMARK [1][-]{section.9.2}{\376\377\0009\000.\0002\000\040\000i\000n\000c\000l\000u\000d\000e\000\040\000D\000i\000r\000e\000c\000t\000o\000r\000y\000\040\000R\000e\000f\000e\000r\000e\000n\000c\000e}{chapter.9}% 28
\BOOKMARK [1][-]{section.9.3}{\376\377\0009\000.\0003\000\040\000s\000r\000c\000\040\000D\000i\000r\000e\000c\000t\000o\000r\000y\000\040\000R\000e\000f\000e\000r\000e\000n\000c\000e}{chapter.9}% 29
\BOOKMARK [1][-]{section.9.4}{\376\377\0009\000.\0004\000\040\000t\000e\000s\000t\000s\000\040\000D\000i\000r\000e\000c\000t\000o\000r\000y\000\040\000R\000e\000f\000e\000r\000e\000n\000c\000e}{chapter.9}% 30
\BOOKMARK [0][-]{chapter.10}{\376\377\0001\0000\000\040\000N\000a\000m\000e\000s\000p\000a\000c\000e\000\040\000D\000o\000c\000u\000m\000e\000n\000t\000a\000t\000i\000o\000n}{}% 31
\BOOKMARK [1][-]{section.10.1}{\376\377\0001\0000\000.\0001\000\040\000d\000o\000c\000t\000e\000s\000t\000\040\000N\000a\000m\000e\000s\000p\000a\000c\000e\000\040\000R\000e\000f\000e\000r\000e\000n\000c\000e}{chapter.10}% 32
\BOOKMARK [2][-]{subsection.10.1.1}{\376\377\0001\0000\000.\0001\000.\0001\000\040\000T\000y\000p\000e\000d\000e\000f\000\040\000D\000o\000c\000u\000m\000e\000n\000t\000a\000t\000i\000o\000n}{section.10.1}% 33
\BOOKMARK [3][-]{subsubsection.10.1.1.1}{\376\377\0001\0000\000.\0001\000.\0001\000.\0001\000\040\000s\000i\000z\000e\000\137\000t}{subsection.10.1.1}% 34
\BOOKMARK [2][-]{subsection.10.1.2}{\376\377\0001\0000\000.\0001\000.\0002\000\040\000F\000u\000n\000c\000t\000i\000o\000n\000\040\000D\000o\000c\000u\000m\000e\000n\000t\000a\000t\000i\000o\000n}{section.10.1}% 35
\BOOKMARK [3][-]{subsubsection.10.1.2.1}{\376\377\0001\0000\000.\0001\000.\0002\000.\0001\000\040\000a\000s\000s\000e\000r\000t\000S\000t\000r\000i\000n\000g\000\050\000\051}{subsection.10.1.2}% 36
\BOOKMARK [3][-]{subsubsection.10.1.2.2}{\376\377\0001\0000\000.\0001\000.\0002\000.\0002\000\040\000D\000O\000C\000T\000E\000S\000T\000\137\000D\000E\000F\000I\000N\000E\000\137\000D\000E\000C\000O\000R\000A\000T\000O\000R\000\050\000\051\000\040\000[\0001\000/\0009\000]}{subsection.10.1.2}% 37
\BOOKMARK [3][-]{subsubsection.10.1.2.3}{\376\377\0001\0000\000.\0001\000.\0002\000.\0003\000\040\000D\000O\000C\000T\000E\000S\000T\000\137\000D\000E\000F\000I\000N\000E\000\137\000D\000E\000C\000O\000R\000A\000T\000O\000R\000\050\000\051\000\040\000[\0002\000/\0009\000]}{subsection.10.1.2}% 38
\BOOKMARK [3][-]{subsubsection.10.1.2.4}{\376\377\0001\0000\000.\0001\000.\0002\000.\0004\000\040\000D\000O\000C\000T\000E\000S\000T\000\137\000D\000E\000F\000I\000N\000E\000\137\000D\000E\000C\000O\000R\000A\000T\000O\000R\000\050\000\051\000\040\000[\0003\000/\0009\000]}{subsection.10.1.2}% 39
\BOOKMARK [3][-]{subsubsection.10.1.2.5}{\376\377\0001\0000\000.\0001\000.\0002\000.\0005\000\040\000D\000O\000C\000T\000E\000S\000T\000\137\000D\000E\000F\000I\000N\000E\000\137\000D\000E\000C\000O\000R\000A\000T\000O\000R\000\050\000\051\000\040\000[\0004\000/\0009\000]}{subsection.10.1.2}% 40
\BOOKMARK [3][-]{subsubsection.10.1.2.6}{\376\377\0001\0000\000.\0001\000.\0002\000.\0006\000\040\000D\000O\000C\000T\000E\000S\000T\000\137\000D\000E\000F\000I\000N\000E\000\137\000D\000E\000C\000O\000R\000A\000T\000O\000R\000\050\000\051\000\040\000[\0005\000/\0009\000]}{subsection.10.1.2}% 41
\BOOKMARK [3][-]{subsubsection.10.1.2.7}{\376\377\0001\0000\000.\0001\000.\0002\000.\0007\000\040\000D\000O\000C\000T\000E\000S\000T\000\137\000D\000E\000F\000I\000N\000E\000\137\000D\000E\000C\000O\000R\000A\000T\000O\000R\000\050\000\051\000\040\000[\0006\000/\0009\000]}{subsection.10.1.2}% 42
\BOOKMARK [3][-]{subsubsection.10.1.2.8}{\376\377\0001\0000\000.\0001\000.\0002\000.\0008\000\040\000D\000O\000C\000T\000E\000S\000T\000\137\000D\000E\000F\000I\000N\000E\000\137\000D\000E\000C\000O\000R\000A\000T\000O\000R\000\050\000\051\000\040\000[\0007\000/\0009\000]}{subsection.10.1.2}% 43
\BOOKMARK [3][-]{subsubsection.10.1.2.9}{\376\377\0001\0000\000.\0001\000.\0002\000.\0009\000\040\000D\000O\000C\000T\000E\000S\000T\000\137\000D\000E\000F\000I\000N\000E\000\137\000D\000E\000C\000O\000R\000A\000T\000O\000R\000\050\000\051\000\040\000[\0008\000/\0009\000]}{subsection.10.1.2}% 44
\BOOKMARK [3][-]{subsubsection.10.1.2.10}{\376\377\0001\0000\000.\0001\000.\0002\000.\0001\0000\000\040\000D\000O\000C\000T\000E\000S\000T\000\137\000D\000E\000F\000I\000N\000E\000\137\000D\000E\000C\000O\000R\000A\000T\000O\000R\000\050\000\051\000\040\000[\0009\000/\0009\000]}{subsection.10.1.2}% 45
\BOOKMARK [3][-]{subsubsection.10.1.2.11}{\376\377\0001\0000\000.\0001\000.\0002\000.\0001\0001\000\040\000f\000a\000i\000l\000u\000r\000e\000S\000t\000r\000i\000n\000g\000\050\000\051}{subsection.10.1.2}% 46
\BOOKMARK [3][-]{subsubsection.10.1.2.12}{\376\377\0001\0000\000.\0001\000.\0002\000.\0001\0002\000\040\000g\000e\000t\000C\000o\000n\000t\000e\000x\000t\000O\000p\000t\000i\000o\000n\000s\000\050\000\051}{subsection.10.1.2}% 47
\BOOKMARK [3][-]{subsubsection.10.1.2.13}{\376\377\0001\0000\000.\0001\000.\0002\000.\0001\0003\000\040\000o\000p\000e\000r\000a\000t\000o\000r\000!\000=\000\050\000\051\000\040\000[\0001\000/\0003\000]}{subsection.10.1.2}% 48
\BOOKMARK [3][-]{subsubsection.10.1.2.14}{\376\377\0001\0000\000.\0001\000.\0002\000.\0001\0004\000\040\000o\000p\000e\000r\000a\000t\000o\000r\000!\000=\000\050\000\051\000\040\000[\0002\000/\0003\000]}{subsection.10.1.2}% 49
\BOOKMARK [3][-]{subsubsection.10.1.2.15}{\376\377\0001\0000\000.\0001\000.\0002\000.\0001\0005\000\040\000o\000p\000e\000r\000a\000t\000o\000r\000!\000=\000\050\000\051\000\040\000[\0003\000/\0003\000]}{subsection.10.1.2}% 50
\BOOKMARK [3][-]{subsubsection.10.1.2.16}{\376\377\0001\0000\000.\0001\000.\0002\000.\0001\0006\000\040\000o\000p\000e\000r\000a\000t\000o\000r\000+\000\050\000\051}{subsection.10.1.2}% 51
\BOOKMARK [3][-]{subsubsection.10.1.2.17}{\376\377\0001\0000\000.\0001\000.\0002\000.\0001\0007\000\040\000o\000p\000e\000r\000a\000t\000o\000r\000<\000\050\000\051}{subsection.10.1.2}% 52
\BOOKMARK [3][-]{subsubsection.10.1.2.18}{\376\377\0001\0000\000.\0001\000.\0002\000.\0001\0008\000\040\000o\000p\000e\000r\000a\000t\000o\000r\000<\000=\000\050\000\051}{subsection.10.1.2}% 53
\BOOKMARK [3][-]{subsubsection.10.1.2.19}{\376\377\0001\0000\000.\0001\000.\0002\000.\0001\0009\000\040\000o\000p\000e\000r\000a\000t\000o\000r\000=\000=\000\050\000\051\000\040\000[\0001\000/\0003\000]}{subsection.10.1.2}% 54
\BOOKMARK [3][-]{subsubsection.10.1.2.20}{\376\377\0001\0000\000.\0001\000.\0002\000.\0002\0000\000\040\000o\000p\000e\000r\000a\000t\000o\000r\000=\000=\000\050\000\051\000\040\000[\0002\000/\0003\000]}{subsection.10.1.2}% 55
\BOOKMARK [3][-]{subsubsection.10.1.2.21}{\376\377\0001\0000\000.\0001\000.\0002\000.\0002\0001\000\040\000o\000p\000e\000r\000a\000t\000o\000r\000=\000=\000\050\000\051\000\040\000[\0003\000/\0003\000]}{subsection.10.1.2}% 56
\BOOKMARK [3][-]{subsubsection.10.1.2.22}{\376\377\0001\0000\000.\0001\000.\0002\000.\0002\0002\000\040\000o\000p\000e\000r\000a\000t\000o\000r\000>\000\050\000\051}{subsection.10.1.2}% 57
\BOOKMARK [3][-]{subsubsection.10.1.2.23}{\376\377\0001\0000\000.\0001\000.\0002\000.\0002\0003\000\040\000o\000p\000e\000r\000a\000t\000o\000r\000>\000=\000\050\000\051}{subsection.10.1.2}% 58
\BOOKMARK [3][-]{subsubsection.10.1.2.24}{\376\377\0001\0000\000.\0001\000.\0002\000.\0002\0004\000\040\000r\000e\000g\000i\000s\000t\000e\000r\000E\000x\000c\000e\000p\000t\000i\000o\000n\000T\000r\000a\000n\000s\000l\000a\000t\000o\000r\000\050\000\051}{subsection.10.1.2}% 59
\BOOKMARK [3][-]{subsubsection.10.1.2.25}{\376\377\0001\0000\000.\0001\000.\0002\000.\0002\0005\000\040\000r\000e\000g\000i\000s\000t\000e\000r\000R\000e\000p\000o\000r\000t\000e\000r\000\050\000\051}{subsection.10.1.2}% 60
\BOOKMARK [3][-]{subsubsection.10.1.2.26}{\376\377\0001\0000\000.\0001\000.\0002\000.\0002\0006\000\040\000s\000k\000i\000p\000P\000a\000t\000h\000F\000r\000o\000m\000F\000i\000l\000e\000n\000a\000m\000e\000\050\000\051}{subsection.10.1.2}% 61
\BOOKMARK [3][-]{subsubsection.10.1.2.27}{\376\377\0001\0000\000.\0001\000.\0002\000.\0002\0007\000\040\000t\000o\000S\000t\000r\000i\000n\000g\000\050\000\051\000\040\000[\0001\000/\0002\0005\000]}{subsection.10.1.2}% 62
\BOOKMARK [3][-]{subsubsection.10.1.2.28}{\376\377\0001\0000\000.\0001\000.\0002\000.\0002\0008\000\040\000t\000o\000S\000t\000r\000i\000n\000g\000\050\000\051\000\040\000[\0002\000/\0002\0005\000]}{subsection.10.1.2}% 63
\BOOKMARK [3][-]{subsubsection.10.1.2.29}{\376\377\0001\0000\000.\0001\000.\0002\000.\0002\0009\000\040\000t\000o\000S\000t\000r\000i\000n\000g\000\050\000\051\000\040\000[\0003\000/\0002\0005\000]}{subsection.10.1.2}% 64
\BOOKMARK [3][-]{subsubsection.10.1.2.30}{\376\377\0001\0000\000.\0001\000.\0002\000.\0003\0000\000\040\000t\000o\000S\000t\000r\000i\000n\000g\000\050\000\051\000\040\000[\0004\000/\0002\0005\000]}{subsection.10.1.2}% 65
\BOOKMARK [3][-]{subsubsection.10.1.2.31}{\376\377\0001\0000\000.\0001\000.\0002\000.\0003\0001\000\040\000t\000o\000S\000t\000r\000i\000n\000g\000\050\000\051\000\040\000[\0005\000/\0002\0005\000]}{subsection.10.1.2}% 66
\BOOKMARK [3][-]{subsubsection.10.1.2.32}{\376\377\0001\0000\000.\0001\000.\0002\000.\0003\0002\000\040\000t\000o\000S\000t\000r\000i\000n\000g\000\050\000\051\000\040\000[\0006\000/\0002\0005\000]}{subsection.10.1.2}% 67
\BOOKMARK [3][-]{subsubsection.10.1.2.33}{\376\377\0001\0000\000.\0001\000.\0002\000.\0003\0003\000\040\000t\000o\000S\000t\000r\000i\000n\000g\000\050\000\051\000\040\000[\0007\000/\0002\0005\000]}{subsection.10.1.2}% 68
\BOOKMARK [3][-]{subsubsection.10.1.2.34}{\376\377\0001\0000\000.\0001\000.\0002\000.\0003\0004\000\040\000t\000o\000S\000t\000r\000i\000n\000g\000\050\000\051\000\040\000[\0008\000/\0002\0005\000]}{subsection.10.1.2}% 69
\BOOKMARK [3][-]{subsubsection.10.1.2.35}{\376\377\0001\0000\000.\0001\000.\0002\000.\0003\0005\000\040\000t\000o\000S\000t\000r\000i\000n\000g\000\050\000\051\000\040\000[\0009\000/\0002\0005\000]}{subsection.10.1.2}% 70
\BOOKMARK [3][-]{subsubsection.10.1.2.36}{\376\377\0001\0000\000.\0001\000.\0002\000.\0003\0006\000\040\000t\000o\000S\000t\000r\000i\000n\000g\000\050\000\051\000\040\000[\0001\0000\000/\0002\0005\000]}{subsection.10.1.2}% 71
\BOOKMARK [3][-]{subsubsection.10.1.2.37}{\376\377\0001\0000\000.\0001\000.\0002\000.\0003\0007\000\040\000t\000o\000S\000t\000r\000i\000n\000g\000\050\000\051\000\040\000[\0001\0001\000/\0002\0005\000]}{subsection.10.1.2}% 72
\BOOKMARK [3][-]{subsubsection.10.1.2.38}{\376\377\0001\0000\000.\0001\000.\0002\000.\0003\0008\000\040\000t\000o\000S\000t\000r\000i\000n\000g\000\050\000\051\000\040\000[\0001\0002\000/\0002\0005\000]}{subsection.10.1.2}% 73
\BOOKMARK [3][-]{subsubsection.10.1.2.39}{\376\377\0001\0000\000.\0001\000.\0002\000.\0003\0009\000\040\000t\000o\000S\000t\000r\000i\000n\000g\000\050\000\051\000\040\000[\0001\0003\000/\0002\0005\000]}{subsection.10.1.2}% 74
\BOOKMARK [3][-]{subsubsection.10.1.2.40}{\376\377\0001\0000\000.\0001\000.\0002\000.\0004\0000\000\040\000t\000o\000S\000t\000r\000i\000n\000g\000\050\000\051\000\040\000[\0001\0004\000/\0002\0005\000]}{subsection.10.1.2}% 75
\BOOKMARK [3][-]{subsubsection.10.1.2.41}{\376\377\0001\0000\000.\0001\000.\0002\000.\0004\0001\000\040\000t\000o\000S\000t\000r\000i\000n\000g\000\050\000\051\000\040\000[\0001\0005\000/\0002\0005\000]}{subsection.10.1.2}% 76
\BOOKMARK [3][-]{subsubsection.10.1.2.42}{\376\377\0001\0000\000.\0001\000.\0002\000.\0004\0002\000\040\000t\000o\000S\000t\000r\000i\000n\000g\000\050\000\051\000\040\000[\0001\0006\000/\0002\0005\000]}{subsection.10.1.2}% 77
\BOOKMARK [3][-]{subsubsection.10.1.2.43}{\376\377\0001\0000\000.\0001\000.\0002\000.\0004\0003\000\040\000t\000o\000S\000t\000r\000i\000n\000g\000\050\000\051\000\040\000[\0001\0007\000/\0002\0005\000]}{subsection.10.1.2}% 78
\BOOKMARK [3][-]{subsubsection.10.1.2.44}{\376\377\0001\0000\000.\0001\000.\0002\000.\0004\0004\000\040\000t\000o\000S\000t\000r\000i\000n\000g\000\050\000\051\000\040\000[\0001\0008\000/\0002\0005\000]}{subsection.10.1.2}% 79
\BOOKMARK [3][-]{subsubsection.10.1.2.45}{\376\377\0001\0000\000.\0001\000.\0002\000.\0004\0005\000\040\000t\000o\000S\000t\000r\000i\000n\000g\000\050\000\051\000\040\000[\0001\0009\000/\0002\0005\000]}{subsection.10.1.2}% 80
\BOOKMARK [3][-]{subsubsection.10.1.2.46}{\376\377\0001\0000\000.\0001\000.\0002\000.\0004\0006\000\040\000t\000o\000S\000t\000r\000i\000n\000g\000\050\000\051\000\040\000[\0002\0000\000/\0002\0005\000]}{subsection.10.1.2}% 81
\BOOKMARK [3][-]{subsubsection.10.1.2.47}{\376\377\0001\0000\000.\0001\000.\0002\000.\0004\0007\000\040\000t\000o\000S\000t\000r\000i\000n\000g\000\050\000\051\000\040\000[\0002\0001\000/\0002\0005\000]}{subsection.10.1.2}% 82
\BOOKMARK [3][-]{subsubsection.10.1.2.48}{\376\377\0001\0000\000.\0001\000.\0002\000.\0004\0008\000\040\000t\000o\000S\000t\000r\000i\000n\000g\000\050\000\051\000\040\000[\0002\0002\000/\0002\0005\000]}{subsection.10.1.2}% 83
\BOOKMARK [3][-]{subsubsection.10.1.2.49}{\376\377\0001\0000\000.\0001\000.\0002\000.\0004\0009\000\040\000t\000o\000S\000t\000r\000i\000n\000g\000\050\000\051\000\040\000[\0002\0003\000/\0002\0005\000]}{subsection.10.1.2}% 84
\BOOKMARK [3][-]{subsubsection.10.1.2.50}{\376\377\0001\0000\000.\0001\000.\0002\000.\0005\0000\000\040\000t\000o\000S\000t\000r\000i\000n\000g\000\050\000\051\000\040\000[\0002\0004\000/\0002\0005\000]}{subsection.10.1.2}% 85
\BOOKMARK [3][-]{subsubsection.10.1.2.51}{\376\377\0001\0000\000.\0001\000.\0002\000.\0005\0001\000\040\000t\000o\000S\000t\000r\000i\000n\000g\000\050\000\051\000\040\000[\0002\0005\000/\0002\0005\000]}{subsection.10.1.2}% 86
\BOOKMARK [2][-]{subsection.10.1.3}{\376\377\0001\0000\000.\0001\000.\0003\000\040\000V\000a\000r\000i\000a\000b\000l\000e\000\040\000D\000o\000c\000u\000m\000e\000n\000t\000a\000t\000i\000o\000n}{section.10.1}% 87
\BOOKMARK [3][-]{subsubsection.10.1.3.1}{\376\377\0001\0000\000.\0001\000.\0003\000.\0001\000\040\000i\000s\000\137\000r\000u\000n\000n\000i\000n\000g\000\137\000i\000n\000\137\000t\000e\000s\000t}{subsection.10.1.3}% 88
\BOOKMARK [3][-]{subsubsection.10.1.3.2}{\376\377\0001\0000\000.\0001\000.\0003\000.\0002\000\040\000I\000s\000N\000a\000N\000<\000\040\000d\000o\000u\000b\000l\000e\000\040\000>}{subsection.10.1.3}% 89
\BOOKMARK [3][-]{subsubsection.10.1.3.3}{\376\377\0001\0000\000.\0001\000.\0003\000.\0003\000\040\000I\000s\000N\000a\000N\000<\000\040\000f\000l\000o\000a\000t\000\040\000>}{subsection.10.1.3}% 90
\BOOKMARK [3][-]{subsubsection.10.1.3.4}{\376\377\0001\0000\000.\0001\000.\0003\000.\0004\000\040\000I\000s\000N\000a\000N\000<\000\040\000l\000o\000n\000g\000\040\000d\000o\000u\000b\000l\000e\000\040\000>}{subsection.10.1.3}% 91
\BOOKMARK [3][-]{subsubsection.10.1.3.5}{\376\377\0001\0000\000.\0001\000.\0003\000.\0005\000\040\000T\000e\000s\000t\000C\000a\000s\000e\000D\000a\000t\000a}{subsection.10.1.3}% 92
\BOOKMARK [1][-]{section.10.2}{\376\377\0001\0000\000.\0002\000\040\000d\000o\000c\000t\000e\000s\000t\000:\000:\000a\000s\000s\000e\000r\000t\000T\000y\000p\000e\000\040\000N\000a\000m\000e\000s\000p\000a\000c\000e\000\040\000R\000e\000f\000e\000r\000e\000n\000c\000e}{chapter.10}% 93
\BOOKMARK [2][-]{subsection.10.2.1}{\376\377\0001\0000\000.\0002\000.\0001\000\040\000E\000n\000u\000m\000e\000r\000a\000t\000i\000o\000n\000\040\000T\000y\000p\000e\000\040\000D\000o\000c\000u\000m\000e\000n\000t\000a\000t\000i\000o\000n}{section.10.2}% 94
\BOOKMARK [3][-]{subsubsection.10.2.1.1}{\376\377\0001\0000\000.\0002\000.\0001\000.\0001\000\040\000E\000n\000u\000m}{subsection.10.2.1}% 95
\BOOKMARK [1][-]{section.10.3}{\376\377\0001\0000\000.\0003\000\040\000d\000o\000c\000t\000e\000s\000t\000:\000:\000C\000o\000l\000o\000r\000\040\000N\000a\000m\000e\000s\000p\000a\000c\000e\000\040\000R\000e\000f\000e\000r\000e\000n\000c\000e}{chapter.10}% 96
\BOOKMARK [2][-]{subsection.10.3.1}{\376\377\0001\0000\000.\0003\000.\0001\000\040\000E\000n\000u\000m\000e\000r\000a\000t\000i\000o\000n\000\040\000T\000y\000p\000e\000\040\000D\000o\000c\000u\000m\000e\000n\000t\000a\000t\000i\000o\000n}{section.10.3}% 97
\BOOKMARK [3][-]{subsubsection.10.3.1.1}{\376\377\0001\0000\000.\0003\000.\0001\000.\0001\000\040\000E\000n\000u\000m}{subsection.10.3.1}% 98
\BOOKMARK [2][-]{subsection.10.3.2}{\376\377\0001\0000\000.\0003\000.\0002\000\040\000F\000u\000n\000c\000t\000i\000o\000n\000\040\000D\000o\000c\000u\000m\000e\000n\000t\000a\000t\000i\000o\000n}{section.10.3}% 99
\BOOKMARK [3][-]{subsubsection.10.3.2.1}{\376\377\0001\0000\000.\0003\000.\0002\000.\0001\000\040\000o\000p\000e\000r\000a\000t\000o\000r\000<\000<\000\050\000\051}{subsection.10.3.2}% 100
\BOOKMARK [1][-]{section.10.4}{\376\377\0001\0000\000.\0004\000\040\000d\000o\000c\000t\000e\000s\000t\000:\000:\000d\000e\000t\000a\000i\000l\000\040\000N\000a\000m\000e\000s\000p\000a\000c\000e\000\040\000R\000e\000f\000e\000r\000e\000n\000c\000e}{chapter.10}% 101
\BOOKMARK [2][-]{subsection.10.4.1}{\376\377\0001\0000\000.\0004\000.\0001\000\040\000T\000y\000p\000e\000d\000e\000f\000\040\000D\000o\000c\000u\000m\000e\000n\000t\000a\000t\000i\000o\000n}{section.10.4}% 102
\BOOKMARK [3][-]{subsubsection.10.4.1.1}{\376\377\0001\0000\000.\0004\000.\0001\000.\0001\000\040\000a\000s\000s\000e\000r\000t\000\137\000h\000a\000n\000d\000l\000e\000r}{subsection.10.4.1}% 103
\BOOKMARK [3][-]{subsubsection.10.4.1.2}{\376\377\0001\0000\000.\0004\000.\0001\000.\0002\000\040\000f\000u\000n\000c\000T\000y\000p\000e}{subsection.10.4.1}% 104
\BOOKMARK [3][-]{subsubsection.10.4.1.3}{\376\377\0001\0000\000.\0004\000.\0001\000.\0003\000\040\000r\000e\000p\000o\000r\000t\000e\000r\000C\000r\000e\000a\000t\000o\000r\000F\000u\000n\000c}{subsection.10.4.1}% 105
\BOOKMARK [2][-]{subsection.10.4.2}{\376\377\0001\0000\000.\0004\000.\0002\000\040\000F\000u\000n\000c\000t\000i\000o\000n\000\040\000D\000o\000c\000u\000m\000e\000n\000t\000a\000t\000i\000o\000n}{section.10.4}% 106
\BOOKMARK [3][-]{subsubsection.10.4.2.1}{\376\377\0001\0000\000.\0004\000.\0002\000.\0001\000\040\000a\000c\000q\000u\000i\000r\000e\000G\000e\000n\000e\000r\000a\000t\000o\000r\000D\000e\000c\000i\000s\000i\000o\000n\000I\000n\000d\000e\000x\000\050\000\051}{subsection.10.4.2}% 107
\BOOKMARK [3][-]{subsubsection.10.4.2.2}{\376\377\0001\0000\000.\0004\000.\0002\000.\0002\000\040\000a\000c\000q\000u\000i\000r\000e\000G\000e\000n\000e\000r\000a\000t\000o\000r\000V\000a\000l\000u\000e\000\050\000\051}{subsection.10.4.2}% 108
\BOOKMARK [3][-]{subsubsection.10.4.2.3}{\376\377\0001\0000\000.\0004\000.\0002\000.\0003\000\040\000b\000i\000n\000a\000r\000y\000\137\000a\000s\000s\000e\000r\000t\000\050\000\051}{subsection.10.4.2}% 109
\BOOKMARK [3][-]{subsubsection.10.4.2.4}{\376\377\0001\0000\000.\0004\000.\0002\000.\0004\000\040\000c\000h\000e\000c\000k\000I\000f\000S\000h\000o\000u\000l\000d\000T\000h\000r\000o\000w\000\050\000\051}{subsection.10.4.2}% 110
\BOOKMARK [3][-]{subsubsection.10.4.2.5}{\376\377\0001\0000\000.\0004\000.\0002\000.\0005\000\040\000d\000e\000c\000l\000v\000a\000l\000\050\000\051}{subsection.10.4.2}% 111
\BOOKMARK [3][-]{subsubsection.10.4.2.6}{\376\377\0001\0000\000.\0004\000.\0002\000.\0006\000\040\000d\000e\000c\000o\000m\000p\000\137\000a\000s\000s\000e\000r\000t\000\050\000\051}{subsection.10.4.2}% 112
\BOOKMARK [3][-]{subsubsection.10.4.2.7}{\376\377\0001\0000\000.\0004\000.\0002\000.\0007\000\040\000f\000a\000i\000l\000e\000d\000\137\000o\000u\000t\000\137\000o\000f\000\137\000a\000\137\000t\000e\000s\000t\000i\000n\000g\000\137\000c\000o\000n\000t\000e\000x\000t\000\050\000\051}{subsection.10.4.2}% 113
\BOOKMARK [3][-]{subsubsection.10.4.2.8}{\376\377\0001\0000\000.\0004\000.\0002\000.\0008\000\040\000f\000i\000l\000l\000o\000s\000s\000\050\000\051\000\040\000[\0001\000/\0002\000]}{subsection.10.4.2}% 114
\BOOKMARK [3][-]{subsubsection.10.4.2.9}{\376\377\0001\0000\000.\0004\000.\0002\000.\0009\000\040\000f\000i\000l\000l\000o\000s\000s\000\050\000\051\000\040\000[\0002\000/\0002\000]}{subsection.10.4.2}% 115
\BOOKMARK [3][-]{subsubsection.10.4.2.10}{\376\377\0001\0000\000.\0004\000.\0002\000.\0001\0000\000\040\000f\000o\000r\000w\000a\000r\000d\000\050\000\051\000\040\000[\0001\000/\0002\000]}{subsection.10.4.2}% 116
\BOOKMARK [3][-]{subsubsection.10.4.2.11}{\376\377\0001\0000\000.\0004\000.\0002\000.\0001\0001\000\040\000f\000o\000r\000w\000a\000r\000d\000\050\000\051\000\040\000[\0002\000/\0002\000]}{subsection.10.4.2}% 117
\BOOKMARK [3][-]{subsubsection.10.4.2.12}{\376\377\0001\0000\000.\0004\000.\0002\000.\0001\0002\000\040\000i\000n\000s\000t\000a\000n\000t\000i\000a\000t\000i\000o\000n\000H\000e\000l\000p\000e\000r\000\050\000\051}{subsection.10.4.2}% 118
\BOOKMARK [3][-]{subsubsection.10.4.2.13}{\376\377\0001\0000\000.\0004\000.\0002\000.\0001\0003\000\040\000i\000s\000D\000e\000b\000u\000g\000g\000e\000r\000A\000c\000t\000i\000v\000e\000\050\000\051}{subsection.10.4.2}% 119
\BOOKMARK [3][-]{subsubsection.10.4.2.14}{\376\377\0001\0000\000.\0004\000.\0002\000.\0001\0004\000\040\000M\000a\000k\000e\000C\000o\000n\000t\000e\000x\000t\000S\000c\000o\000p\000e\000\050\000\051}{subsection.10.4.2}% 120
\BOOKMARK [3][-]{subsubsection.10.4.2.15}{\376\377\0001\0000\000.\0004\000.\0002\000.\0001\0005\000\040\000r\000e\000g\000i\000s\000t\000e\000r\000E\000x\000c\000e\000p\000t\000i\000o\000n\000T\000r\000a\000n\000s\000l\000a\000t\000o\000r\000I\000m\000p\000l\000\050\000\051}{subsection.10.4.2}% 121
\BOOKMARK [3][-]{subsubsection.10.4.2.16}{\376\377\0001\0000\000.\0004\000.\0002\000.\0001\0006\000\040\000r\000e\000g\000i\000s\000t\000e\000r\000R\000e\000p\000o\000r\000t\000e\000r\000I\000m\000p\000l\000\050\000\051}{subsection.10.4.2}% 122
\BOOKMARK [3][-]{subsubsection.10.4.2.17}{\376\377\0001\0000\000.\0004\000.\0002\000.\0001\0007\000\040\000r\000e\000g\000T\000e\000s\000t\000\050\000\051}{subsection.10.4.2}% 123
\BOOKMARK [3][-]{subsubsection.10.4.2.18}{\376\377\0001\0000\000.\0004\000.\0002\000.\0001\0008\000\040\000r\000e\000p\000o\000r\000t\000e\000r\000C\000r\000e\000a\000t\000o\000r\000\050\000\051}{subsection.10.4.2}% 124
\BOOKMARK [3][-]{subsubsection.10.4.2.19}{\376\377\0001\0000\000.\0004\000.\0002\000.\0001\0009\000\040\000s\000e\000t\000T\000e\000s\000t\000S\000u\000i\000t\000e\000\050\000\051}{subsection.10.4.2}% 125
\BOOKMARK [3][-]{subsubsection.10.4.2.20}{\376\377\0001\0000\000.\0004\000.\0002\000.\0002\0000\000\040\000s\000t\000r\000i\000n\000g\000i\000f\000y\000B\000i\000n\000a\000r\000y\000E\000x\000p\000r\000\050\000\051}{subsection.10.4.2}% 126
\BOOKMARK [3][-]{subsubsection.10.4.2.21}{\376\377\0001\0000\000.\0004\000.\0002\000.\0002\0001\000\040\000t\000h\000r\000o\000w\000E\000x\000c\000e\000p\000t\000i\000o\000n\000\050\000\051}{subsection.10.4.2}% 127
\BOOKMARK [3][-]{subsubsection.10.4.2.22}{\376\377\0001\0000\000.\0004\000.\0002\000.\0002\0002\000\040\000t\000l\000s\000s\000P\000o\000p\000\050\000\051}{subsection.10.4.2}% 128
\BOOKMARK [3][-]{subsubsection.10.4.2.23}{\376\377\0001\0000\000.\0004\000.\0002\000.\0002\0003\000\040\000t\000l\000s\000s\000P\000u\000s\000h\000\050\000\051}{subsection.10.4.2}% 129
\BOOKMARK [3][-]{subsubsection.10.4.2.24}{\376\377\0001\0000\000.\0004\000.\0002\000.\0002\0004\000\040\000t\000o\000S\000t\000r\000e\000a\000m\000\050\000\051}{subsection.10.4.2}% 130
\BOOKMARK [3][-]{subsubsection.10.4.2.25}{\376\377\0001\0000\000.\0004\000.\0002\000.\0002\0005\000\040\000u\000n\000a\000r\000y\000\137\000a\000s\000s\000e\000r\000t\000\050\000\051}{subsection.10.4.2}% 131
\BOOKMARK [2][-]{subsection.10.4.3}{\376\377\0001\0000\000.\0004\000.\0003\000\040\000V\000a\000r\000i\000a\000b\000l\000e\000\040\000D\000o\000c\000u\000m\000e\000n\000t\000a\000t\000i\000o\000n}{section.10.4}% 132
\BOOKMARK [3][-]{subsubsection.10.4.3.1}{\376\377\0001\0000\000.\0004\000.\0003\000.\0001\000\040\000T\000e\000s\000t\000C\000a\000s\000e}{subsection.10.4.3}% 133
\BOOKMARK [1][-]{section.10.5}{\376\377\0001\0000\000.\0005\000\040\000d\000o\000c\000t\000e\000s\000t\000:\000:\000d\000e\000t\000a\000i\000l\000:\000:\000b\000i\000n\000a\000r\000y\000A\000s\000s\000e\000r\000t\000C\000o\000m\000p\000a\000r\000i\000s\000o\000n\000\040\000N\000a\000m\000e\000s\000p\000a\000c\000e\000\040\000R\000e\000f\000e\000r\000e\000n\000c\000e}{chapter.10}% 134
\BOOKMARK [2][-]{subsection.10.5.1}{\376\377\0001\0000\000.\0005\000.\0001\000\040\000E\000n\000u\000m\000e\000r\000a\000t\000i\000o\000n\000\040\000T\000y\000p\000e\000\040\000D\000o\000c\000u\000m\000e\000n\000t\000a\000t\000i\000o\000n}{section.10.5}% 135
\BOOKMARK [3][-]{subsubsection.10.5.1.1}{\376\377\0001\0000\000.\0005\000.\0001\000.\0001\000\040\000E\000n\000u\000m}{subsection.10.5.1}% 136
\BOOKMARK [1][-]{section.10.6}{\376\377\0001\0000\000.\0006\000\040\000d\000o\000c\000t\000e\000s\000t\000:\000:\000d\000e\000t\000a\000i\000l\000:\000:\000t\000y\000p\000e\000s\000\040\000N\000a\000m\000e\000s\000p\000a\000c\000e\000\040\000R\000e\000f\000e\000r\000e\000n\000c\000e}{chapter.10}% 137
\BOOKMARK [2][-]{subsection.10.6.1}{\376\377\0001\0000\000.\0006\000.\0001\000\040\000T\000y\000p\000e\000d\000e\000f\000\040\000D\000o\000c\000u\000m\000e\000n\000t\000a\000t\000i\000o\000n}{section.10.6}% 138
\BOOKMARK [3][-]{subsubsection.10.6.1.1}{\376\377\0001\0000\000.\0006\000.\0001\000.\0001\000\040\000v\000o\000i\000d\000\137\000t}{subsection.10.6.1}% 139
\BOOKMARK [1][-]{section.10.7}{\376\377\0001\0000\000.\0007\000\040\000d\000o\000c\000t\000e\000s\000t\000:\000:\000T\000e\000s\000t\000C\000a\000s\000e\000F\000a\000i\000l\000u\000r\000e\000R\000e\000a\000s\000o\000n\000\040\000N\000a\000m\000e\000s\000p\000a\000c\000e\000\040\000R\000e\000f\000e\000r\000e\000n\000c\000e}{chapter.10}% 140
\BOOKMARK [2][-]{subsection.10.7.1}{\376\377\0001\0000\000.\0007\000.\0001\000\040\000E\000n\000u\000m\000e\000r\000a\000t\000i\000o\000n\000\040\000T\000y\000p\000e\000\040\000D\000o\000c\000u\000m\000e\000n\000t\000a\000t\000i\000o\000n}{section.10.7}% 141
\BOOKMARK [3][-]{subsubsection.10.7.1.1}{\376\377\0001\0000\000.\0007\000.\0001\000.\0001\000\040\000E\000n\000u\000m}{subsection.10.7.1}% 142
\BOOKMARK [1][-]{section.10.8}{\376\377\0001\0000\000.\0008\000\040\000d\000o\000c\000t\000e\000s\000t\000\137\000d\000e\000t\000a\000i\000l\000\137\000t\000e\000s\000t\000\137\000s\000u\000i\000t\000e\000\137\000n\000s\000\040\000N\000a\000m\000e\000s\000p\000a\000c\000e\000\040\000R\000e\000f\000e\000r\000e\000n\000c\000e}{chapter.10}% 143
\BOOKMARK [2][-]{subsection.10.8.1}{\376\377\0001\0000\000.\0008\000.\0001\000\040\000F\000u\000n\000c\000t\000i\000o\000n\000\040\000D\000o\000c\000u\000m\000e\000n\000t\000a\000t\000i\000o\000n}{section.10.8}% 144
\BOOKMARK [3][-]{subsubsection.10.8.1.1}{\376\377\0001\0000\000.\0008\000.\0001\000.\0001\000\040\000g\000e\000t\000C\000u\000r\000r\000e\000n\000t\000T\000e\000s\000t\000S\000u\000i\000t\000e\000\050\000\051}{subsection.10.8.1}% 145
\BOOKMARK [1][-]{section.10.9}{\376\377\0001\0000\000.\0009\000\040\000s\000t\000d\000\040\000N\000a\000m\000e\000s\000p\000a\000c\000e\000\040\000R\000e\000f\000e\000r\000e\000n\000c\000e}{chapter.10}% 146
\BOOKMARK [2][-]{subsection.10.9.1}{\376\377\0001\0000\000.\0009\000.\0001\000\040\000T\000y\000p\000e\000d\000e\000f\000\040\000D\000o\000c\000u\000m\000e\000n\000t\000a\000t\000i\000o\000n}{section.10.9}% 147
\BOOKMARK [3][-]{subsubsection.10.9.1.1}{\376\377\0001\0000\000.\0009\000.\0001\000.\0001\000\040\000i\000s\000t\000r\000e\000a\000m}{subsection.10.9.1}% 148
\BOOKMARK [3][-]{subsubsection.10.9.1.2}{\376\377\0001\0000\000.\0009\000.\0001\000.\0002\000\040\000n\000u\000l\000l\000p\000t\000r\000\137\000t}{subsection.10.9.1}% 149
\BOOKMARK [3][-]{subsubsection.10.9.1.3}{\376\377\0001\0000\000.\0009\000.\0001\000.\0003\000\040\000o\000s\000t\000r\000e\000a\000m}{subsection.10.9.1}% 150
\BOOKMARK [3][-]{subsubsection.10.9.1.4}{\376\377\0001\0000\000.\0009\000.\0001\000.\0004\000\040\000s\000i\000z\000e\000\137\000t}{subsection.10.9.1}% 151
\BOOKMARK [2][-]{subsection.10.9.2}{\376\377\0001\0000\000.\0009\000.\0002\000\040\000F\000u\000n\000c\000t\000i\000o\000n\000\040\000D\000o\000c\000u\000m\000e\000n\000t\000a\000t\000i\000o\000n}{section.10.9}% 152
\BOOKMARK [3][-]{subsubsection.10.9.2.1}{\376\377\0001\0000\000.\0009\000.\0002\000.\0001\000\040\000o\000p\000e\000r\000a\000t\000o\000r\000<\000<\000\050\000\051}{subsection.10.9.2}% 153
\BOOKMARK [0][-]{chapter.11}{\376\377\0001\0001\000\040\000C\000l\000a\000s\000s\000\040\000D\000o\000c\000u\000m\000e\000n\000t\000a\000t\000i\000o\000n}{}% 154
\BOOKMARK [1][-]{section.11.1}{\376\377\0001\0001\000.\0001\000\040\000A\000c\000e\000s\000s\000o\000N\000e\000g\000a\000d\000o\000\040\000C\000l\000a\000s\000s\000\040\000R\000e\000f\000e\000r\000e\000n\000c\000e}{chapter.11}% 155
\BOOKMARK [2][-]{subsection.11.1.1}{\376\377\0001\0001\000.\0001\000.\0001\000\040\000D\000e\000t\000a\000i\000l\000e\000d\000\040\000D\000e\000s\000c\000r\000i\000p\000t\000i\000o\000n}{section.11.1}% 156
\BOOKMARK [1][-]{section.11.2}{\376\377\0001\0001\000.\0002\000\040\000A\000l\000a\000r\000m\000e\000\040\000C\000l\000a\000s\000s\000\040\000R\000e\000f\000e\000r\000e\000n\000c\000e}{chapter.11}% 157
\BOOKMARK [2][-]{subsection.11.2.1}{\376\377\0001\0001\000.\0002\000.\0001\000\040\000D\000e\000t\000a\000i\000l\000e\000d\000\040\000D\000e\000s\000c\000r\000i\000p\000t\000i\000o\000n}{section.11.2}% 158
\BOOKMARK [2][-]{subsection.11.2.2}{\376\377\0001\0001\000.\0002\000.\0002\000\040\000C\000o\000n\000s\000t\000r\000u\000c\000t\000o\000r\000\040\000\046\000\040\000D\000e\000s\000t\000r\000u\000c\000t\000o\000r\000\040\000D\000o\000c\000u\000m\000e\000n\000t\000a\000t\000i\000o\000n}{section.11.2}% 159
\BOOKMARK [3][-]{subsubsection.11.2.2.1}{\376\377\0001\0001\000.\0002\000.\0002\000.\0001\000\040\000A\000l\000a\000r\000m\000e\000\050\000\051}{subsection.11.2.2}% 160
\BOOKMARK [2][-]{subsection.11.2.3}{\376\377\0001\0001\000.\0002\000.\0003\000\040\000M\000e\000m\000b\000e\000r\000\040\000F\000u\000n\000c\000t\000i\000o\000n\000\040\000D\000o\000c\000u\000m\000e\000n\000t\000a\000t\000i\000o\000n}{section.11.2}% 161
\BOOKMARK [3][-]{subsubsection.11.2.3.1}{\376\377\0001\0001\000.\0002\000.\0003\000.\0001\000\040\000A\000t\000u\000a\000l\000i\000z\000a\000r\000A\000l\000a\000r\000m\000e\000\050\000\051}{subsection.11.2.3}% 162
\BOOKMARK [3][-]{subsubsection.11.2.3.2}{\376\377\0001\0001\000.\0002\000.\0003\000.\0002\000\040\000G\000e\000t\000E\000s\000t\000a\000d\000o\000\050\000\051}{subsection.11.2.3}% 163
\BOOKMARK [3][-]{subsubsection.11.2.3.3}{\376\377\0001\0001\000.\0002\000.\0003\000.\0003\000\040\000S\000e\000t\000D\000e\000s\000c\000\050\000\051}{subsection.11.2.3}% 164
\BOOKMARK [3][-]{subsubsection.11.2.3.4}{\376\377\0001\0001\000.\0002\000.\0003\000.\0004\000\040\000S\000e\000t\000E\000s\000t\000a\000d\000o\000\050\000\051}{subsection.11.2.3}% 165
\BOOKMARK [1][-]{section.11.3}{\376\377\0001\0001\000.\0003\000\040\000d\000o\000c\000t\000e\000s\000t\000:\000:\000A\000p\000p\000r\000o\000x\000\040\000S\000t\000r\000u\000c\000t\000\040\000R\000e\000f\000e\000r\000e\000n\000c\000e}{chapter.11}% 166
\BOOKMARK [2][-]{subsection.11.3.1}{\376\377\0001\0001\000.\0003\000.\0001\000\040\000D\000e\000t\000a\000i\000l\000e\000d\000\040\000D\000e\000s\000c\000r\000i\000p\000t\000i\000o\000n}{section.11.3}% 167
\BOOKMARK [2][-]{subsection.11.3.2}{\376\377\0001\0001\000.\0003\000.\0002\000\040\000C\000o\000n\000s\000t\000r\000u\000c\000t\000o\000r\000\040\000\046\000\040\000D\000e\000s\000t\000r\000u\000c\000t\000o\000r\000\040\000D\000o\000c\000u\000m\000e\000n\000t\000a\000t\000i\000o\000n}{section.11.3}% 168
\BOOKMARK [3][-]{subsubsection.11.3.2.1}{\376\377\0001\0001\000.\0003\000.\0002\000.\0001\000\040\000A\000p\000p\000r\000o\000x\000\050\000\051}{subsection.11.3.2}% 169
\BOOKMARK [2][-]{subsection.11.3.3}{\376\377\0001\0001\000.\0003\000.\0003\000\040\000M\000e\000m\000b\000e\000r\000\040\000F\000u\000n\000c\000t\000i\000o\000n\000\040\000D\000o\000c\000u\000m\000e\000n\000t\000a\000t\000i\000o\000n}{section.11.3}% 170
\BOOKMARK [3][-]{subsubsection.11.3.3.1}{\376\377\0001\0001\000.\0003\000.\0003\000.\0001\000\040\000e\000p\000s\000i\000l\000o\000n\000\050\000\051}{subsection.11.3.3}% 171
\BOOKMARK [3][-]{subsubsection.11.3.3.2}{\376\377\0001\0001\000.\0003\000.\0003\000.\0002\000\040\000o\000p\000e\000r\000a\000t\000o\000r\000\050\000\051\000\050\000\051}{subsection.11.3.3}% 172
\BOOKMARK [3][-]{subsubsection.11.3.3.3}{\376\377\0001\0001\000.\0003\000.\0003\000.\0003\000\040\000s\000c\000a\000l\000e\000\050\000\051}{subsection.11.3.3}% 173
\BOOKMARK [2][-]{subsection.11.3.4}{\376\377\0001\0001\000.\0003\000.\0004\000\040\000F\000r\000i\000e\000n\000d\000s\000\040\000A\000n\000d\000\040\000R\000e\000l\000a\000t\000e\000d\000\040\000S\000y\000m\000b\000o\000l\000\040\000D\000o\000c\000u\000m\000e\000n\000t\000a\000t\000i\000o\000n}{section.11.3}% 174
\BOOKMARK [3][-]{subsubsection.11.3.4.1}{\376\377\0001\0001\000.\0003\000.\0004\000.\0001\000\040\000o\000p\000e\000r\000a\000t\000o\000r\000!\000=\000\040\000[\0001\000/\0002\000]}{subsection.11.3.4}% 175
\BOOKMARK [3][-]{subsubsection.11.3.4.2}{\376\377\0001\0001\000.\0003\000.\0004\000.\0002\000\040\000o\000p\000e\000r\000a\000t\000o\000r\000!\000=\000\040\000[\0002\000/\0002\000]}{subsection.11.3.4}% 176
\BOOKMARK [3][-]{subsubsection.11.3.4.3}{\376\377\0001\0001\000.\0003\000.\0004\000.\0003\000\040\000o\000p\000e\000r\000a\000t\000o\000r\000<\000\040\000[\0001\000/\0002\000]}{subsection.11.3.4}% 177
\BOOKMARK [3][-]{subsubsection.11.3.4.4}{\376\377\0001\0001\000.\0003\000.\0004\000.\0004\000\040\000o\000p\000e\000r\000a\000t\000o\000r\000<\000\040\000[\0002\000/\0002\000]}{subsection.11.3.4}% 178
\BOOKMARK [3][-]{subsubsection.11.3.4.5}{\376\377\0001\0001\000.\0003\000.\0004\000.\0005\000\040\000o\000p\000e\000r\000a\000t\000o\000r\000<\000=\000\040\000[\0001\000/\0002\000]}{subsection.11.3.4}% 179
\BOOKMARK [3][-]{subsubsection.11.3.4.6}{\376\377\0001\0001\000.\0003\000.\0004\000.\0006\000\040\000o\000p\000e\000r\000a\000t\000o\000r\000<\000=\000\040\000[\0002\000/\0002\000]}{subsection.11.3.4}% 180
\BOOKMARK [3][-]{subsubsection.11.3.4.7}{\376\377\0001\0001\000.\0003\000.\0004\000.\0007\000\040\000o\000p\000e\000r\000a\000t\000o\000r\000=\000=\000\040\000[\0001\000/\0002\000]}{subsection.11.3.4}% 181
\BOOKMARK [3][-]{subsubsection.11.3.4.8}{\376\377\0001\0001\000.\0003\000.\0004\000.\0008\000\040\000o\000p\000e\000r\000a\000t\000o\000r\000=\000=\000\040\000[\0002\000/\0002\000]}{subsection.11.3.4}% 182
\BOOKMARK [3][-]{subsubsection.11.3.4.9}{\376\377\0001\0001\000.\0003\000.\0004\000.\0009\000\040\000o\000p\000e\000r\000a\000t\000o\000r\000>\000\040\000[\0001\000/\0002\000]}{subsection.11.3.4}% 183
\BOOKMARK [3][-]{subsubsection.11.3.4.10}{\376\377\0001\0001\000.\0003\000.\0004\000.\0001\0000\000\040\000o\000p\000e\000r\000a\000t\000o\000r\000>\000\040\000[\0002\000/\0002\000]}{subsection.11.3.4}% 184
\BOOKMARK [3][-]{subsubsection.11.3.4.11}{\376\377\0001\0001\000.\0003\000.\0004\000.\0001\0001\000\040\000o\000p\000e\000r\000a\000t\000o\000r\000>\000=\000\040\000[\0001\000/\0002\000]}{subsection.11.3.4}% 185
\BOOKMARK [3][-]{subsubsection.11.3.4.12}{\376\377\0001\0001\000.\0003\000.\0004\000.\0001\0002\000\040\000o\000p\000e\000r\000a\000t\000o\000r\000>\000=\000\040\000[\0002\000/\0002\000]}{subsection.11.3.4}% 186
\BOOKMARK [2][-]{subsection.11.3.5}{\376\377\0001\0001\000.\0003\000.\0005\000\040\000M\000e\000m\000b\000e\000r\000\040\000D\000a\000t\000a\000\040\000D\000o\000c\000u\000m\000e\000n\000t\000a\000t\000i\000o\000n}{section.11.3}% 187
\BOOKMARK [3][-]{subsubsection.11.3.5.1}{\376\377\0001\0001\000.\0003\000.\0005\000.\0001\000\040\000m\000\137\000e\000p\000s\000i\000l\000o\000n}{subsection.11.3.5}% 188
\BOOKMARK [3][-]{subsubsection.11.3.5.2}{\376\377\0001\0001\000.\0003\000.\0005\000.\0002\000\040\000m\000\137\000s\000c\000a\000l\000e}{subsection.11.3.5}% 189
\BOOKMARK [3][-]{subsubsection.11.3.5.3}{\376\377\0001\0001\000.\0003\000.\0005\000.\0003\000\040\000m\000\137\000v\000a\000l\000u\000e}{subsection.11.3.5}% 190
\BOOKMARK [1][-]{section.11.4}{\376\377\0001\0001\000.\0004\000\040\000d\000o\000c\000t\000e\000s\000t\000:\000:\000A\000s\000s\000e\000r\000t\000D\000a\000t\000a\000\040\000S\000t\000r\000u\000c\000t\000\040\000R\000e\000f\000e\000r\000e\000n\000c\000e}{chapter.11}% 191
\BOOKMARK [2][-]{subsection.11.4.1}{\376\377\0001\0001\000.\0004\000.\0001\000\040\000D\000e\000t\000a\000i\000l\000e\000d\000\040\000D\000e\000s\000c\000r\000i\000p\000t\000i\000o\000n}{section.11.4}% 192
\BOOKMARK [2][-]{subsection.11.4.2}{\376\377\0001\0001\000.\0004\000.\0002\000\040\000C\000o\000n\000s\000t\000r\000u\000c\000t\000o\000r\000\040\000\046\000\040\000D\000e\000s\000t\000r\000u\000c\000t\000o\000r\000\040\000D\000o\000c\000u\000m\000e\000n\000t\000a\000t\000i\000o\000n}{section.11.4}% 193
\BOOKMARK [3][-]{subsubsection.11.4.2.1}{\376\377\0001\0001\000.\0004\000.\0002\000.\0001\000\040\000A\000s\000s\000e\000r\000t\000D\000a\000t\000a\000\050\000\051}{subsection.11.4.2}% 194
\BOOKMARK [2][-]{subsection.11.4.3}{\376\377\0001\0001\000.\0004\000.\0003\000\040\000M\000e\000m\000b\000e\000r\000\040\000D\000a\000t\000a\000\040\000D\000o\000c\000u\000m\000e\000n\000t\000a\000t\000i\000o\000n}{section.11.4}% 195
\BOOKMARK [3][-]{subsubsection.11.4.3.1}{\376\377\0001\0001\000.\0004\000.\0003\000.\0001\000\040\000m\000\137\000a\000t}{subsection.11.4.3}% 196
\BOOKMARK [3][-]{subsubsection.11.4.3.2}{\376\377\0001\0001\000.\0004\000.\0003\000.\0002\000\040\000m\000\137\000d\000e\000c\000o\000m\000p}{subsection.11.4.3}% 197
\BOOKMARK [3][-]{subsubsection.11.4.3.3}{\376\377\0001\0001\000.\0004\000.\0003\000.\0003\000\040\000m\000\137\000e\000x\000c\000e\000p\000t\000i\000o\000n}{subsection.11.4.3}% 198
\BOOKMARK [3][-]{subsubsection.11.4.3.4}{\376\377\0001\0001\000.\0004\000.\0003\000.\0004\000\040\000m\000\137\000e\000x\000c\000e\000p\000t\000i\000o\000n\000\137\000s\000t\000r\000i\000n\000g}{subsection.11.4.3}% 199
\BOOKMARK [3][-]{subsubsection.11.4.3.5}{\376\377\0001\0001\000.\0004\000.\0003\000.\0005\000\040\000m\000\137\000e\000x\000c\000e\000p\000t\000i\000o\000n\000\137\000t\000y\000p\000e}{subsection.11.4.3}% 200
\BOOKMARK [3][-]{subsubsection.11.4.3.6}{\376\377\0001\0001\000.\0004\000.\0003\000.\0006\000\040\000m\000\137\000e\000x\000p\000r}{subsection.11.4.3}% 201
\BOOKMARK [3][-]{subsubsection.11.4.3.7}{\376\377\0001\0001\000.\0004\000.\0003\000.\0007\000\040\000m\000\137\000f\000a\000i\000l\000e\000d}{subsection.11.4.3}% 202
\BOOKMARK [3][-]{subsubsection.11.4.3.8}{\376\377\0001\0001\000.\0004\000.\0003\000.\0008\000\040\000m\000\137\000f\000i\000l\000e}{subsection.11.4.3}% 203
\BOOKMARK [3][-]{subsubsection.11.4.3.9}{\376\377\0001\0001\000.\0004\000.\0003\000.\0009\000\040\000m\000\137\000l\000i\000n\000e}{subsection.11.4.3}% 204
\BOOKMARK [3][-]{subsubsection.11.4.3.10}{\376\377\0001\0001\000.\0004\000.\0003\000.\0001\0000\000\040\000m\000\137\000t\000e\000s\000t\000\137\000c\000a\000s\000e}{subsection.11.4.3}% 205
\BOOKMARK [3][-]{subsubsection.11.4.3.11}{\376\377\0001\0001\000.\0004\000.\0003\000.\0001\0001\000\040\000m\000\137\000t\000h\000r\000e\000w}{subsection.11.4.3}% 206
\BOOKMARK [3][-]{subsubsection.11.4.3.12}{\376\377\0001\0001\000.\0004\000.\0003\000.\0001\0002\000\040\000m\000\137\000t\000h\000r\000e\000w\000\137\000a\000s}{subsection.11.4.3}% 207
\BOOKMARK [1][-]{section.11.5}{\376\377\0001\0001\000.\0005\000\040\000A\000t\000u\000a\000d\000o\000r\000\040\000C\000l\000a\000s\000s\000\040\000R\000e\000f\000e\000r\000e\000n\000c\000e}{chapter.11}% 208
\BOOKMARK [2][-]{subsection.11.5.1}{\376\377\0001\0001\000.\0005\000.\0001\000\040\000D\000e\000t\000a\000i\000l\000e\000d\000\040\000D\000e\000s\000c\000r\000i\000p\000t\000i\000o\000n}{section.11.5}% 209
\BOOKMARK [2][-]{subsection.11.5.2}{\376\377\0001\0001\000.\0005\000.\0002\000\040\000C\000o\000n\000s\000t\000r\000u\000c\000t\000o\000r\000\040\000\046\000\040\000D\000e\000s\000t\000r\000u\000c\000t\000o\000r\000\040\000D\000o\000c\000u\000m\000e\000n\000t\000a\000t\000i\000o\000n}{section.11.5}% 210
\BOOKMARK [3][-]{subsubsection.11.5.2.1}{\376\377\0001\0001\000.\0005\000.\0002\000.\0001\000\040\000A\000t\000u\000a\000d\000o\000r\000\050\000\051}{subsection.11.5.2}% 211
\BOOKMARK [3][-]{subsubsection.11.5.2.2}{\376\377\0001\0001\000.\0005\000.\0002\000.\0002\000\040\000~\000A\000t\000u\000a\000d\000o\000r\000\050\000\051}{subsection.11.5.2}% 212
\BOOKMARK [2][-]{subsection.11.5.3}{\376\377\0001\0001\000.\0005\000.\0003\000\040\000M\000e\000m\000b\000e\000r\000\040\000F\000u\000n\000c\000t\000i\000o\000n\000\040\000D\000o\000c\000u\000m\000e\000n\000t\000a\000t\000i\000o\000n}{section.11.5}% 213
\BOOKMARK [3][-]{subsubsection.11.5.3.1}{\376\377\0001\0001\000.\0005\000.\0003\000.\0001\000\040\000T\000i\000p\000o\000\050\000\051}{subsection.11.5.3}% 214
\BOOKMARK [1][-]{section.11.6}{\376\377\0001\0001\000.\0006\000\040\000s\000t\000d\000:\000:\000b\000a\000s\000i\000c\000\137\000i\000s\000t\000r\000e\000a\000m\000<\000\040\000c\000h\000a\000r\000T\000,\000\040\000t\000r\000a\000i\000t\000s\000\040\000>\000\040\000C\000l\000a\000s\000s\000\040\000T\000e\000m\000p\000l\000a\000t\000e\000\040\000R\000e\000f\000e\000r\000e\000n\000c\000e}{chapter.11}% 215
\BOOKMARK [2][-]{subsection.11.6.1}{\376\377\0001\0001\000.\0006\000.\0001\000\040\000D\000e\000t\000a\000i\000l\000e\000d\000\040\000D\000e\000s\000c\000r\000i\000p\000t\000i\000o\000n}{section.11.6}% 216
\BOOKMARK [1][-]{section.11.7}{\376\377\0001\0001\000.\0007\000\040\000s\000t\000d\000:\000:\000b\000a\000s\000i\000c\000\137\000o\000s\000t\000r\000e\000a\000m\000<\000\040\000c\000h\000a\000r\000T\000,\000\040\000t\000r\000a\000i\000t\000s\000\040\000>\000\040\000C\000l\000a\000s\000s\000\040\000T\000e\000m\000p\000l\000a\000t\000e\000\040\000R\000e\000f\000e\000r\000e\000n\000c\000e}{chapter.11}% 217
\BOOKMARK [2][-]{subsection.11.7.1}{\376\377\0001\0001\000.\0007\000.\0001\000\040\000D\000e\000t\000a\000i\000l\000e\000d\000\040\000D\000e\000s\000c\000r\000i\000p\000t\000i\000o\000n}{section.11.7}% 218
\BOOKMARK [1][-]{section.11.8}{\376\377\0001\0001\000.\0008\000\040\000s\000t\000d\000:\000:\000c\000h\000a\000r\000\137\000t\000r\000a\000i\000t\000s\000<\000\040\000c\000h\000a\000r\000T\000\040\000>\000\040\000S\000t\000r\000u\000c\000t\000\040\000T\000e\000m\000p\000l\000a\000t\000e\000\040\000R\000e\000f\000e\000r\000e\000n\000c\000e}{chapter.11}% 219
\BOOKMARK [2][-]{subsection.11.8.1}{\376\377\0001\0001\000.\0008\000.\0001\000\040\000D\000e\000t\000a\000i\000l\000e\000d\000\040\000D\000e\000s\000c\000r\000i\000p\000t\000i\000o\000n}{section.11.8}% 220
\BOOKMARK [1][-]{section.11.9}{\376\377\0001\0001\000.\0009\000\040\000C\000o\000n\000j\000u\000n\000t\000o\000\040\000C\000l\000a\000s\000s\000\040\000R\000e\000f\000e\000r\000e\000n\000c\000e}{chapter.11}% 221
\BOOKMARK [2][-]{subsection.11.9.1}{\376\377\0001\0001\000.\0009\000.\0001\000\040\000D\000e\000t\000a\000i\000l\000e\000d\000\040\000D\000e\000s\000c\000r\000i\000p\000t\000i\000o\000n}{section.11.9}% 222
\BOOKMARK [2][-]{subsection.11.9.2}{\376\377\0001\0001\000.\0009\000.\0002\000\040\000C\000o\000n\000s\000t\000r\000u\000c\000t\000o\000r\000\040\000\046\000\040\000D\000e\000s\000t\000r\000u\000c\000t\000o\000r\000\040\000D\000o\000c\000u\000m\000e\000n\000t\000a\000t\000i\000o\000n}{section.11.9}% 223
\BOOKMARK [3][-]{subsubsection.11.9.2.1}{\376\377\0001\0001\000.\0009\000.\0002\000.\0001\000\040\000C\000o\000n\000j\000u\000n\000t\000o\000\050\000\051}{subsection.11.9.2}% 224
\BOOKMARK [2][-]{subsection.11.9.3}{\376\377\0001\0001\000.\0009\000.\0003\000\040\000M\000e\000m\000b\000e\000r\000\040\000F\000u\000n\000c\000t\000i\000o\000n\000\040\000D\000o\000c\000u\000m\000e\000n\000t\000a\000t\000i\000o\000n}{section.11.9}% 225
\BOOKMARK [3][-]{subsubsection.11.9.3.1}{\376\377\0001\0001\000.\0009\000.\0003\000.\0001\000\040\000A\000c\000e\000s\000s\000a\000r\000E\000q\000u\000i\000p\000a\000m\000e\000n\000t\000o\000\050\000\051}{subsection.11.9.3}% 226
\BOOKMARK [3][-]{subsubsection.11.9.3.2}{\376\377\0001\0001\000.\0009\000.\0003\000.\0002\000\040\000A\000d\000i\000c\000i\000o\000n\000a\000r\000E\000q\000u\000i\000p\000a\000m\000e\000n\000t\000o\000\050\000\051\000\040\000[\0001\000/\0002\000]}{subsection.11.9.3}% 227
\BOOKMARK [3][-]{subsubsection.11.9.3.3}{\376\377\0001\0001\000.\0009\000.\0003\000.\0003\000\040\000A\000d\000i\000c\000i\000o\000n\000a\000r\000E\000q\000u\000i\000p\000a\000m\000e\000n\000t\000o\000\050\000\051\000\040\000[\0002\000/\0002\000]}{subsection.11.9.3}% 228
\BOOKMARK [3][-]{subsubsection.11.9.3.4}{\376\377\0001\0001\000.\0009\000.\0003\000.\0004\000\040\000A\000t\000u\000a\000l\000i\000z\000a\000r\000A\000l\000a\000r\000m\000e\000s\000\050\000\051}{subsection.11.9.3}% 229
\BOOKMARK [3][-]{subsubsection.11.9.3.5}{\376\377\0001\0001\000.\0009\000.\0003\000.\0005\000\040\000D\000i\000a\000g\000n\000o\000s\000t\000i\000c\000a\000r\000C\000o\000n\000j\000u\000n\000t\000o\000\050\000\051}{subsection.11.9.3}% 230
\BOOKMARK [3][-]{subsubsection.11.9.3.6}{\376\377\0001\0001\000.\0009\000.\0003\000.\0006\000\040\000E\000x\000i\000b\000i\000r\000A\000l\000a\000r\000m\000e\000s\000\050\000\051}{subsection.11.9.3}% 231
\BOOKMARK [3][-]{subsubsection.11.9.3.7}{\376\377\0001\0001\000.\0009\000.\0003\000.\0007\000\040\000E\000x\000i\000b\000i\000r\000E\000q\000u\000i\000p\000a\000m\000e\000n\000t\000o\000s\000\050\000\051}{subsection.11.9.3}% 232
\BOOKMARK [3][-]{subsubsection.11.9.3.8}{\376\377\0001\0001\000.\0009\000.\0003\000.\0008\000\040\000E\000x\000i\000b\000i\000r\000T\000u\000d\000o\000\050\000\051}{subsection.11.9.3}% 233
\BOOKMARK [3][-]{subsubsection.11.9.3.9}{\376\377\0001\0001\000.\0009\000.\0003\000.\0009\000\040\000G\000e\000t\000D\000e\000s\000c\000\050\000\051}{subsection.11.9.3}% 234
\BOOKMARK [3][-]{subsubsection.11.9.3.10}{\376\377\0001\0001\000.\0009\000.\0003\000.\0001\0000\000\040\000G\000e\000t\000E\000q\000u\000i\000p\000a\000m\000e\000n\000t\000o\000s\000\050\000\051}{subsection.11.9.3}% 235
\BOOKMARK [3][-]{subsubsection.11.9.3.11}{\376\377\0001\0001\000.\0009\000.\0003\000.\0001\0001\000\040\000G\000e\000t\000I\000d\000\050\000\051}{subsection.11.9.3}% 236
\BOOKMARK [3][-]{subsubsection.11.9.3.12}{\376\377\0001\0001\000.\0009\000.\0003\000.\0001\0002\000\040\000G\000e\000t\000N\000o\000m\000e\000\050\000\051}{subsection.11.9.3}% 237
\BOOKMARK [3][-]{subsubsection.11.9.3.13}{\376\377\0001\0001\000.\0009\000.\0003\000.\0001\0003\000\040\000P\000r\000o\000x\000i\000m\000o\000I\000d\000E\000q\000u\000i\000p\000a\000m\000e\000n\000t\000o\000\050\000\051}{subsection.11.9.3}% 238
\BOOKMARK [3][-]{subsubsection.11.9.3.14}{\376\377\0001\0001\000.\0009\000.\0003\000.\0001\0004\000\040\000Q\000u\000a\000n\000t\000i\000d\000a\000d\000e\000A\000l\000a\000r\000m\000e\000s\000\050\000\051}{subsection.11.9.3}% 239
\BOOKMARK [3][-]{subsubsection.11.9.3.15}{\376\377\0001\0001\000.\0009\000.\0003\000.\0001\0005\000\040\000Q\000u\000a\000n\000t\000i\000d\000a\000d\000e\000E\000q\000u\000i\000p\000a\000m\000e\000n\000t\000o\000s\000\050\000\051}{subsection.11.9.3}% 240
\BOOKMARK [3][-]{subsubsection.11.9.3.16}{\376\377\0001\0001\000.\0009\000.\0003\000.\0001\0006\000\040\000R\000e\000m\000o\000v\000e\000r\000E\000q\000u\000i\000p\000a\000m\000e\000n\000t\000o\000\050\000\051}{subsection.11.9.3}% 241
\BOOKMARK [3][-]{subsubsection.11.9.3.17}{\376\377\0001\0001\000.\0009\000.\0003\000.\0001\0007\000\040\000S\000e\000t\000D\000e\000s\000c\000\050\000\051}{subsection.11.9.3}% 242
\BOOKMARK [3][-]{subsubsection.11.9.3.18}{\376\377\0001\0001\000.\0009\000.\0003\000.\0001\0008\000\040\000S\000e\000t\000N\000o\000m\000e\000\050\000\051}{subsection.11.9.3}% 243
\BOOKMARK [1][-]{section.11.10}{\376\377\0001\0001\000.\0001\0000\000\040\000d\000o\000c\000t\000e\000s\000t\000:\000:\000C\000o\000n\000t\000a\000i\000n\000s\000\040\000C\000l\000a\000s\000s\000\040\000R\000e\000f\000e\000r\000e\000n\000c\000e}{chapter.11}% 244
\BOOKMARK [2][-]{subsection.11.10.1}{\376\377\0001\0001\000.\0001\0000\000.\0001\000\040\000D\000e\000t\000a\000i\000l\000e\000d\000\040\000D\000e\000s\000c\000r\000i\000p\000t\000i\000o\000n}{section.11.10}% 245
\BOOKMARK [2][-]{subsection.11.10.2}{\376\377\0001\0001\000.\0001\0000\000.\0002\000\040\000C\000o\000n\000s\000t\000r\000u\000c\000t\000o\000r\000\040\000\046\000\040\000D\000e\000s\000t\000r\000u\000c\000t\000o\000r\000\040\000D\000o\000c\000u\000m\000e\000n\000t\000a\000t\000i\000o\000n}{section.11.10}% 246
\BOOKMARK [3][-]{subsubsection.11.10.2.1}{\376\377\0001\0001\000.\0001\0000\000.\0002\000.\0001\000\040\000C\000o\000n\000t\000a\000i\000n\000s\000\050\000\051}{subsection.11.10.2}% 247
\BOOKMARK [2][-]{subsection.11.10.3}{\376\377\0001\0001\000.\0001\0000\000.\0003\000\040\000M\000e\000m\000b\000e\000r\000\040\000F\000u\000n\000c\000t\000i\000o\000n\000\040\000D\000o\000c\000u\000m\000e\000n\000t\000a\000t\000i\000o\000n}{section.11.10}% 248
\BOOKMARK [3][-]{subsubsection.11.10.3.1}{\376\377\0001\0001\000.\0001\0000\000.\0003\000.\0001\000\040\000c\000h\000e\000c\000k\000W\000i\000t\000h\000\050\000\051}{subsection.11.10.3}% 249
\BOOKMARK [2][-]{subsection.11.10.4}{\376\377\0001\0001\000.\0001\0000\000.\0004\000\040\000M\000e\000m\000b\000e\000r\000\040\000D\000a\000t\000a\000\040\000D\000o\000c\000u\000m\000e\000n\000t\000a\000t\000i\000o\000n}{section.11.10}% 250
\BOOKMARK [3][-]{subsubsection.11.10.4.1}{\376\377\0001\0001\000.\0001\0000\000.\0004\000.\0001\000\040\000s\000t\000r\000i\000n\000g}{subsection.11.10.4}% 251
\BOOKMARK [1][-]{section.11.11}{\376\377\0001\0001\000.\0001\0001\000\040\000d\000o\000c\000t\000e\000s\000t\000:\000:\000C\000o\000n\000t\000e\000x\000t\000\040\000C\000l\000a\000s\000s\000\040\000R\000e\000f\000e\000r\000e\000n\000c\000e}{chapter.11}% 252
\BOOKMARK [2][-]{subsection.11.11.1}{\376\377\0001\0001\000.\0001\0001\000.\0001\000\040\000D\000e\000t\000a\000i\000l\000e\000d\000\040\000D\000e\000s\000c\000r\000i\000p\000t\000i\000o\000n}{section.11.11}% 253
\BOOKMARK [2][-]{subsection.11.11.2}{\376\377\0001\0001\000.\0001\0001\000.\0002\000\040\000C\000o\000n\000s\000t\000r\000u\000c\000t\000o\000r\000\040\000\046\000\040\000D\000e\000s\000t\000r\000u\000c\000t\000o\000r\000\040\000D\000o\000c\000u\000m\000e\000n\000t\000a\000t\000i\000o\000n}{section.11.11}% 254
\BOOKMARK [3][-]{subsubsection.11.11.2.1}{\376\377\0001\0001\000.\0001\0001\000.\0002\000.\0001\000\040\000C\000o\000n\000t\000e\000x\000t\000\050\000\051\000\040\000[\0001\000/\0003\000]}{subsection.11.11.2}% 255
\BOOKMARK [3][-]{subsubsection.11.11.2.2}{\376\377\0001\0001\000.\0001\0001\000.\0002\000.\0002\000\040\000C\000o\000n\000t\000e\000x\000t\000\050\000\051\000\040\000[\0002\000/\0003\000]}{subsection.11.11.2}% 256
\BOOKMARK [3][-]{subsubsection.11.11.2.3}{\376\377\0001\0001\000.\0001\0001\000.\0002\000.\0003\000\040\000C\000o\000n\000t\000e\000x\000t\000\050\000\051\000\040\000[\0003\000/\0003\000]}{subsection.11.11.2}% 257
\BOOKMARK [3][-]{subsubsection.11.11.2.4}{\376\377\0001\0001\000.\0001\0001\000.\0002\000.\0004\000\040\000~\000C\000o\000n\000t\000e\000x\000t\000\050\000\051}{subsection.11.11.2}% 258
\BOOKMARK [2][-]{subsection.11.11.3}{\376\377\0001\0001\000.\0001\0001\000.\0003\000\040\000M\000e\000m\000b\000e\000r\000\040\000F\000u\000n\000c\000t\000i\000o\000n\000\040\000D\000o\000c\000u\000m\000e\000n\000t\000a\000t\000i\000o\000n}{section.11.11}% 259
\BOOKMARK [3][-]{subsubsection.11.11.3.1}{\376\377\0001\0001\000.\0001\0001\000.\0003\000.\0001\000\040\000a\000d\000d\000F\000i\000l\000t\000e\000r\000\050\000\051}{subsection.11.11.3}% 260
\BOOKMARK [3][-]{subsubsection.11.11.3.2}{\376\377\0001\0001\000.\0001\0001\000.\0003\000.\0002\000\040\000a\000p\000p\000l\000y\000C\000o\000m\000m\000a\000n\000d\000L\000i\000n\000e\000\050\000\051}{subsection.11.11.3}% 261
\BOOKMARK [3][-]{subsubsection.11.11.3.3}{\376\377\0001\0001\000.\0001\0001\000.\0003\000.\0003\000\040\000c\000l\000e\000a\000r\000F\000i\000l\000t\000e\000r\000s\000\050\000\051}{subsection.11.11.3}% 262
\BOOKMARK [3][-]{subsubsection.11.11.3.4}{\376\377\0001\0001\000.\0001\0001\000.\0003\000.\0004\000\040\000o\000p\000e\000r\000a\000t\000o\000r\000=\000\050\000\051\000\040\000[\0001\000/\0002\000]}{subsection.11.11.3}% 263
\BOOKMARK [3][-]{subsubsection.11.11.3.5}{\376\377\0001\0001\000.\0001\0001\000.\0003\000.\0005\000\040\000o\000p\000e\000r\000a\000t\000o\000r\000=\000\050\000\051\000\040\000[\0002\000/\0002\000]}{subsection.11.11.3}% 264
\BOOKMARK [3][-]{subsubsection.11.11.3.6}{\376\377\0001\0001\000.\0001\0001\000.\0003\000.\0006\000\040\000r\000u\000n\000\050\000\051}{subsection.11.11.3}% 265
\BOOKMARK [3][-]{subsubsection.11.11.3.7}{\376\377\0001\0001\000.\0001\0001\000.\0003\000.\0007\000\040\000s\000e\000t\000A\000s\000D\000e\000f\000a\000u\000l\000t\000F\000o\000r\000A\000s\000s\000e\000r\000t\000s\000O\000u\000t\000O\000f\000T\000e\000s\000t\000C\000a\000s\000e\000s\000\050\000\051}{subsection.11.11.3}% 266
\BOOKMARK [3][-]{subsubsection.11.11.3.8}{\376\377\0001\0001\000.\0001\0001\000.\0003\000.\0008\000\040\000s\000e\000t\000A\000s\000s\000e\000r\000t\000H\000a\000n\000d\000l\000e\000r\000\050\000\051}{subsection.11.11.3}% 267
\BOOKMARK [3][-]{subsubsection.11.11.3.9}{\376\377\0001\0001\000.\0001\0001\000.\0003\000.\0009\000\040\000s\000e\000t\000C\000o\000u\000t\000\050\000\051}{subsection.11.11.3}% 268
\BOOKMARK [3][-]{subsubsection.11.11.3.10}{\376\377\0001\0001\000.\0001\0001\000.\0003\000.\0001\0000\000\040\000s\000e\000t\000O\000p\000t\000i\000o\000n\000\050\000\051\000\040\000[\0001\000/\0003\000]}{subsection.11.11.3}% 269
\BOOKMARK [3][-]{subsubsection.11.11.3.11}{\376\377\0001\0001\000.\0001\0001\000.\0003\000.\0001\0001\000\040\000s\000e\000t\000O\000p\000t\000i\000o\000n\000\050\000\051\000\040\000[\0002\000/\0003\000]}{subsection.11.11.3}% 270
\BOOKMARK [3][-]{subsubsection.11.11.3.12}{\376\377\0001\0001\000.\0001\0001\000.\0003\000.\0001\0002\000\040\000s\000e\000t\000O\000p\000t\000i\000o\000n\000\050\000\051\000\040\000[\0003\000/\0003\000]}{subsection.11.11.3}% 271
\BOOKMARK [3][-]{subsubsection.11.11.3.13}{\376\377\0001\0001\000.\0001\0001\000.\0003\000.\0001\0003\000\040\000s\000h\000o\000u\000l\000d\000E\000x\000i\000t\000\050\000\051}{subsection.11.11.3}% 272
\BOOKMARK [1][-]{section.11.12}{\376\377\0001\0001\000.\0001\0002\000\040\000d\000o\000c\000t\000e\000s\000t\000:\000:\000C\000o\000n\000t\000e\000x\000t\000O\000p\000t\000i\000o\000n\000s\000\040\000S\000t\000r\000u\000c\000t\000\040\000R\000e\000f\000e\000r\000e\000n\000c\000e}{chapter.11}% 273
\BOOKMARK [2][-]{subsection.11.12.1}{\376\377\0001\0001\000.\0001\0002\000.\0001\000\040\000D\000e\000t\000a\000i\000l\000e\000d\000\040\000D\000e\000s\000c\000r\000i\000p\000t\000i\000o\000n}{section.11.12}% 274
\BOOKMARK [2][-]{subsection.11.12.2}{\376\377\0001\0001\000.\0001\0002\000.\0002\000\040\000M\000e\000m\000b\000e\000r\000\040\000D\000a\000t\000a\000\040\000D\000o\000c\000u\000m\000e\000n\000t\000a\000t\000i\000o\000n}{section.11.12}% 275
\BOOKMARK [3][-]{subsubsection.11.12.2.1}{\376\377\0001\0001\000.\0001\0002\000.\0002\000.\0001\000\040\000a\000b\000o\000r\000t\000\137\000a\000f\000t\000e\000r}{subsection.11.12.2}% 276
\BOOKMARK [3][-]{subsubsection.11.12.2.2}{\376\377\0001\0001\000.\0001\0002\000.\0002\000.\0002\000\040\000b\000i\000n\000a\000r\000y\000\137\000n\000a\000m\000e}{subsection.11.12.2}% 277
\BOOKMARK [3][-]{subsubsection.11.12.2.3}{\376\377\0001\0001\000.\0001\0002\000.\0002\000.\0003\000\040\000c\000a\000s\000e\000\137\000s\000e\000n\000s\000i\000t\000i\000v\000e}{subsection.11.12.2}% 278
\BOOKMARK [3][-]{subsubsection.11.12.2.4}{\376\377\0001\0001\000.\0001\0002\000.\0002\000.\0004\000\040\000c\000o\000u\000n\000t}{subsection.11.12.2}% 279
\BOOKMARK [3][-]{subsubsection.11.12.2.5}{\376\377\0001\0001\000.\0001\0002\000.\0002\000.\0005\000\040\000c\000o\000u\000t}{subsection.11.12.2}% 280
\BOOKMARK [3][-]{subsubsection.11.12.2.6}{\376\377\0001\0001\000.\0001\0002\000.\0002\000.\0006\000\040\000c\000u\000r\000r\000e\000n\000t\000T\000e\000s\000t}{subsection.11.12.2}% 281
\BOOKMARK [3][-]{subsubsection.11.12.2.7}{\376\377\0001\0001\000.\0001\0002\000.\0002\000.\0007\000\040\000d\000u\000r\000a\000t\000i\000o\000n}{subsection.11.12.2}% 282
\BOOKMARK [3][-]{subsubsection.11.12.2.8}{\376\377\0001\0001\000.\0001\0002\000.\0002\000.\0008\000\040\000e\000x\000i\000t}{subsection.11.12.2}% 283
\BOOKMARK [3][-]{subsubsection.11.12.2.9}{\376\377\0001\0001\000.\0001\0002\000.\0002\000.\0009\000\040\000f\000i\000r\000s\000t}{subsection.11.12.2}% 284
\BOOKMARK [3][-]{subsubsection.11.12.2.10}{\376\377\0001\0001\000.\0001\0002\000.\0002\000.\0001\0000\000\040\000f\000o\000r\000c\000e\000\137\000c\000o\000l\000o\000r\000s}{subsection.11.12.2}% 285
\BOOKMARK [3][-]{subsubsection.11.12.2.11}{\376\377\0001\0001\000.\0001\0002\000.\0002\000.\0001\0001\000\040\000g\000n\000u\000\137\000f\000i\000l\000e\000\137\000l\000i\000n\000e}{subsection.11.12.2}% 286
\BOOKMARK [3][-]{subsubsection.11.12.2.12}{\376\377\0001\0001\000.\0001\0002\000.\0002\000.\0001\0002\000\040\000h\000e\000l\000p}{subsection.11.12.2}% 287
\BOOKMARK [3][-]{subsubsection.11.12.2.13}{\376\377\0001\0001\000.\0001\0002\000.\0002\000.\0001\0003\000\040\000l\000a\000s\000t}{subsection.11.12.2}% 288
\BOOKMARK [3][-]{subsubsection.11.12.2.14}{\376\377\0001\0001\000.\0001\0002\000.\0002\000.\0001\0004\000\040\000l\000i\000s\000t\000\137\000r\000e\000p\000o\000r\000t\000e\000r\000s}{subsection.11.12.2}% 289
\BOOKMARK [3][-]{subsubsection.11.12.2.15}{\376\377\0001\0001\000.\0001\0002\000.\0002\000.\0001\0005\000\040\000l\000i\000s\000t\000\137\000t\000e\000s\000t\000\137\000c\000a\000s\000e\000s}{subsection.11.12.2}% 290
\BOOKMARK [3][-]{subsubsection.11.12.2.16}{\376\377\0001\0001\000.\0001\0002\000.\0002\000.\0001\0006\000\040\000l\000i\000s\000t\000\137\000t\000e\000s\000t\000\137\000s\000u\000i\000t\000e\000s}{subsection.11.12.2}% 291
\BOOKMARK [3][-]{subsubsection.11.12.2.17}{\376\377\0001\0001\000.\0001\0002\000.\0002\000.\0001\0007\000\040\000m\000i\000n\000i\000m\000a\000l}{subsection.11.12.2}% 292
\BOOKMARK [3][-]{subsubsection.11.12.2.18}{\376\377\0001\0001\000.\0001\0002\000.\0002\000.\0001\0008\000\040\000n\000o\000\137\000b\000r\000e\000a\000k\000s}{subsection.11.12.2}% 293
\BOOKMARK [3][-]{subsubsection.11.12.2.19}{\376\377\0001\0001\000.\0001\0002\000.\0002\000.\0001\0009\000\040\000n\000o\000\137\000c\000o\000l\000o\000r\000s}{subsection.11.12.2}% 294
\BOOKMARK [3][-]{subsubsection.11.12.2.20}{\376\377\0001\0001\000.\0001\0002\000.\0002\000.\0002\0000\000\040\000n\000o\000\137\000d\000e\000b\000u\000g\000\137\000o\000u\000t\000p\000u\000t}{subsection.11.12.2}% 295
\BOOKMARK [3][-]{subsubsection.11.12.2.21}{\376\377\0001\0001\000.\0001\0002\000.\0002\000.\0002\0001\000\040\000n\000o\000\137\000e\000x\000i\000t\000c\000o\000d\000e}{subsection.11.12.2}% 296
\BOOKMARK [3][-]{subsubsection.11.12.2.22}{\376\377\0001\0001\000.\0001\0002\000.\0002\000.\0002\0002\000\040\000n\000o\000\137\000i\000n\000t\000r\000o}{subsection.11.12.2}% 297
\BOOKMARK [3][-]{subsubsection.11.12.2.23}{\376\377\0001\0001\000.\0001\0002\000.\0002\000.\0002\0003\000\040\000n\000o\000\137\000l\000i\000n\000e\000\137\000n\000u\000m\000b\000e\000r\000s}{subsection.11.12.2}% 298
\BOOKMARK [3][-]{subsubsection.11.12.2.24}{\376\377\0001\0001\000.\0001\0002\000.\0002\000.\0002\0004\000\040\000n\000o\000\137\000p\000a\000t\000h\000\137\000i\000n\000\137\000f\000i\000l\000e\000n\000a\000m\000e\000s}{subsection.11.12.2}% 299
\BOOKMARK [3][-]{subsubsection.11.12.2.25}{\376\377\0001\0001\000.\0001\0002\000.\0002\000.\0002\0005\000\040\000n\000o\000\137\000r\000u\000n}{subsection.11.12.2}% 300
\BOOKMARK [3][-]{subsubsection.11.12.2.26}{\376\377\0001\0001\000.\0001\0002\000.\0002\000.\0002\0006\000\040\000n\000o\000\137\000s\000k\000i\000p}{subsection.11.12.2}% 301
\BOOKMARK [3][-]{subsubsection.11.12.2.27}{\376\377\0001\0001\000.\0001\0002\000.\0002\000.\0002\0007\000\040\000n\000o\000\137\000s\000k\000i\000p\000p\000e\000d\000\137\000s\000u\000m\000m\000a\000r\000y}{subsection.11.12.2}% 302
\BOOKMARK [3][-]{subsubsection.11.12.2.28}{\376\377\0001\0001\000.\0001\0002\000.\0002\000.\0002\0008\000\040\000n\000o\000\137\000t\000h\000r\000o\000w}{subsection.11.12.2}% 303
\BOOKMARK [3][-]{subsubsection.11.12.2.29}{\376\377\0001\0001\000.\0001\0002\000.\0002\000.\0002\0009\000\040\000n\000o\000\137\000t\000i\000m\000e\000\137\000i\000n\000\137\000o\000u\000t\000p\000u\000t}{subsection.11.12.2}% 304
\BOOKMARK [3][-]{subsubsection.11.12.2.30}{\376\377\0001\0001\000.\0001\0002\000.\0002\000.\0003\0000\000\040\000n\000o\000\137\000v\000e\000r\000s\000i\000o\000n}{subsection.11.12.2}% 305
\BOOKMARK [3][-]{subsubsection.11.12.2.31}{\376\377\0001\0001\000.\0001\0002\000.\0002\000.\0003\0001\000\040\000o\000r\000d\000e\000r\000\137\000b\000y}{subsection.11.12.2}% 306
\BOOKMARK [3][-]{subsubsection.11.12.2.32}{\376\377\0001\0001\000.\0001\0002\000.\0002\000.\0003\0002\000\040\000o\000u\000t}{subsection.11.12.2}% 307
\BOOKMARK [3][-]{subsubsection.11.12.2.33}{\376\377\0001\0001\000.\0001\0002\000.\0002\000.\0003\0003\000\040\000q\000u\000i\000e\000t}{subsection.11.12.2}% 308
\BOOKMARK [3][-]{subsubsection.11.12.2.34}{\376\377\0001\0001\000.\0001\0002\000.\0002\000.\0003\0004\000\040\000r\000a\000n\000d\000\137\000s\000e\000e\000d}{subsection.11.12.2}% 309
\BOOKMARK [3][-]{subsubsection.11.12.2.35}{\376\377\0001\0001\000.\0001\0002\000.\0002\000.\0003\0005\000\040\000s\000t\000r\000i\000p\000\137\000f\000i\000l\000e\000\137\000p\000r\000e\000f\000i\000x\000e\000s}{subsection.11.12.2}% 310
\BOOKMARK [3][-]{subsubsection.11.12.2.36}{\376\377\0001\0001\000.\0001\0002\000.\0002\000.\0003\0006\000\040\000s\000u\000b\000c\000a\000s\000e\000\137\000f\000i\000l\000t\000e\000r\000\137\000l\000e\000v\000e\000l\000s}{subsection.11.12.2}% 311
\BOOKMARK [3][-]{subsubsection.11.12.2.37}{\376\377\0001\0001\000.\0001\0002\000.\0002\000.\0003\0007\000\040\000s\000u\000c\000c\000e\000s\000s}{subsection.11.12.2}% 312
\BOOKMARK [3][-]{subsubsection.11.12.2.38}{\376\377\0001\0001\000.\0001\0002\000.\0002\000.\0003\0008\000\040\000v\000e\000r\000s\000i\000o\000n}{subsection.11.12.2}% 313
\BOOKMARK [1][-]{section.11.13}{\376\377\0001\0001\000.\0001\0003\000\040\000d\000o\000c\000t\000e\000s\000t\000:\000:\000d\000e\000t\000a\000i\000l\000:\000:\000C\000o\000n\000t\000e\000x\000t\000S\000c\000o\000p\000e\000<\000\040\000L\000\040\000>\000\040\000C\000l\000a\000s\000s\000\040\000T\000e\000m\000p\000l\000a\000t\000e\000\040\000R\000e\000f\000e\000r\000e\000n\000c\000e}{chapter.11}% 314
\BOOKMARK [2][-]{subsection.11.13.1}{\376\377\0001\0001\000.\0001\0003\000.\0001\000\040\000D\000e\000t\000a\000i\000l\000e\000d\000\040\000D\000e\000s\000c\000r\000i\000p\000t\000i\000o\000n}{section.11.13}% 315
\BOOKMARK [2][-]{subsection.11.13.2}{\376\377\0001\0001\000.\0001\0003\000.\0002\000\040\000C\000o\000n\000s\000t\000r\000u\000c\000t\000o\000r\000\040\000\046\000\040\000D\000e\000s\000t\000r\000u\000c\000t\000o\000r\000\040\000D\000o\000c\000u\000m\000e\000n\000t\000a\000t\000i\000o\000n}{section.11.13}% 316
\BOOKMARK [3][-]{subsubsection.11.13.2.1}{\376\377\0001\0001\000.\0001\0003\000.\0002\000.\0001\000\040\000C\000o\000n\000t\000e\000x\000t\000S\000c\000o\000p\000e\000\050\000\051\000\040\000[\0001\000/\0004\000]}{subsection.11.13.2}% 317
\BOOKMARK [3][-]{subsubsection.11.13.2.2}{\376\377\0001\0001\000.\0001\0003\000.\0002\000.\0002\000\040\000C\000o\000n\000t\000e\000x\000t\000S\000c\000o\000p\000e\000\050\000\051\000\040\000[\0002\000/\0004\000]}{subsection.11.13.2}% 318
\BOOKMARK [3][-]{subsubsection.11.13.2.3}{\376\377\0001\0001\000.\0001\0003\000.\0002\000.\0003\000\040\000C\000o\000n\000t\000e\000x\000t\000S\000c\000o\000p\000e\000\050\000\051\000\040\000[\0003\000/\0004\000]}{subsection.11.13.2}% 319
\BOOKMARK [3][-]{subsubsection.11.13.2.4}{\376\377\0001\0001\000.\0001\0003\000.\0002\000.\0004\000\040\000C\000o\000n\000t\000e\000x\000t\000S\000c\000o\000p\000e\000\050\000\051\000\040\000[\0004\000/\0004\000]}{subsection.11.13.2}% 320
\BOOKMARK [3][-]{subsubsection.11.13.2.5}{\376\377\0001\0001\000.\0001\0003\000.\0002\000.\0005\000\040\000~\000C\000o\000n\000t\000e\000x\000t\000S\000c\000o\000p\000e\000\050\000\051}{subsection.11.13.2}% 321
\BOOKMARK [2][-]{subsection.11.13.3}{\376\377\0001\0001\000.\0001\0003\000.\0003\000\040\000M\000e\000m\000b\000e\000r\000\040\000F\000u\000n\000c\000t\000i\000o\000n\000\040\000D\000o\000c\000u\000m\000e\000n\000t\000a\000t\000i\000o\000n}{section.11.13}% 322
\BOOKMARK [3][-]{subsubsection.11.13.3.1}{\376\377\0001\0001\000.\0001\0003\000.\0003\000.\0001\000\040\000o\000p\000e\000r\000a\000t\000o\000r\000=\000\050\000\051\000\040\000[\0001\000/\0002\000]}{subsection.11.13.3}% 323
\BOOKMARK [3][-]{subsubsection.11.13.3.2}{\376\377\0001\0001\000.\0001\0003\000.\0003\000.\0002\000\040\000o\000p\000e\000r\000a\000t\000o\000r\000=\000\050\000\051\000\040\000[\0002\000/\0002\000]}{subsection.11.13.3}% 324
\BOOKMARK [3][-]{subsubsection.11.13.3.3}{\376\377\0001\0001\000.\0001\0003\000.\0003\000.\0003\000\040\000s\000t\000r\000i\000n\000g\000i\000f\000y\000\050\000\051}{subsection.11.13.3}% 325
\BOOKMARK [1][-]{section.11.14}{\376\377\0001\0001\000.\0001\0004\000\040\000d\000o\000c\000t\000e\000s\000t\000:\000:\000d\000e\000t\000a\000i\000l\000:\000:\000C\000o\000n\000t\000e\000x\000t\000S\000c\000o\000p\000e\000B\000a\000s\000e\000\040\000S\000t\000r\000u\000c\000t\000\040\000R\000e\000f\000e\000r\000e\000n\000c\000e}{chapter.11}% 326
\BOOKMARK [2][-]{subsection.11.14.1}{\376\377\0001\0001\000.\0001\0004\000.\0001\000\040\000D\000e\000t\000a\000i\000l\000e\000d\000\040\000D\000e\000s\000c\000r\000i\000p\000t\000i\000o\000n}{section.11.14}% 327
\BOOKMARK [2][-]{subsection.11.14.2}{\376\377\0001\0001\000.\0001\0004\000.\0002\000\040\000C\000o\000n\000s\000t\000r\000u\000c\000t\000o\000r\000\040\000\046\000\040\000D\000e\000s\000t\000r\000u\000c\000t\000o\000r\000\040\000D\000o\000c\000u\000m\000e\000n\000t\000a\000t\000i\000o\000n}{section.11.14}% 328
\BOOKMARK [3][-]{subsubsection.11.14.2.1}{\376\377\0001\0001\000.\0001\0004\000.\0002\000.\0001\000\040\000C\000o\000n\000t\000e\000x\000t\000S\000c\000o\000p\000e\000B\000a\000s\000e\000\050\000\051\000\040\000[\0001\000/\0003\000]}{subsection.11.14.2}% 329
\BOOKMARK [3][-]{subsubsection.11.14.2.2}{\376\377\0001\0001\000.\0001\0004\000.\0002\000.\0002\000\040\000~\000C\000o\000n\000t\000e\000x\000t\000S\000c\000o\000p\000e\000B\000a\000s\000e\000\050\000\051}{subsection.11.14.2}% 330
\BOOKMARK [3][-]{subsubsection.11.14.2.3}{\376\377\0001\0001\000.\0001\0004\000.\0002\000.\0003\000\040\000C\000o\000n\000t\000e\000x\000t\000S\000c\000o\000p\000e\000B\000a\000s\000e\000\050\000\051\000\040\000[\0002\000/\0003\000]}{subsection.11.14.2}% 331
\BOOKMARK [3][-]{subsubsection.11.14.2.4}{\376\377\0001\0001\000.\0001\0004\000.\0002\000.\0004\000\040\000C\000o\000n\000t\000e\000x\000t\000S\000c\000o\000p\000e\000B\000a\000s\000e\000\050\000\051\000\040\000[\0003\000/\0003\000]}{subsection.11.14.2}% 332
\BOOKMARK [2][-]{subsection.11.14.3}{\376\377\0001\0001\000.\0001\0004\000.\0003\000\040\000M\000e\000m\000b\000e\000r\000\040\000F\000u\000n\000c\000t\000i\000o\000n\000\040\000D\000o\000c\000u\000m\000e\000n\000t\000a\000t\000i\000o\000n}{section.11.14}% 333
\BOOKMARK [3][-]{subsubsection.11.14.3.1}{\376\377\0001\0001\000.\0001\0004\000.\0003\000.\0001\000\040\000d\000e\000s\000t\000r\000o\000y\000\050\000\051}{subsection.11.14.3}% 334
\BOOKMARK [3][-]{subsubsection.11.14.3.2}{\376\377\0001\0001\000.\0001\0004\000.\0003\000.\0002\000\040\000o\000p\000e\000r\000a\000t\000o\000r\000=\000\050\000\051\000\040\000[\0001\000/\0002\000]}{subsection.11.14.3}% 335
\BOOKMARK [3][-]{subsubsection.11.14.3.3}{\376\377\0001\0001\000.\0001\0004\000.\0003\000.\0003\000\040\000o\000p\000e\000r\000a\000t\000o\000r\000=\000\050\000\051\000\040\000[\0002\000/\0002\000]}{subsection.11.14.3}% 336
\BOOKMARK [2][-]{subsection.11.14.4}{\376\377\0001\0001\000.\0001\0004\000.\0004\000\040\000M\000e\000m\000b\000e\000r\000\040\000D\000a\000t\000a\000\040\000D\000o\000c\000u\000m\000e\000n\000t\000a\000t\000i\000o\000n}{section.11.14}% 337
\BOOKMARK [3][-]{subsubsection.11.14.4.1}{\376\377\0001\0001\000.\0001\0004\000.\0004\000.\0001\000\040\000n\000e\000e\000d\000\137\000t\000o\000\137\000d\000e\000s\000t\000r\000o\000y}{subsection.11.14.4}% 338
\BOOKMARK [1][-]{section.11.15}{\376\377\0001\0001\000.\0001\0005\000\040\000d\000o\000c\000t\000e\000s\000t\000:\000:\000C\000u\000r\000r\000e\000n\000t\000T\000e\000s\000t\000C\000a\000s\000e\000S\000t\000a\000t\000s\000\040\000S\000t\000r\000u\000c\000t\000\040\000R\000e\000f\000e\000r\000e\000n\000c\000e}{chapter.11}% 339
\BOOKMARK [2][-]{subsection.11.15.1}{\376\377\0001\0001\000.\0001\0005\000.\0001\000\040\000D\000e\000t\000a\000i\000l\000e\000d\000\040\000D\000e\000s\000c\000r\000i\000p\000t\000i\000o\000n}{section.11.15}% 340
\BOOKMARK [2][-]{subsection.11.15.2}{\376\377\0001\0001\000.\0001\0005\000.\0002\000\040\000M\000e\000m\000b\000e\000r\000\040\000D\000a\000t\000a\000\040\000D\000o\000c\000u\000m\000e\000n\000t\000a\000t\000i\000o\000n}{section.11.15}% 341
\BOOKMARK [3][-]{subsubsection.11.15.2.1}{\376\377\0001\0001\000.\0001\0005\000.\0002\000.\0001\000\040\000f\000a\000i\000l\000u\000r\000e\000\137\000f\000l\000a\000g\000s}{subsection.11.15.2}% 342
\BOOKMARK [3][-]{subsubsection.11.15.2.2}{\376\377\0001\0001\000.\0001\0005\000.\0002\000.\0002\000\040\000n\000u\000m\000A\000s\000s\000e\000r\000t\000s\000C\000u\000r\000r\000e\000n\000t\000T\000e\000s\000t}{subsection.11.15.2}% 343
\BOOKMARK [3][-]{subsubsection.11.15.2.3}{\376\377\0001\0001\000.\0001\0005\000.\0002\000.\0003\000\040\000n\000u\000m\000A\000s\000s\000e\000r\000t\000s\000F\000a\000i\000l\000e\000d\000C\000u\000r\000r\000e\000n\000t\000T\000e\000s\000t}{subsection.11.15.2}% 344
\BOOKMARK [3][-]{subsubsection.11.15.2.4}{\376\377\0001\0001\000.\0001\0005\000.\0002\000.\0004\000\040\000s\000e\000c\000o\000n\000d\000s}{subsection.11.15.2}% 345
\BOOKMARK [3][-]{subsubsection.11.15.2.5}{\376\377\0001\0001\000.\0001\0005\000.\0002\000.\0005\000\040\000t\000e\000s\000t\000C\000a\000s\000e\000S\000u\000c\000c\000e\000s\000s}{subsection.11.15.2}% 346
\BOOKMARK [1][-]{section.11.16}{\376\377\0001\0001\000.\0001\0006\000\040\000d\000o\000c\000t\000e\000s\000t\000:\000:\000d\000e\000t\000a\000i\000l\000:\000:\000d\000e\000f\000e\000r\000r\000e\000d\000\137\000f\000a\000l\000s\000e\000<\000\040\000T\000\040\000>\000\040\000S\000t\000r\000u\000c\000t\000\040\000T\000e\000m\000p\000l\000a\000t\000e\000\040\000R\000e\000f\000e\000r\000e\000n\000c\000e}{chapter.11}% 347
\BOOKMARK [2][-]{subsection.11.16.1}{\376\377\0001\0001\000.\0001\0006\000.\0001\000\040\000D\000e\000t\000a\000i\000l\000e\000d\000\040\000D\000e\000s\000c\000r\000i\000p\000t\000i\000o\000n}{section.11.16}% 348
\BOOKMARK [1][-]{section.11.17}{\376\377\0001\0001\000.\0001\0007\000\040\000D\000e\000p\000e\000n\000d\000e\000n\000c\000i\000a\000\040\000C\000l\000a\000s\000s\000\040\000R\000e\000f\000e\000r\000e\000n\000c\000e}{chapter.11}% 349
\BOOKMARK [2][-]{subsection.11.17.1}{\376\377\0001\0001\000.\0001\0007\000.\0001\000\040\000D\000e\000t\000a\000i\000l\000e\000d\000\040\000D\000e\000s\000c\000r\000i\000p\000t\000i\000o\000n}{section.11.17}% 350
\BOOKMARK [2][-]{subsection.11.17.2}{\376\377\0001\0001\000.\0001\0007\000.\0002\000\040\000C\000o\000n\000s\000t\000r\000u\000c\000t\000o\000r\000\040\000\046\000\040\000D\000e\000s\000t\000r\000u\000c\000t\000o\000r\000\040\000D\000o\000c\000u\000m\000e\000n\000t\000a\000t\000i\000o\000n}{section.11.17}% 351
\BOOKMARK [3][-]{subsubsection.11.17.2.1}{\376\377\0001\0001\000.\0001\0007\000.\0002\000.\0001\000\040\000D\000e\000p\000e\000n\000d\000e\000n\000c\000i\000a\000\050\000\051}{subsection.11.17.2}% 352
\BOOKMARK [2][-]{subsection.11.17.3}{\376\377\0001\0001\000.\0001\0007\000.\0003\000\040\000M\000e\000m\000b\000e\000r\000\040\000F\000u\000n\000c\000t\000i\000o\000n\000\040\000D\000o\000c\000u\000m\000e\000n\000t\000a\000t\000i\000o\000n}{section.11.17}% 353
\BOOKMARK [3][-]{subsubsection.11.17.3.1}{\376\377\0001\0001\000.\0001\0007\000.\0003\000.\0001\000\040\000G\000e\000t\000\137\000C\000o\000n\000d\000i\000c\000a\000o\000\050\000\051}{subsection.11.17.3}% 354
\BOOKMARK [3][-]{subsubsection.11.17.3.2}{\376\377\0001\0001\000.\0001\0007\000.\0003\000.\0002\000\040\000G\000e\000t\000\137\000I\000d\000\050\000\051}{subsection.11.17.3}% 355
\BOOKMARK [3][-]{subsubsection.11.17.3.3}{\376\377\0001\0001\000.\0001\0007\000.\0003\000.\0003\000\040\000G\000e\000t\000\137\000R\000e\000s\000u\000l\000t\000a\000d\000o\000\050\000\051}{subsection.11.17.3}% 356
\BOOKMARK [1][-]{section.11.18}{\376\377\0001\0001\000.\0001\0008\000\040\000d\000o\000c\000t\000e\000s\000t\000:\000:\000d\000e\000t\000a\000i\000l\000:\000:\000t\000y\000p\000e\000s\000:\000:\000e\000n\000a\000b\000l\000e\000\137\000i\000f\000<\000\040\000C\000O\000N\000D\000,\000\040\000T\000\040\000>\000\040\000S\000t\000r\000u\000c\000t\000\040\000T\000e\000m\000p\000l\000a\000t\000e\000\040\000R\000e\000f\000e\000r\000e\000n\000c\000e}{chapter.11}% 357
\BOOKMARK [2][-]{subsection.11.18.1}{\376\377\0001\0001\000.\0001\0008\000.\0001\000\040\000D\000e\000t\000a\000i\000l\000e\000d\000\040\000D\000e\000s\000c\000r\000i\000p\000t\000i\000o\000n}{section.11.18}% 358
\BOOKMARK [1][-]{section.11.19}{\376\377\0001\0001\000.\0001\0009\000\040\000d\000o\000c\000t\000e\000s\000t\000:\000:\000d\000e\000t\000a\000i\000l\000:\000:\000t\000y\000p\000e\000s\000:\000:\000e\000n\000a\000b\000l\000e\000\137\000i\000f\000<\000\040\000t\000r\000u\000e\000,\000\040\000T\000\040\000>\000\040\000S\000t\000r\000u\000c\000t\000\040\000T\000e\000m\000p\000l\000a\000t\000e\000\040\000R\000e\000f\000e\000r\000e\000n\000c\000e}{chapter.11}% 359
\BOOKMARK [2][-]{subsection.11.19.1}{\376\377\0001\0001\000.\0001\0009\000.\0001\000\040\000D\000e\000t\000a\000i\000l\000e\000d\000\040\000D\000e\000s\000c\000r\000i\000p\000t\000i\000o\000n}{section.11.19}% 360
\BOOKMARK [2][-]{subsection.11.19.2}{\376\377\0001\0001\000.\0001\0009\000.\0002\000\040\000M\000e\000m\000b\000e\000r\000\040\000T\000y\000p\000e\000d\000e\000f\000\040\000D\000o\000c\000u\000m\000e\000n\000t\000a\000t\000i\000o\000n}{section.11.19}% 361
\BOOKMARK [3][-]{subsubsection.11.19.2.1}{\376\377\0001\0001\000.\0001\0009\000.\0002\000.\0001\000\040\000t\000y\000p\000e}{subsection.11.19.2}% 362
\BOOKMARK [1][-]{section.11.20}{\376\377\0001\0001\000.\0002\0000\000\040\000E\000n\000t\000r\000a\000d\000a\000I\000n\000v\000a\000l\000i\000d\000a\000\040\000C\000l\000a\000s\000s\000\040\000R\000e\000f\000e\000r\000e\000n\000c\000e}{chapter.11}% 363
\BOOKMARK [2][-]{subsection.11.20.1}{\376\377\0001\0001\000.\0002\0000\000.\0001\000\040\000D\000e\000t\000a\000i\000l\000e\000d\000\040\000D\000e\000s\000c\000r\000i\000p\000t\000i\000o\000n}{section.11.20}% 364
\BOOKMARK [1][-]{section.11.21}{\376\377\0001\0001\000.\0002\0001\000\040\000E\000q\000u\000i\000p\000a\000m\000e\000n\000t\000o\000\040\000C\000l\000a\000s\000s\000\040\000R\000e\000f\000e\000r\000e\000n\000c\000e}{chapter.11}% 365
\BOOKMARK [2][-]{subsection.11.21.1}{\376\377\0001\0001\000.\0002\0001\000.\0001\000\040\000D\000e\000t\000a\000i\000l\000e\000d\000\040\000D\000e\000s\000c\000r\000i\000p\000t\000i\000o\000n}{section.11.21}% 366
\BOOKMARK [2][-]{subsection.11.21.2}{\376\377\0001\0001\000.\0002\0001\000.\0002\000\040\000C\000o\000n\000s\000t\000r\000u\000c\000t\000o\000r\000\040\000\046\000\040\000D\000e\000s\000t\000r\000u\000c\000t\000o\000r\000\040\000D\000o\000c\000u\000m\000e\000n\000t\000a\000t\000i\000o\000n}{section.11.21}% 367
\BOOKMARK [3][-]{subsubsection.11.21.2.1}{\376\377\0001\0001\000.\0002\0001\000.\0002\000.\0001\000\040\000E\000q\000u\000i\000p\000a\000m\000e\000n\000t\000o\000\050\000\051}{subsection.11.21.2}% 368
\BOOKMARK [3][-]{subsubsection.11.21.2.2}{\376\377\0001\0001\000.\0002\0001\000.\0002\000.\0002\000\040\000~\000E\000q\000u\000i\000p\000a\000m\000e\000n\000t\000o\000\050\000\051}{subsection.11.21.2}% 369
\BOOKMARK [2][-]{subsection.11.21.3}{\376\377\0001\0001\000.\0002\0001\000.\0003\000\040\000M\000e\000m\000b\000e\000r\000\040\000F\000u\000n\000c\000t\000i\000o\000n\000\040\000D\000o\000c\000u\000m\000e\000n\000t\000a\000t\000i\000o\000n}{section.11.21}% 370
\BOOKMARK [3][-]{subsubsection.11.21.3.1}{\376\377\0001\0001\000.\0002\0001\000.\0003\000.\0001\000\040\000A\000d\000i\000c\000i\000o\000n\000a\000r\000P\000a\000r\000a\000m\000e\000t\000r\000o\000\050\000\051\000\040\000[\0001\000/\0004\000]}{subsection.11.21.3}% 371
\BOOKMARK [3][-]{subsubsection.11.21.3.2}{\376\377\0001\0001\000.\0002\0001\000.\0003\000.\0002\000\040\000A\000d\000i\000c\000i\000o\000n\000a\000r\000P\000a\000r\000a\000m\000e\000t\000r\000o\000\050\000\051\000\040\000[\0002\000/\0004\000]}{subsection.11.21.3}% 372
\BOOKMARK [3][-]{subsubsection.11.21.3.3}{\376\377\0001\0001\000.\0002\0001\000.\0003\000.\0003\000\040\000A\000d\000i\000c\000i\000o\000n\000a\000r\000P\000a\000r\000a\000m\000e\000t\000r\000o\000\050\000\051\000\040\000[\0003\000/\0004\000]}{subsection.11.21.3}% 373
\BOOKMARK [3][-]{subsubsection.11.21.3.4}{\376\377\0001\0001\000.\0002\0001\000.\0003\000.\0004\000\040\000A\000d\000i\000c\000i\000o\000n\000a\000r\000P\000a\000r\000a\000m\000e\000t\000r\000o\000\050\000\051\000\040\000[\0004\000/\0004\000]}{subsection.11.21.3}% 374
\BOOKMARK [3][-]{subsubsection.11.21.3.5}{\376\377\0001\0001\000.\0002\0001\000.\0003\000.\0005\000\040\000A\000t\000u\000a\000l\000i\000z\000a\000r\000A\000l\000a\000r\000m\000e\000s\000\050\000\051}{subsection.11.21.3}% 375
\BOOKMARK [3][-]{subsubsection.11.21.3.6}{\376\377\0001\0001\000.\0002\0001\000.\0003\000.\0006\000\040\000D\000i\000a\000g\000n\000o\000s\000t\000i\000c\000a\000r\000E\000q\000u\000i\000p\000a\000m\000e\000n\000t\000o\000\050\000\051}{subsection.11.21.3}% 376
\BOOKMARK [3][-]{subsubsection.11.21.3.7}{\376\377\0001\0001\000.\0002\0001\000.\0003\000.\0007\000\040\000E\000x\000i\000b\000i\000r\000A\000l\000a\000r\000m\000e\000s\000\050\000\051}{subsection.11.21.3}% 377
\BOOKMARK [3][-]{subsubsection.11.21.3.8}{\376\377\0001\0001\000.\0002\0001\000.\0003\000.\0008\000\040\000E\000x\000i\000b\000i\000r\000P\000a\000r\000a\000m\000e\000t\000r\000o\000s\000\050\000\051}{subsection.11.21.3}% 378
\BOOKMARK [3][-]{subsubsection.11.21.3.9}{\376\377\0001\0001\000.\0002\0001\000.\0003\000.\0009\000\040\000G\000e\000t\000A\000l\000a\000r\000m\000e\000s\000\050\000\051}{subsection.11.21.3}% 379
\BOOKMARK [3][-]{subsubsection.11.21.3.10}{\376\377\0001\0001\000.\0002\0001\000.\0003\000.\0001\0000\000\040\000G\000e\000t\000D\000e\000s\000c\000\050\000\051}{subsection.11.21.3}% 380
\BOOKMARK [3][-]{subsubsection.11.21.3.11}{\376\377\0001\0001\000.\0002\0001\000.\0003\000.\0001\0001\000\040\000G\000e\000t\000I\000d\000\050\000\051}{subsection.11.21.3}% 381
\BOOKMARK [3][-]{subsubsection.11.21.3.12}{\376\377\0001\0001\000.\0002\0001\000.\0003\000.\0001\0002\000\040\000G\000e\000t\000N\000o\000m\000e\000\050\000\051}{subsection.11.21.3}% 382
\BOOKMARK [3][-]{subsubsection.11.21.3.13}{\376\377\0001\0001\000.\0002\0001\000.\0003\000.\0001\0003\000\040\000G\000e\000t\000P\000a\000r\000a\000m\000e\000t\000r\000o\000s\000\050\000\051}{subsection.11.21.3}% 383
\BOOKMARK [3][-]{subsubsection.11.21.3.14}{\376\377\0001\0001\000.\0002\0001\000.\0003\000.\0001\0004\000\040\000P\000r\000o\000x\000i\000m\000o\000I\000d\000P\000a\000r\000a\000m\000e\000t\000r\000o\000\050\000\051}{subsection.11.21.3}% 384
\BOOKMARK [3][-]{subsubsection.11.21.3.15}{\376\377\0001\0001\000.\0002\0001\000.\0003\000.\0001\0005\000\040\000Q\000u\000a\000n\000t\000i\000d\000a\000d\000e\000A\000l\000a\000r\000m\000e\000s\000\050\000\051}{subsection.11.21.3}% 385
\BOOKMARK [3][-]{subsubsection.11.21.3.16}{\376\377\0001\0001\000.\0002\0001\000.\0003\000.\0001\0006\000\040\000Q\000u\000a\000n\000t\000i\000d\000a\000d\000e\000P\000a\000r\000a\000m\000e\000t\000r\000o\000s\000\050\000\051}{subsection.11.21.3}% 386
\BOOKMARK [3][-]{subsubsection.11.21.3.17}{\376\377\0001\0001\000.\0002\0001\000.\0003\000.\0001\0007\000\040\000R\000e\000m\000o\000v\000e\000r\000P\000a\000r\000a\000m\000e\000t\000r\000o\000\050\000\051}{subsection.11.21.3}% 387
\BOOKMARK [3][-]{subsubsection.11.21.3.18}{\376\377\0001\0001\000.\0002\0001\000.\0003\000.\0001\0008\000\040\000S\000e\000t\000D\000e\000s\000c\000\050\000\051}{subsection.11.21.3}% 388
\BOOKMARK [3][-]{subsubsection.11.21.3.19}{\376\377\0001\0001\000.\0002\0001\000.\0003\000.\0001\0009\000\040\000T\000i\000p\000o\000\050\000\051}{subsection.11.21.3}% 389
\BOOKMARK [1][-]{section.11.22}{\376\377\0001\0001\000.\0002\0002\000\040\000E\000x\000c\000e\000c\000a\000o\000S\000i\000s\000t\000e\000m\000a\000\040\000C\000l\000a\000s\000s\000\040\000R\000e\000f\000e\000r\000e\000n\000c\000e}{chapter.11}% 390
\BOOKMARK [2][-]{subsection.11.22.1}{\376\377\0001\0001\000.\0002\0002\000.\0001\000\040\000D\000e\000t\000a\000i\000l\000e\000d\000\040\000D\000e\000s\000c\000r\000i\000p\000t\000i\000o\000n}{section.11.22}% 391
\BOOKMARK [1][-]{section.11.23}{\376\377\0001\0001\000.\0002\0003\000\040\000d\000o\000c\000t\000e\000s\000t\000:\000:\000d\000e\000t\000a\000i\000l\000:\000:\000E\000x\000c\000e\000p\000t\000i\000o\000n\000T\000r\000a\000n\000s\000l\000a\000t\000o\000r\000<\000\040\000T\000\040\000>\000\040\000C\000l\000a\000s\000s\000\040\000T\000e\000m\000p\000l\000a\000t\000e\000\040\000R\000e\000f\000e\000r\000e\000n\000c\000e}{chapter.11}% 392
\BOOKMARK [2][-]{subsection.11.23.1}{\376\377\0001\0001\000.\0002\0003\000.\0001\000\040\000D\000e\000t\000a\000i\000l\000e\000d\000\040\000D\000e\000s\000c\000r\000i\000p\000t\000i\000o\000n}{section.11.23}% 393
\BOOKMARK [2][-]{subsection.11.23.2}{\376\377\0001\0001\000.\0002\0003\000.\0002\000\040\000C\000o\000n\000s\000t\000r\000u\000c\000t\000o\000r\000\040\000\046\000\040\000D\000e\000s\000t\000r\000u\000c\000t\000o\000r\000\040\000D\000o\000c\000u\000m\000e\000n\000t\000a\000t\000i\000o\000n}{section.11.23}% 394
\BOOKMARK [3][-]{subsubsection.11.23.2.1}{\376\377\0001\0001\000.\0002\0003\000.\0002\000.\0001\000\040\000E\000x\000c\000e\000p\000t\000i\000o\000n\000T\000r\000a\000n\000s\000l\000a\000t\000o\000r\000\050\000\051}{subsection.11.23.2}% 395
\BOOKMARK [2][-]{subsection.11.23.3}{\376\377\0001\0001\000.\0002\0003\000.\0003\000\040\000M\000e\000m\000b\000e\000r\000\040\000F\000u\000n\000c\000t\000i\000o\000n\000\040\000D\000o\000c\000u\000m\000e\000n\000t\000a\000t\000i\000o\000n}{section.11.23}% 396
\BOOKMARK [3][-]{subsubsection.11.23.3.1}{\376\377\0001\0001\000.\0002\0003\000.\0003\000.\0001\000\040\000t\000r\000a\000n\000s\000l\000a\000t\000e\000\050\000\051}{subsection.11.23.3}% 397
\BOOKMARK [1][-]{section.11.24}{\376\377\0001\0001\000.\0002\0004\000\040\000d\000o\000c\000t\000e\000s\000t\000:\000:\000d\000e\000t\000a\000i\000l\000:\000:\000E\000x\000p\000r\000e\000s\000s\000i\000o\000n\000\137\000l\000h\000s\000<\000\040\000L\000\040\000>\000\040\000S\000t\000r\000u\000c\000t\000\040\000T\000e\000m\000p\000l\000a\000t\000e\000\040\000R\000e\000f\000e\000r\000e\000n\000c\000e}{chapter.11}% 398
\BOOKMARK [2][-]{subsection.11.24.1}{\376\377\0001\0001\000.\0002\0004\000.\0001\000\040\000D\000e\000t\000a\000i\000l\000e\000d\000\040\000D\000e\000s\000c\000r\000i\000p\000t\000i\000o\000n}{section.11.24}% 399
\BOOKMARK [2][-]{subsection.11.24.2}{\376\377\0001\0001\000.\0002\0004\000.\0002\000\040\000C\000o\000n\000s\000t\000r\000u\000c\000t\000o\000r\000\040\000\046\000\040\000D\000e\000s\000t\000r\000u\000c\000t\000o\000r\000\040\000D\000o\000c\000u\000m\000e\000n\000t\000a\000t\000i\000o\000n}{section.11.24}% 400
\BOOKMARK [3][-]{subsubsection.11.24.2.1}{\376\377\0001\0001\000.\0002\0004\000.\0002\000.\0001\000\040\000E\000x\000p\000r\000e\000s\000s\000i\000o\000n\000\137\000l\000h\000s\000\050\000\051}{subsection.11.24.2}% 401
\BOOKMARK [2][-]{subsection.11.24.3}{\376\377\0001\0001\000.\0002\0004\000.\0003\000\040\000M\000e\000m\000b\000e\000r\000\040\000F\000u\000n\000c\000t\000i\000o\000n\000\040\000D\000o\000c\000u\000m\000e\000n\000t\000a\000t\000i\000o\000n}{section.11.24}% 402
\BOOKMARK [3][-]{subsubsection.11.24.3.1}{\376\377\0001\0001\000.\0002\0004\000.\0003\000.\0001\000\040\000o\000p\000e\000r\000a\000t\000o\000r\000\040\000L\000\050\000\051}{subsection.11.24.3}% 403
\BOOKMARK [3][-]{subsubsection.11.24.3.2}{\376\377\0001\0001\000.\0002\0004\000.\0003\000.\0002\000\040\000o\000p\000e\000r\000a\000t\000o\000r\000\040\000R\000e\000s\000u\000l\000t\000\050\000\051}{subsection.11.24.3}% 404
\BOOKMARK [2][-]{subsection.11.24.4}{\376\377\0001\0001\000.\0002\0004\000.\0004\000\040\000M\000e\000m\000b\000e\000r\000\040\000D\000a\000t\000a\000\040\000D\000o\000c\000u\000m\000e\000n\000t\000a\000t\000i\000o\000n}{section.11.24}% 405
\BOOKMARK [3][-]{subsubsection.11.24.4.1}{\376\377\0001\0001\000.\0002\0004\000.\0004\000.\0001\000\040\000l\000h\000s}{subsection.11.24.4}% 406
\BOOKMARK [3][-]{subsubsection.11.24.4.2}{\376\377\0001\0001\000.\0002\0004\000.\0004\000.\0002\000\040\000m\000\137\000a\000t}{subsection.11.24.4}% 407
\BOOKMARK [1][-]{section.11.25}{\376\377\0001\0001\000.\0002\0005\000\040\000d\000o\000c\000t\000e\000s\000t\000:\000:\000d\000e\000t\000a\000i\000l\000:\000:\000E\000x\000p\000r\000e\000s\000s\000i\000o\000n\000D\000e\000c\000o\000m\000p\000o\000s\000e\000r\000\040\000S\000t\000r\000u\000c\000t\000\040\000R\000e\000f\000e\000r\000e\000n\000c\000e}{chapter.11}% 408
\BOOKMARK [2][-]{subsection.11.25.1}{\376\377\0001\0001\000.\0002\0005\000.\0001\000\040\000D\000e\000t\000a\000i\000l\000e\000d\000\040\000D\000e\000s\000c\000r\000i\000p\000t\000i\000o\000n}{section.11.25}% 409
\BOOKMARK [2][-]{subsection.11.25.2}{\376\377\0001\0001\000.\0002\0005\000.\0002\000\040\000C\000o\000n\000s\000t\000r\000u\000c\000t\000o\000r\000\040\000\046\000\040\000D\000e\000s\000t\000r\000u\000c\000t\000o\000r\000\040\000D\000o\000c\000u\000m\000e\000n\000t\000a\000t\000i\000o\000n}{section.11.25}% 410
\BOOKMARK [3][-]{subsubsection.11.25.2.1}{\376\377\0001\0001\000.\0002\0005\000.\0002\000.\0001\000\040\000E\000x\000p\000r\000e\000s\000s\000i\000o\000n\000D\000e\000c\000o\000m\000p\000o\000s\000e\000r\000\050\000\051}{subsection.11.25.2}% 411
\BOOKMARK [2][-]{subsection.11.25.3}{\376\377\0001\0001\000.\0002\0005\000.\0003\000\040\000M\000e\000m\000b\000e\000r\000\040\000F\000u\000n\000c\000t\000i\000o\000n\000\040\000D\000o\000c\000u\000m\000e\000n\000t\000a\000t\000i\000o\000n}{section.11.25}% 412
\BOOKMARK [3][-]{subsubsection.11.25.3.1}{\376\377\0001\0001\000.\0002\0005\000.\0003\000.\0001\000\040\000o\000p\000e\000r\000a\000t\000o\000r\000<\000<\000\050\000\051\000\040\000[\0001\000/\0002\000]}{subsection.11.25.3}% 413
\BOOKMARK [3][-]{subsubsection.11.25.3.2}{\376\377\0001\0001\000.\0002\0005\000.\0003\000.\0002\000\040\000o\000p\000e\000r\000a\000t\000o\000r\000<\000<\000\050\000\051\000\040\000[\0002\000/\0002\000]}{subsection.11.25.3}% 414
\BOOKMARK [2][-]{subsection.11.25.4}{\376\377\0001\0001\000.\0002\0005\000.\0004\000\040\000M\000e\000m\000b\000e\000r\000\040\000D\000a\000t\000a\000\040\000D\000o\000c\000u\000m\000e\000n\000t\000a\000t\000i\000o\000n}{section.11.25}% 415
\BOOKMARK [3][-]{subsubsection.11.25.4.1}{\376\377\0001\0001\000.\0002\0005\000.\0004\000.\0001\000\040\000m\000\137\000a\000t}{subsection.11.25.4}% 416
\BOOKMARK [1][-]{section.11.26}{\376\377\0001\0001\000.\0002\0006\000\040\000d\000o\000c\000t\000e\000s\000t\000:\000:\000d\000e\000t\000a\000i\000l\000:\000:\000t\000y\000p\000e\000s\000:\000:\000f\000a\000l\000s\000e\000\137\000t\000y\000p\000e\000\040\000S\000t\000r\000u\000c\000t\000\040\000R\000e\000f\000e\000r\000e\000n\000c\000e}{chapter.11}% 417
\BOOKMARK [2][-]{subsection.11.26.1}{\376\377\0001\0001\000.\0002\0006\000.\0001\000\040\000D\000e\000t\000a\000i\000l\000e\000d\000\040\000D\000e\000s\000c\000r\000i\000p\000t\000i\000o\000n}{section.11.26}% 418
\BOOKMARK [2][-]{subsection.11.26.2}{\376\377\0001\0001\000.\0002\0006\000.\0002\000\040\000M\000e\000m\000b\000e\000r\000\040\000D\000a\000t\000a\000\040\000D\000o\000c\000u\000m\000e\000n\000t\000a\000t\000i\000o\000n}{section.11.26}% 419
\BOOKMARK [3][-]{subsubsection.11.26.2.1}{\376\377\0001\0001\000.\0002\0006\000.\0002\000.\0001\000\040\000v\000a\000l\000u\000e}{subsection.11.26.2}% 420
\BOOKMARK [1][-]{section.11.27}{\376\377\0001\0001\000.\0002\0007\000\040\000d\000o\000c\000t\000e\000s\000t\000:\000:\000d\000e\000t\000a\000i\000l\000:\000:\000f\000i\000l\000l\000d\000a\000t\000a\000<\000\040\000T\000,\000\040\000E\000n\000a\000b\000l\000e\000\040\000>\000\040\000S\000t\000r\000u\000c\000t\000\040\000T\000e\000m\000p\000l\000a\000t\000e\000\040\000R\000e\000f\000e\000r\000e\000n\000c\000e}{chapter.11}% 421
\BOOKMARK [2][-]{subsection.11.27.1}{\376\377\0001\0001\000.\0002\0007\000.\0001\000\040\000D\000e\000t\000a\000i\000l\000e\000d\000\040\000D\000e\000s\000c\000r\000i\000p\000t\000i\000o\000n}{section.11.27}% 422
\BOOKMARK [2][-]{subsection.11.27.2}{\376\377\0001\0001\000.\0002\0007\000.\0002\000\040\000M\000e\000m\000b\000e\000r\000\040\000F\000u\000n\000c\000t\000i\000o\000n\000\040\000D\000o\000c\000u\000m\000e\000n\000t\000a\000t\000i\000o\000n}{section.11.27}% 423
\BOOKMARK [3][-]{subsubsection.11.27.2.1}{\376\377\0001\0001\000.\0002\0007\000.\0002\000.\0001\000\040\000f\000i\000l\000l\000\050\000\051}{subsection.11.27.2}% 424
\BOOKMARK [1][-]{section.11.28}{\376\377\0001\0001\000.\0002\0008\000\040\000d\000o\000c\000t\000e\000s\000t\000:\000:\000d\000e\000t\000a\000i\000l\000:\000:\000f\000i\000l\000l\000d\000a\000t\000a\000<\000\040\000c\000o\000n\000s\000t\000\040\000c\000h\000a\000r\000[\000N\000]\000>\000\040\000S\000t\000r\000u\000c\000t\000\040\000T\000e\000m\000p\000l\000a\000t\000e\000\040\000R\000e\000f\000e\000r\000e\000n\000c\000e}{chapter.11}% 425
\BOOKMARK [2][-]{subsection.11.28.1}{\376\377\0001\0001\000.\0002\0008\000.\0001\000\040\000D\000e\000t\000a\000i\000l\000e\000d\000\040\000D\000e\000s\000c\000r\000i\000p\000t\000i\000o\000n}{section.11.28}% 426
\BOOKMARK [2][-]{subsection.11.28.2}{\376\377\0001\0001\000.\0002\0008\000.\0002\000\040\000M\000e\000m\000b\000e\000r\000\040\000F\000u\000n\000c\000t\000i\000o\000n\000\040\000D\000o\000c\000u\000m\000e\000n\000t\000a\000t\000i\000o\000n}{section.11.28}% 427
\BOOKMARK [3][-]{subsubsection.11.28.2.1}{\376\377\0001\0001\000.\0002\0008\000.\0002\000.\0001\000\040\000f\000i\000l\000l\000\050\000\051}{subsection.11.28.2}% 428
\BOOKMARK [1][-]{section.11.29}{\376\377\0001\0001\000.\0002\0009\000\040\000d\000o\000c\000t\000e\000s\000t\000:\000:\000d\000e\000t\000a\000i\000l\000:\000:\000f\000i\000l\000l\000d\000a\000t\000a\000<\000\040\000c\000o\000n\000s\000t\000\040\000v\000o\000i\000d\000\040\000*\000\040\000>\000\040\000S\000t\000r\000u\000c\000t\000\040\000R\000e\000f\000e\000r\000e\000n\000c\000e}{chapter.11}% 429
\BOOKMARK [2][-]{subsection.11.29.1}{\376\377\0001\0001\000.\0002\0009\000.\0001\000\040\000D\000e\000t\000a\000i\000l\000e\000d\000\040\000D\000e\000s\000c\000r\000i\000p\000t\000i\000o\000n}{section.11.29}% 430
\BOOKMARK [2][-]{subsection.11.29.2}{\376\377\0001\0001\000.\0002\0009\000.\0002\000\040\000M\000e\000m\000b\000e\000r\000\040\000F\000u\000n\000c\000t\000i\000o\000n\000\040\000D\000o\000c\000u\000m\000e\000n\000t\000a\000t\000i\000o\000n}{section.11.29}% 431
\BOOKMARK [3][-]{subsubsection.11.29.2.1}{\376\377\0001\0001\000.\0002\0009\000.\0002\000.\0001\000\040\000f\000i\000l\000l\000\050\000\051}{subsection.11.29.2}% 432
\BOOKMARK [1][-]{section.11.30}{\376\377\0001\0001\000.\0003\0000\000\040\000d\000o\000c\000t\000e\000s\000t\000:\000:\000d\000e\000t\000a\000i\000l\000:\000:\000f\000i\000l\000l\000d\000a\000t\000a\000<\000\040\000c\000o\000n\000s\000t\000\040\000v\000o\000l\000a\000t\000i\000l\000e\000\040\000v\000o\000i\000d\000\040\000*\000\040\000>\000\040\000S\000t\000r\000u\000c\000t\000\040\000R\000e\000f\000e\000r\000e\000n\000c\000e}{chapter.11}% 433
\BOOKMARK [2][-]{subsection.11.30.1}{\376\377\0001\0001\000.\0003\0000\000.\0001\000\040\000D\000e\000t\000a\000i\000l\000e\000d\000\040\000D\000e\000s\000c\000r\000i\000p\000t\000i\000o\000n}{section.11.30}% 434
\BOOKMARK [2][-]{subsection.11.30.2}{\376\377\0001\0001\000.\0003\0000\000.\0002\000\040\000M\000e\000m\000b\000e\000r\000\040\000F\000u\000n\000c\000t\000i\000o\000n\000\040\000D\000o\000c\000u\000m\000e\000n\000t\000a\000t\000i\000o\000n}{section.11.30}% 435
\BOOKMARK [3][-]{subsubsection.11.30.2.1}{\376\377\0001\0001\000.\0003\0000\000.\0002\000.\0001\000\040\000f\000i\000l\000l\000\050\000\051}{subsection.11.30.2}% 436
\BOOKMARK [1][-]{section.11.31}{\376\377\0001\0001\000.\0003\0001\000\040\000d\000o\000c\000t\000e\000s\000t\000:\000:\000d\000e\000t\000a\000i\000l\000:\000:\000f\000i\000l\000l\000d\000a\000t\000a\000<\000\040\000T\000\040\000*\000\040\000>\000\040\000S\000t\000r\000u\000c\000t\000\040\000T\000e\000m\000p\000l\000a\000t\000e\000\040\000R\000e\000f\000e\000r\000e\000n\000c\000e}{chapter.11}% 437
\BOOKMARK [2][-]{subsection.11.31.1}{\376\377\0001\0001\000.\0003\0001\000.\0001\000\040\000D\000e\000t\000a\000i\000l\000e\000d\000\040\000D\000e\000s\000c\000r\000i\000p\000t\000i\000o\000n}{section.11.31}% 438
\BOOKMARK [2][-]{subsection.11.31.2}{\376\377\0001\0001\000.\0003\0001\000.\0002\000\040\000M\000e\000m\000b\000e\000r\000\040\000F\000u\000n\000c\000t\000i\000o\000n\000\040\000D\000o\000c\000u\000m\000e\000n\000t\000a\000t\000i\000o\000n}{section.11.31}% 439
\BOOKMARK [3][-]{subsubsection.11.31.2.1}{\376\377\0001\0001\000.\0003\0001\000.\0002\000.\0001\000\040\000f\000i\000l\000l\000\050\000\051}{subsection.11.31.2}% 440
\BOOKMARK [1][-]{section.11.32}{\376\377\0001\0001\000.\0003\0002\000\040\000d\000o\000c\000t\000e\000s\000t\000:\000:\000d\000e\000t\000a\000i\000l\000:\000:\000f\000i\000l\000l\000d\000a\000t\000a\000<\000\040\000T\000,\000\040\000t\000y\000p\000e\000n\000a\000m\000e\000\040\000d\000e\000t\000a\000i\000l\000:\000:\000t\000y\000p\000e\000s\000:\000:\000e\000n\000a\000b\000l\000e\000\137\000i\000f\000<\000\040\000!\000d\000e\000t\000a\000i\000l\000:\000:\000h\000a\000s\000\137\000i\000n\000s\000e\000r\000t\000i\000o\000n\000\137\000o\000p\000e\000r\000a\000t\000o\000r\000<\000\040\000T\000\040\000>\000:\000:\000v\000a\000l\000u\000e\000\040\000\046\000\046\000d\000e\000t\000a\000i\000l\000:\000:\000i\000s\000\137\000c\000o\000n\000t\000a\000i\000n\000e\000r\000<\000\040\000T\000\040\000>\000:\000:\000v\000a\000l\000u\000e\000\040\000>\000:\000:\000t\000y\000p\000e\000\040\000>\000\040\000S\000t\000r\000u\000c\000t\000\040\000T\000e\000m\000p\000l\000a\000t\000e\000\040\000R\000e\000f\000e\000r\000e\000n\000c\000e}{chapter.11}% 441
\BOOKMARK [2][-]{subsection.11.32.1}{\376\377\0001\0001\000.\0003\0002\000.\0001\000\040\000D\000e\000t\000a\000i\000l\000e\000d\000\040\000D\000e\000s\000c\000r\000i\000p\000t\000i\000o\000n}{section.11.32}% 442
\BOOKMARK [2][-]{subsection.11.32.2}{\376\377\0001\0001\000.\0003\0002\000.\0002\000\040\000M\000e\000m\000b\000e\000r\000\040\000F\000u\000n\000c\000t\000i\000o\000n\000\040\000D\000o\000c\000u\000m\000e\000n\000t\000a\000t\000i\000o\000n}{section.11.32}% 443
\BOOKMARK [3][-]{subsubsection.11.32.2.1}{\376\377\0001\0001\000.\0003\0002\000.\0002\000.\0001\000\040\000f\000i\000l\000l\000\050\000\051}{subsection.11.32.2}% 444
\BOOKMARK [1][-]{section.11.33}{\376\377\0001\0001\000.\0003\0003\000\040\000d\000o\000c\000t\000e\000s\000t\000:\000:\000d\000e\000t\000a\000i\000l\000:\000:\000f\000i\000l\000l\000d\000a\000t\000a\000<\000\040\000T\000,\000\040\000t\000y\000p\000e\000n\000a\000m\000e\000\040\000d\000e\000t\000a\000i\000l\000:\000:\000t\000y\000p\000e\000s\000:\000:\000e\000n\000a\000b\000l\000e\000\137\000i\000f\000<\000!\000d\000e\000t\000a\000i\000l\000:\000:\000h\000a\000s\000\137\000i\000n\000s\000e\000r\000t\000i\000o\000n\000\137\000o\000p\000e\000r\000a\000t\000o\000r\000<\000\040\000T\000\040\000>\000:\000:\000v\000a\000l\000u\000e\000\040\000\046\000\046\000d\000e\000t\000a\000i\000l\000:\000:\000i\000s\000\137\000p\000a\000i\000r\000<\000\040\000T\000\040\000>\000:\000:\000v\000a\000l\000u\000e\000\040\000>\000:\000:\000t\000y\000p\000e\000\040\000>\000\040\000S\000t\000r\000u\000c\000t\000\040\000T\000e\000m\000p\000l\000a\000t\000e\000\040\000R\000e\000f\000e\000r\000e\000n\000c\000e}{chapter.11}% 445
\BOOKMARK [2][-]{subsection.11.33.1}{\376\377\0001\0001\000.\0003\0003\000.\0001\000\040\000D\000e\000t\000a\000i\000l\000e\000d\000\040\000D\000e\000s\000c\000r\000i\000p\000t\000i\000o\000n}{section.11.33}% 446
\BOOKMARK [2][-]{subsection.11.33.2}{\376\377\0001\0001\000.\0003\0003\000.\0002\000\040\000M\000e\000m\000b\000e\000r\000\040\000F\000u\000n\000c\000t\000i\000o\000n\000\040\000D\000o\000c\000u\000m\000e\000n\000t\000a\000t\000i\000o\000n}{section.11.33}% 447
\BOOKMARK [3][-]{subsubsection.11.33.2.1}{\376\377\0001\0001\000.\0003\0003\000.\0002\000.\0001\000\040\000f\000i\000l\000l\000\050\000\051}{subsection.11.33.2}% 448
\BOOKMARK [1][-]{section.11.34}{\376\377\0001\0001\000.\0003\0004\000\040\000d\000o\000c\000t\000e\000s\000t\000:\000:\000d\000e\000t\000a\000i\000l\000:\000:\000f\000i\000l\000l\000d\000a\000t\000a\000<\000\040\000T\000[\000N\000]\000>\000\040\000S\000t\000r\000u\000c\000t\000\040\000T\000e\000m\000p\000l\000a\000t\000e\000\040\000R\000e\000f\000e\000r\000e\000n\000c\000e}{chapter.11}% 449
\BOOKMARK [2][-]{subsection.11.34.1}{\376\377\0001\0001\000.\0003\0004\000.\0001\000\040\000D\000e\000t\000a\000i\000l\000e\000d\000\040\000D\000e\000s\000c\000r\000i\000p\000t\000i\000o\000n}{section.11.34}% 450
\BOOKMARK [2][-]{subsection.11.34.2}{\376\377\0001\0001\000.\0003\0004\000.\0002\000\040\000M\000e\000m\000b\000e\000r\000\040\000F\000u\000n\000c\000t\000i\000o\000n\000\040\000D\000o\000c\000u\000m\000e\000n\000t\000a\000t\000i\000o\000n}{section.11.34}% 451
\BOOKMARK [3][-]{subsubsection.11.34.2.1}{\376\377\0001\0001\000.\0003\0004\000.\0002\000.\0001\000\040\000f\000i\000l\000l\000\050\000\051}{subsection.11.34.2}% 452
\BOOKMARK [1][-]{section.11.35}{\376\377\0001\0001\000.\0003\0005\000\040\000d\000o\000c\000t\000e\000s\000t\000:\000:\000d\000e\000t\000a\000i\000l\000:\000:\000h\000a\000s\000\137\000i\000n\000s\000e\000r\000t\000i\000o\000n\000\137\000o\000p\000e\000r\000a\000t\000o\000r\000<\000\040\000T\000,\000\040\000t\000y\000p\000e\000n\000a\000m\000e\000\040\000>\000\040\000S\000t\000r\000u\000c\000t\000\040\000T\000e\000m\000p\000l\000a\000t\000e\000\040\000R\000e\000f\000e\000r\000e\000n\000c\000e}{chapter.11}% 453
\BOOKMARK [2][-]{subsection.11.35.1}{\376\377\0001\0001\000.\0003\0005\000.\0001\000\040\000D\000e\000t\000a\000i\000l\000e\000d\000\040\000D\000e\000s\000c\000r\000i\000p\000t\000i\000o\000n}{section.11.35}% 454
\BOOKMARK [1][-]{section.11.36}{\376\377\0001\0001\000.\0003\0006\000\040\000d\000o\000c\000t\000e\000s\000t\000:\000:\000d\000e\000t\000a\000i\000l\000:\000:\000h\000a\000s\000\137\000i\000n\000s\000e\000r\000t\000i\000o\000n\000\137\000o\000p\000e\000r\000a\000t\000o\000r\000<\000\040\000T\000,\000\040\000d\000e\000c\000l\000t\000y\000p\000e\000\050\000o\000p\000e\000r\000a\000t\000o\000r\000<\000<\000\050\000d\000e\000c\000l\000v\000a\000l\000<\000\040\000s\000t\000d\000:\000:\000o\000s\000t\000r\000e\000a\000m\000\040\000\046\000\040\000>\000\050\000\051\000,\000\040\000d\000e\000c\000l\000v\000a\000l\000<\000\040\000c\000o\000n\000s\000t\000\040\000T\000\040\000\046\000\040\000>\000\050\000\051\000\051\000,\000\040\000v\000o\000i\000d\000\050\000\051\000\051\000>\000\040\000S\000t\000r\000u\000c\000t\000\040\000T\000e\000m\000p\000l\000a\000t\000e\000\040\000R\000e\000f\000e\000r\000e\000n\000c\000e}{chapter.11}% 455
\BOOKMARK [2][-]{subsection.11.36.1}{\376\377\0001\0001\000.\0003\0006\000.\0001\000\040\000D\000e\000t\000a\000i\000l\000e\000d\000\040\000D\000e\000s\000c\000r\000i\000p\000t\000i\000o\000n}{section.11.36}% 456
\BOOKMARK [1][-]{section.11.37}{\376\377\0001\0001\000.\0003\0007\000\040\000d\000o\000c\000t\000e\000s\000t\000:\000:\000I\000C\000o\000n\000t\000e\000x\000t\000S\000c\000o\000p\000e\000\040\000S\000t\000r\000u\000c\000t\000\040\000R\000e\000f\000e\000r\000e\000n\000c\000e}{chapter.11}% 457
\BOOKMARK [2][-]{subsection.11.37.1}{\376\377\0001\0001\000.\0003\0007\000.\0001\000\040\000D\000e\000t\000a\000i\000l\000e\000d\000\040\000D\000e\000s\000c\000r\000i\000p\000t\000i\000o\000n}{section.11.37}% 458
\BOOKMARK [2][-]{subsection.11.37.2}{\376\377\0001\0001\000.\0003\0007\000.\0002\000\040\000M\000e\000m\000b\000e\000r\000\040\000F\000u\000n\000c\000t\000i\000o\000n\000\040\000D\000o\000c\000u\000m\000e\000n\000t\000a\000t\000i\000o\000n}{section.11.37}% 459
\BOOKMARK [3][-]{subsubsection.11.37.2.1}{\376\377\0001\0001\000.\0003\0007\000.\0002\000.\0001\000\040\000s\000t\000r\000i\000n\000g\000i\000f\000y\000\050\000\051}{subsection.11.37.2}% 460
\BOOKMARK [1][-]{section.11.38}{\376\377\0001\0001\000.\0003\0008\000\040\000I\000d\000D\000u\000p\000l\000i\000c\000a\000d\000o\000\040\000C\000l\000a\000s\000s\000\040\000R\000e\000f\000e\000r\000e\000n\000c\000e}{chapter.11}% 461
\BOOKMARK [2][-]{subsection.11.38.1}{\376\377\0001\0001\000.\0003\0008\000.\0001\000\040\000D\000e\000t\000a\000i\000l\000e\000d\000\040\000D\000e\000s\000c\000r\000i\000p\000t\000i\000o\000n}{section.11.38}% 462
\BOOKMARK [1][-]{section.11.39}{\376\377\0001\0001\000.\0003\0009\000\040\000I\000d\000I\000n\000e\000x\000i\000s\000t\000e\000n\000t\000e\000\040\000C\000l\000a\000s\000s\000\040\000R\000e\000f\000e\000r\000e\000n\000c\000e}{chapter.11}% 463
\BOOKMARK [2][-]{subsection.11.39.1}{\376\377\0001\0001\000.\0003\0009\000.\0001\000\040\000D\000e\000t\000a\000i\000l\000e\000d\000\040\000D\000e\000s\000c\000r\000i\000p\000t\000i\000o\000n}{section.11.39}% 464
\BOOKMARK [1][-]{section.11.40}{\376\377\0001\0001\000.\0004\0000\000\040\000I\000d\000I\000n\000v\000a\000l\000i\000d\000o\000\040\000C\000l\000a\000s\000s\000\040\000R\000e\000f\000e\000r\000e\000n\000c\000e}{chapter.11}% 465
\BOOKMARK [2][-]{subsection.11.40.1}{\376\377\0001\0001\000.\0004\0000\000.\0001\000\040\000D\000e\000t\000a\000i\000l\000e\000d\000\040\000D\000e\000s\000c\000r\000i\000p\000t\000i\000o\000n}{section.11.40}% 466
\BOOKMARK [1][-]{section.11.41}{\376\377\0001\0001\000.\0004\0001\000\040\000d\000o\000c\000t\000e\000s\000t\000:\000:\000d\000e\000t\000a\000i\000l\000:\000:\000I\000E\000x\000c\000e\000p\000t\000i\000o\000n\000T\000r\000a\000n\000s\000l\000a\000t\000o\000r\000\040\000S\000t\000r\000u\000c\000t\000\040\000R\000e\000f\000e\000r\000e\000n\000c\000e}{chapter.11}% 467
\BOOKMARK [2][-]{subsection.11.41.1}{\376\377\0001\0001\000.\0004\0001\000.\0001\000\040\000D\000e\000t\000a\000i\000l\000e\000d\000\040\000D\000e\000s\000c\000r\000i\000p\000t\000i\000o\000n}{section.11.41}% 468
\BOOKMARK [2][-]{subsection.11.41.2}{\376\377\0001\0001\000.\0004\0001\000.\0002\000\040\000M\000e\000m\000b\000e\000r\000\040\000F\000u\000n\000c\000t\000i\000o\000n\000\040\000D\000o\000c\000u\000m\000e\000n\000t\000a\000t\000i\000o\000n}{section.11.41}% 469
\BOOKMARK [3][-]{subsubsection.11.41.2.1}{\376\377\0001\0001\000.\0004\0001\000.\0002\000.\0001\000\040\000t\000r\000a\000n\000s\000l\000a\000t\000e\000\050\000\051}{subsection.11.41.2}% 470
\BOOKMARK [1][-]{section.11.42}{\376\377\0001\0001\000.\0004\0002\000\040\000d\000o\000c\000t\000e\000s\000t\000:\000:\000I\000R\000e\000p\000o\000r\000t\000e\000r\000\040\000S\000t\000r\000u\000c\000t\000\040\000R\000e\000f\000e\000r\000e\000n\000c\000e}{chapter.11}% 471
\BOOKMARK [2][-]{subsection.11.42.1}{\376\377\0001\0001\000.\0004\0002\000.\0001\000\040\000D\000e\000t\000a\000i\000l\000e\000d\000\040\000D\000e\000s\000c\000r\000i\000p\000t\000i\000o\000n}{section.11.42}% 472
\BOOKMARK [2][-]{subsection.11.42.2}{\376\377\0001\0001\000.\0004\0002\000.\0002\000\040\000M\000e\000m\000b\000e\000r\000\040\000F\000u\000n\000c\000t\000i\000o\000n\000\040\000D\000o\000c\000u\000m\000e\000n\000t\000a\000t\000i\000o\000n}{section.11.42}% 473
\BOOKMARK [3][-]{subsubsection.11.42.2.1}{\376\377\0001\0001\000.\0004\0002\000.\0002\000.\0001\000\040\000g\000e\000t\000\137\000a\000c\000t\000i\000v\000e\000\137\000c\000o\000n\000t\000e\000x\000t\000s\000\050\000\051}{subsection.11.42.2}% 474
\BOOKMARK [3][-]{subsubsection.11.42.2.2}{\376\377\0001\0001\000.\0004\0002\000.\0002\000.\0002\000\040\000g\000e\000t\000\137\000n\000u\000m\000\137\000a\000c\000t\000i\000v\000e\000\137\000c\000o\000n\000t\000e\000x\000t\000s\000\050\000\051}{subsection.11.42.2}% 475
\BOOKMARK [3][-]{subsubsection.11.42.2.3}{\376\377\0001\0001\000.\0004\0002\000.\0002\000.\0003\000\040\000g\000e\000t\000\137\000n\000u\000m\000\137\000s\000t\000r\000i\000n\000g\000i\000f\000i\000e\000d\000\137\000c\000o\000n\000t\000e\000x\000t\000s\000\050\000\051}{subsection.11.42.2}% 476
\BOOKMARK [3][-]{subsubsection.11.42.2.4}{\376\377\0001\0001\000.\0004\0002\000.\0002\000.\0004\000\040\000g\000e\000t\000\137\000s\000t\000r\000i\000n\000g\000i\000f\000i\000e\000d\000\137\000c\000o\000n\000t\000e\000x\000t\000s\000\050\000\051}{subsection.11.42.2}% 477
\BOOKMARK [3][-]{subsubsection.11.42.2.5}{\376\377\0001\0001\000.\0004\0002\000.\0002\000.\0005\000\040\000l\000o\000g\000\137\000a\000s\000s\000e\000r\000t\000\050\000\051}{subsection.11.42.2}% 478
\BOOKMARK [3][-]{subsubsection.11.42.2.6}{\376\377\0001\0001\000.\0004\0002\000.\0002\000.\0006\000\040\000l\000o\000g\000\137\000m\000e\000s\000s\000a\000g\000e\000\050\000\051}{subsection.11.42.2}% 479
\BOOKMARK [3][-]{subsubsection.11.42.2.7}{\376\377\0001\0001\000.\0004\0002\000.\0002\000.\0007\000\040\000r\000e\000p\000o\000r\000t\000\137\000q\000u\000e\000r\000y\000\050\000\051}{subsection.11.42.2}% 480
\BOOKMARK [3][-]{subsubsection.11.42.2.8}{\376\377\0001\0001\000.\0004\0002\000.\0002\000.\0008\000\040\000s\000u\000b\000c\000a\000s\000e\000\137\000e\000n\000d\000\050\000\051}{subsection.11.42.2}% 481
\BOOKMARK [3][-]{subsubsection.11.42.2.9}{\376\377\0001\0001\000.\0004\0002\000.\0002\000.\0009\000\040\000s\000u\000b\000c\000a\000s\000e\000\137\000s\000t\000a\000r\000t\000\050\000\051}{subsection.11.42.2}% 482
\BOOKMARK [3][-]{subsubsection.11.42.2.10}{\376\377\0001\0001\000.\0004\0002\000.\0002\000.\0001\0000\000\040\000t\000e\000s\000t\000\137\000c\000a\000s\000e\000\137\000e\000n\000d\000\050\000\051}{subsection.11.42.2}% 483
\BOOKMARK [3][-]{subsubsection.11.42.2.11}{\376\377\0001\0001\000.\0004\0002\000.\0002\000.\0001\0001\000\040\000t\000e\000s\000t\000\137\000c\000a\000s\000e\000\137\000e\000x\000c\000e\000p\000t\000i\000o\000n\000\050\000\051}{subsection.11.42.2}% 484
\BOOKMARK [3][-]{subsubsection.11.42.2.12}{\376\377\0001\0001\000.\0004\0002\000.\0002\000.\0001\0002\000\040\000t\000e\000s\000t\000\137\000c\000a\000s\000e\000\137\000r\000e\000e\000n\000t\000e\000r\000\050\000\051}{subsection.11.42.2}% 485
\BOOKMARK [3][-]{subsubsection.11.42.2.13}{\376\377\0001\0001\000.\0004\0002\000.\0002\000.\0001\0003\000\040\000t\000e\000s\000t\000\137\000c\000a\000s\000e\000\137\000s\000k\000i\000p\000p\000e\000d\000\050\000\051}{subsection.11.42.2}% 486
\BOOKMARK [3][-]{subsubsection.11.42.2.14}{\376\377\0001\0001\000.\0004\0002\000.\0002\000.\0001\0004\000\040\000t\000e\000s\000t\000\137\000c\000a\000s\000e\000\137\000s\000t\000a\000r\000t\000\050\000\051}{subsection.11.42.2}% 487
\BOOKMARK [3][-]{subsubsection.11.42.2.15}{\376\377\0001\0001\000.\0004\0002\000.\0002\000.\0001\0005\000\040\000t\000e\000s\000t\000\137\000r\000u\000n\000\137\000e\000n\000d\000\050\000\051}{subsection.11.42.2}% 488
\BOOKMARK [3][-]{subsubsection.11.42.2.16}{\376\377\0001\0001\000.\0004\0002\000.\0002\000.\0001\0006\000\040\000t\000e\000s\000t\000\137\000r\000u\000n\000\137\000s\000t\000a\000r\000t\000\050\000\051}{subsection.11.42.2}% 489
\BOOKMARK [1][-]{section.11.43}{\376\377\0001\0001\000.\0004\0003\000\040\000d\000o\000c\000t\000e\000s\000t\000:\000:\000d\000e\000t\000a\000i\000l\000:\000:\000t\000y\000p\000e\000s\000:\000:\000i\000s\000\137\000a\000r\000r\000a\000y\000<\000\040\000T\000\040\000>\000\040\000S\000t\000r\000u\000c\000t\000\040\000T\000e\000m\000p\000l\000a\000t\000e\000\040\000R\000e\000f\000e\000r\000e\000n\000c\000e}{chapter.11}% 490
\BOOKMARK [2][-]{subsection.11.43.1}{\376\377\0001\0001\000.\0004\0003\000.\0001\000\040\000D\000e\000t\000a\000i\000l\000e\000d\000\040\000D\000e\000s\000c\000r\000i\000p\000t\000i\000o\000n}{section.11.43}% 491
\BOOKMARK [1][-]{section.11.44}{\376\377\0001\0001\000.\0004\0004\000\040\000d\000o\000c\000t\000e\000s\000t\000:\000:\000d\000e\000t\000a\000i\000l\000:\000:\000t\000y\000p\000e\000s\000:\000:\000i\000s\000\137\000a\000r\000r\000a\000y\000<\000\040\000T\000[\000S\000I\000Z\000E\000]\000>\000\040\000S\000t\000r\000u\000c\000t\000\040\000T\000e\000m\000p\000l\000a\000t\000e\000\040\000R\000e\000f\000e\000r\000e\000n\000c\000e}{chapter.11}% 492
\BOOKMARK [2][-]{subsection.11.44.1}{\376\377\0001\0001\000.\0004\0004\000.\0001\000\040\000D\000e\000t\000a\000i\000l\000e\000d\000\040\000D\000e\000s\000c\000r\000i\000p\000t\000i\000o\000n}{section.11.44}% 493
\BOOKMARK [1][-]{section.11.45}{\376\377\0001\0001\000.\0004\0005\000\040\000d\000o\000c\000t\000e\000s\000t\000:\000:\000d\000e\000t\000a\000i\000l\000:\000:\000i\000s\000\137\000c\000o\000n\000t\000a\000i\000n\000e\000r\000<\000\040\000T\000,\000\040\000t\000y\000p\000e\000n\000a\000m\000e\000\040\000>\000\040\000S\000t\000r\000u\000c\000t\000\040\000T\000e\000m\000p\000l\000a\000t\000e\000\040\000R\000e\000f\000e\000r\000e\000n\000c\000e}{chapter.11}% 494
\BOOKMARK [2][-]{subsection.11.45.1}{\376\377\0001\0001\000.\0004\0005\000.\0001\000\040\000D\000e\000t\000a\000i\000l\000e\000d\000\040\000D\000e\000s\000c\000r\000i\000p\000t\000i\000o\000n}{section.11.45}% 495
\BOOKMARK [1][-]{section.11.46}{\376\377\0001\0001\000.\0004\0006\000\040\000d\000o\000c\000t\000e\000s\000t\000:\000:\000d\000e\000t\000a\000i\000l\000:\000:\000i\000s\000\137\000c\000o\000n\000t\000a\000i\000n\000e\000r\000<\000\040\000T\000,\000\040\000t\000y\000p\000e\000s\000:\000:\000v\000o\000i\000d\000\137\000t\000<\000\040\000t\000y\000p\000e\000n\000a\000m\000e\000\040\000T\000:\000:\000v\000a\000l\000u\000e\000\137\000t\000y\000p\000e\000,\000\040\000t\000y\000p\000e\000n\000a\000m\000e\000\040\000T\000:\000:\000i\000t\000e\000r\000a\000t\000o\000r\000,\000\040\000d\000e\000c\000l\000t\000y\000p\000e\000\050\000d\000e\000c\000l\000v\000a\000l\000<\000\040\000T\000\040\000>\000\050\000\051\000.\000b\000e\000g\000i\000n\000\050\000\051\000\051\000,\000\040\000d\000e\000c\000l\000t\000y\000p\000e\000\050\000d\000e\000c\000l\000v\000a\000l\000<\000\040\000T\000\040\000>\000\050\000\051\000.\000e\000n\000d\000\050\000\051\000\051\000>\000\040\000>\000\040\000S\000t\000r\000u\000c\000t\000\040\000T\000e\000m\000p\000l\000a\000t\000e\000\040\000R\000e\000f\000e\000r\000e\000n\000c\000e}{chapter.11}% 496
\BOOKMARK [2][-]{subsection.11.46.1}{\376\377\0001\0001\000.\0004\0006\000.\0001\000\040\000D\000e\000t\000a\000i\000l\000e\000d\000\040\000D\000e\000s\000c\000r\000i\000p\000t\000i\000o\000n}{section.11.46}% 497
\BOOKMARK [1][-]{section.11.47}{\376\377\0001\0001\000.\0004\0007\000\040\000d\000o\000c\000t\000e\000s\000t\000:\000:\000d\000e\000t\000a\000i\000l\000:\000:\000t\000y\000p\000e\000s\000:\000:\000i\000s\000\137\000e\000n\000u\000m\000<\000\040\000T\000\040\000>\000\040\000S\000t\000r\000u\000c\000t\000\040\000T\000e\000m\000p\000l\000a\000t\000e\000\040\000R\000e\000f\000e\000r\000e\000n\000c\000e}{chapter.11}% 498
\BOOKMARK [2][-]{subsection.11.47.1}{\376\377\0001\0001\000.\0004\0007\000.\0001\000\040\000D\000e\000t\000a\000i\000l\000e\000d\000\040\000D\000e\000s\000c\000r\000i\000p\000t\000i\000o\000n}{section.11.47}% 499
\BOOKMARK [2][-]{subsection.11.47.2}{\376\377\0001\0001\000.\0004\0007\000.\0002\000\040\000M\000e\000m\000b\000e\000r\000\040\000D\000a\000t\000a\000\040\000D\000o\000c\000u\000m\000e\000n\000t\000a\000t\000i\000o\000n}{section.11.47}% 500
\BOOKMARK [3][-]{subsubsection.11.47.2.1}{\376\377\0001\0001\000.\0004\0007\000.\0002\000.\0001\000\040\000v\000a\000l\000u\000e}{subsection.11.47.2}% 501
\BOOKMARK [1][-]{section.11.48}{\376\377\0001\0001\000.\0004\0008\000\040\000d\000o\000c\000t\000e\000s\000t\000:\000:\000d\000e\000t\000a\000i\000l\000:\000:\000i\000s\000\137\000p\000a\000i\000r\000<\000\040\000T\000,\000\040\000t\000y\000p\000e\000n\000a\000m\000e\000\040\000>\000\040\000S\000t\000r\000u\000c\000t\000\040\000T\000e\000m\000p\000l\000a\000t\000e\000\040\000R\000e\000f\000e\000r\000e\000n\000c\000e}{chapter.11}% 502
\BOOKMARK [2][-]{subsection.11.48.1}{\376\377\0001\0001\000.\0004\0008\000.\0001\000\040\000D\000e\000t\000a\000i\000l\000e\000d\000\040\000D\000e\000s\000c\000r\000i\000p\000t\000i\000o\000n}{section.11.48}% 503
\BOOKMARK [1][-]{section.11.49}{\376\377\0001\0001\000.\0004\0009\000\040\000d\000o\000c\000t\000e\000s\000t\000:\000:\000d\000e\000t\000a\000i\000l\000:\000:\000i\000s\000\137\000p\000a\000i\000r\000<\000\040\000T\000,\000\040\000t\000y\000p\000e\000s\000:\000:\000v\000o\000i\000d\000\137\000t\000<\000\040\000t\000y\000p\000e\000n\000a\000m\000e\000\040\000T\000:\000:\000f\000i\000r\000s\000t\000\137\000t\000y\000p\000e\000,\000\040\000t\000y\000p\000e\000n\000a\000m\000e\000\040\000T\000:\000:\000s\000e\000c\000o\000n\000d\000\137\000t\000y\000p\000e\000,\000\040\000d\000e\000c\000l\000t\000y\000p\000e\000\050\000d\000e\000c\000l\000v\000a\000l\000<\000\040\000T\000\040\000>\000\050\000\051\000.\000f\000i\000r\000s\000t\000\051\000,\000\040\000d\000e\000c\000l\000t\000y\000p\000e\000\050\000d\000e\000c\000l\000v\000a\000l\000<\000\040\000T\000\040\000>\000\050\000\051\000.\000s\000e\000c\000o\000n\000d\000\051\000>\000\040\000>\000\040\000S\000t\000r\000u\000c\000t\000\040\000T\000e\000m\000p\000l\000a\000t\000e\000\040\000R\000e\000f\000e\000r\000e\000n\000c\000e}{chapter.11}% 504
\BOOKMARK [2][-]{subsection.11.49.1}{\376\377\0001\0001\000.\0004\0009\000.\0001\000\040\000D\000e\000t\000a\000i\000l\000e\000d\000\040\000D\000e\000s\000c\000r\000i\000p\000t\000i\000o\000n}{section.11.49}% 505
\BOOKMARK [1][-]{section.11.50}{\376\377\0001\0001\000.\0005\0000\000\040\000d\000o\000c\000t\000e\000s\000t\000:\000:\000d\000e\000t\000a\000i\000l\000:\000:\000t\000y\000p\000e\000s\000:\000:\000i\000s\000\137\000p\000o\000i\000n\000t\000e\000r\000<\000\040\000T\000\040\000>\000\040\000S\000t\000r\000u\000c\000t\000\040\000T\000e\000m\000p\000l\000a\000t\000e\000\040\000R\000e\000f\000e\000r\000e\000n\000c\000e}{chapter.11}% 506
\BOOKMARK [2][-]{subsection.11.50.1}{\376\377\0001\0001\000.\0005\0000\000.\0001\000\040\000D\000e\000t\000a\000i\000l\000e\000d\000\040\000D\000e\000s\000c\000r\000i\000p\000t\000i\000o\000n}{section.11.50}% 507
\BOOKMARK [1][-]{section.11.51}{\376\377\0001\0001\000.\0005\0001\000\040\000d\000o\000c\000t\000e\000s\000t\000:\000:\000d\000e\000t\000a\000i\000l\000:\000:\000t\000y\000p\000e\000s\000:\000:\000i\000s\000\137\000p\000o\000i\000n\000t\000e\000r\000<\000\040\000T\000\040\000*\000\040\000>\000\040\000S\000t\000r\000u\000c\000t\000\040\000T\000e\000m\000p\000l\000a\000t\000e\000\040\000R\000e\000f\000e\000r\000e\000n\000c\000e}{chapter.11}% 508
\BOOKMARK [2][-]{subsection.11.51.1}{\376\377\0001\0001\000.\0005\0001\000.\0001\000\040\000D\000e\000t\000a\000i\000l\000e\000d\000\040\000D\000e\000s\000c\000r\000i\000p\000t\000i\000o\000n}{section.11.51}% 509
\BOOKMARK [1][-]{section.11.52}{\376\377\0001\0001\000.\0005\0002\000\040\000d\000o\000c\000t\000e\000s\000t\000:\000:\000d\000e\000t\000a\000i\000l\000:\000:\000t\000y\000p\000e\000s\000:\000:\000i\000s\000\137\000r\000v\000a\000l\000u\000e\000\137\000r\000e\000f\000e\000r\000e\000n\000c\000e\000<\000\040\000T\000\040\000>\000\040\000S\000t\000r\000u\000c\000t\000\040\000T\000e\000m\000p\000l\000a\000t\000e\000\040\000R\000e\000f\000e\000r\000e\000n\000c\000e}{chapter.11}% 510
\BOOKMARK [2][-]{subsection.11.52.1}{\376\377\0001\0001\000.\0005\0002\000.\0001\000\040\000D\000e\000t\000a\000i\000l\000e\000d\000\040\000D\000e\000s\000c\000r\000i\000p\000t\000i\000o\000n}{section.11.52}% 511
\BOOKMARK [1][-]{section.11.53}{\376\377\0001\0001\000.\0005\0003\000\040\000d\000o\000c\000t\000e\000s\000t\000:\000:\000d\000e\000t\000a\000i\000l\000:\000:\000t\000y\000p\000e\000s\000:\000:\000i\000s\000\137\000r\000v\000a\000l\000u\000e\000\137\000r\000e\000f\000e\000r\000e\000n\000c\000e\000<\000\040\000T\000\040\000\046\000\046\000\040\000>\000\040\000S\000t\000r\000u\000c\000t\000\040\000T\000e\000m\000p\000l\000a\000t\000e\000\040\000R\000e\000f\000e\000r\000e\000n\000c\000e}{chapter.11}% 512
\BOOKMARK [2][-]{subsection.11.53.1}{\376\377\0001\0001\000.\0005\0003\000.\0001\000\040\000D\000e\000t\000a\000i\000l\000e\000d\000\040\000D\000e\000s\000c\000r\000i\000p\000t\000i\000o\000n}{section.11.53}% 513
\BOOKMARK [1][-]{section.11.54}{\376\377\0001\0001\000.\0005\0004\000\040\000d\000o\000c\000t\000e\000s\000t\000:\000:\000d\000e\000t\000a\000i\000l\000:\000:\000t\000y\000p\000e\000s\000:\000:\000i\000s\000\137\000s\000a\000m\000e\000<\000\040\000T\000,\000\040\000U\000\040\000>\000\040\000S\000t\000r\000u\000c\000t\000\040\000T\000e\000m\000p\000l\000a\000t\000e\000\040\000R\000e\000f\000e\000r\000e\000n\000c\000e}{chapter.11}% 514
\BOOKMARK [2][-]{subsection.11.54.1}{\376\377\0001\0001\000.\0005\0004\000.\0001\000\040\000D\000e\000t\000a\000i\000l\000e\000d\000\040\000D\000e\000s\000c\000r\000i\000p\000t\000i\000o\000n}{section.11.54}% 515
\BOOKMARK [1][-]{section.11.55}{\376\377\0001\0001\000.\0005\0005\000\040\000d\000o\000c\000t\000e\000s\000t\000:\000:\000d\000e\000t\000a\000i\000l\000:\000:\000t\000y\000p\000e\000s\000:\000:\000i\000s\000\137\000s\000a\000m\000e\000<\000\040\000T\000,\000\040\000T\000\040\000>\000\040\000S\000t\000r\000u\000c\000t\000\040\000T\000e\000m\000p\000l\000a\000t\000e\000\040\000R\000e\000f\000e\000r\000e\000n\000c\000e}{chapter.11}% 516
\BOOKMARK [2][-]{subsection.11.55.1}{\376\377\0001\0001\000.\0005\0005\000.\0001\000\040\000D\000e\000t\000a\000i\000l\000e\000d\000\040\000D\000e\000s\000c\000r\000i\000p\000t\000i\000o\000n}{section.11.55}% 517
\BOOKMARK [1][-]{section.11.56}{\376\377\0001\0001\000.\0005\0006\000\040\000d\000o\000c\000t\000e\000s\000t\000:\000:\000d\000e\000t\000a\000i\000l\000:\000:\000i\000s\000\137\000s\000t\000d\000\137\000s\000t\000r\000i\000n\000g\000<\000\040\000T\000,\000\040\000E\000n\000a\000b\000l\000e\000\040\000>\000\040\000S\000t\000r\000u\000c\000t\000\040\000T\000e\000m\000p\000l\000a\000t\000e\000\040\000R\000e\000f\000e\000r\000e\000n\000c\000e}{chapter.11}% 518
\BOOKMARK [2][-]{subsection.11.56.1}{\376\377\0001\0001\000.\0005\0006\000.\0001\000\040\000D\000e\000t\000a\000i\000l\000e\000d\000\040\000D\000e\000s\000c\000r\000i\000p\000t\000i\000o\000n}{section.11.56}% 519
\BOOKMARK [1][-]{section.11.57}{\376\377\0001\0001\000.\0005\0007\000\040\000d\000o\000c\000t\000e\000s\000t\000:\000:\000d\000e\000t\000a\000i\000l\000:\000:\000i\000s\000\137\000s\000t\000d\000\137\000s\000t\000r\000i\000n\000g\000<\000\040\000T\000,\000\040\000t\000y\000p\000e\000n\000a\000m\000e\000\040\000t\000y\000p\000e\000s\000:\000:\000e\000n\000a\000b\000l\000e\000\137\000i\000f\000<\000\040\000t\000y\000p\000e\000s\000:\000:\000i\000s\000\137\000s\000a\000m\000e\000<\000\040\000d\000e\000c\000l\000t\000y\000p\000e\000\050\000d\000e\000c\000l\000v\000a\000l\000<\000\040\000c\000o\000n\000s\000t\000\040\000T\000\040\000\046\000\040\000>\000\050\000\051\000.\000c\000\137\000s\000t\000r\000\050\000\051\000\051\000,\000\040\000c\000o\000n\000s\000t\000\040\000c\000h\000a\000r\000\040\000*\000\040\000>\000:\000:\000v\000a\000l\000u\000e\000\040\000\046\000\046\000t\000y\000p\000e\000s\000:\000:\000i\000s\000\137\000s\000a\000m\000e\000<\000\040\000d\000e\000c\000l\000t\000y\000p\000e\000\050\000d\000e\000c\000l\000v\000a\000l\000<\000\040\000c\000o\000n\000s\000t\000\040\000T\000\040\000\046\000\040\000>\000\050\000\051\000.\000s\000i\000z\000e\000\050\000\051\000\051\000,\000\040\000s\000i\000z\000e\000\137\000t\000\040\000>\000:\000:\000v\000a\000l\000u\000e\000\040\000>\000:\000:\000t\000y\000p\000e\000\040\000>\000\040\000S\000t\000r\000u\000c\000t\000\040\000T\000e\000m\000p\000l\000a\000t\000e\000\040\000R\000e\000f\000e\000r\000e\000n\000c\000e}{chapter.11}% 520
\BOOKMARK [2][-]{subsection.11.57.1}{\376\377\0001\0001\000.\0005\0007\000.\0001\000\040\000D\000e\000t\000a\000i\000l\000e\000d\000\040\000D\000e\000s\000c\000r\000i\000p\000t\000i\000o\000n}{section.11.57}% 521
\BOOKMARK [1][-]{section.11.58}{\376\377\0001\0001\000.\0005\0008\000\040\000d\000o\000c\000t\000e\000s\000t\000:\000:\000I\000s\000N\000a\000N\000<\000\040\000F\000\040\000>\000\040\000S\000t\000r\000u\000c\000t\000\040\000T\000e\000m\000p\000l\000a\000t\000e\000\040\000R\000e\000f\000e\000r\000e\000n\000c\000e}{chapter.11}% 522
\BOOKMARK [2][-]{subsection.11.58.1}{\376\377\0001\0001\000.\0005\0008\000.\0001\000\040\000D\000e\000t\000a\000i\000l\000e\000d\000\040\000D\000e\000s\000c\000r\000i\000p\000t\000i\000o\000n}{section.11.58}% 523
\BOOKMARK [2][-]{subsection.11.58.2}{\376\377\0001\0001\000.\0005\0008\000.\0002\000\040\000C\000o\000n\000s\000t\000r\000u\000c\000t\000o\000r\000\040\000\046\000\040\000D\000e\000s\000t\000r\000u\000c\000t\000o\000r\000\040\000D\000o\000c\000u\000m\000e\000n\000t\000a\000t\000i\000o\000n}{section.11.58}% 524
\BOOKMARK [3][-]{subsubsection.11.58.2.1}{\376\377\0001\0001\000.\0005\0008\000.\0002\000.\0001\000\040\000I\000s\000N\000a\000N\000\050\000\051}{subsection.11.58.2}% 525
\BOOKMARK [2][-]{subsection.11.58.3}{\376\377\0001\0001\000.\0005\0008\000.\0003\000\040\000M\000e\000m\000b\000e\000r\000\040\000F\000u\000n\000c\000t\000i\000o\000n\000\040\000D\000o\000c\000u\000m\000e\000n\000t\000a\000t\000i\000o\000n}{section.11.58}% 526
\BOOKMARK [3][-]{subsubsection.11.58.3.1}{\376\377\0001\0001\000.\0005\0008\000.\0003\000.\0001\000\040\000o\000p\000e\000r\000a\000t\000o\000r\000\040\000b\000o\000o\000l\000\050\000\051}{subsection.11.58.3}% 527
\BOOKMARK [3][-]{subsubsection.11.58.3.2}{\376\377\0001\0001\000.\0005\0008\000.\0003\000.\0002\000\040\000o\000p\000e\000r\000a\000t\000o\000r\000!\000\050\000\051}{subsection.11.58.3}% 528
\BOOKMARK [2][-]{subsection.11.58.4}{\376\377\0001\0001\000.\0005\0008\000.\0004\000\040\000M\000e\000m\000b\000e\000r\000\040\000D\000a\000t\000a\000\040\000D\000o\000c\000u\000m\000e\000n\000t\000a\000t\000i\000o\000n}{section.11.58}% 529
\BOOKMARK [3][-]{subsubsection.11.58.4.1}{\376\377\0001\0001\000.\0005\0008\000.\0004\000.\0001\000\040\000f\000l\000i\000p\000p\000e\000d}{subsection.11.58.4}% 530
\BOOKMARK [3][-]{subsubsection.11.58.4.2}{\376\377\0001\0001\000.\0005\0008\000.\0004\000.\0002\000\040\000v\000a\000l\000u\000e}{subsection.11.58.4}% 531
\BOOKMARK [1][-]{section.11.59}{\376\377\0001\0001\000.\0005\0009\000\040\000L\000i\000m\000i\000t\000e\000s\000I\000n\000v\000a\000l\000i\000d\000o\000s\000\040\000C\000l\000a\000s\000s\000\040\000R\000e\000f\000e\000r\000e\000n\000c\000e}{chapter.11}% 532
\BOOKMARK [2][-]{subsection.11.59.1}{\376\377\0001\0001\000.\0005\0009\000.\0001\000\040\000D\000e\000t\000a\000i\000l\000e\000d\000\040\000D\000e\000s\000c\000r\000i\000p\000t\000i\000o\000n}{section.11.59}% 533
\BOOKMARK [1][-]{section.11.60}{\376\377\0001\0001\000.\0006\0000\000\040\000L\000i\000n\000h\000a\000D\000e\000P\000r\000o\000d\000u\000c\000a\000o\000\040\000C\000l\000a\000s\000s\000\040\000R\000e\000f\000e\000r\000e\000n\000c\000e}{chapter.11}% 534
\BOOKMARK [2][-]{subsection.11.60.1}{\376\377\0001\0001\000.\0006\0000\000.\0001\000\040\000D\000e\000t\000a\000i\000l\000e\000d\000\040\000D\000e\000s\000c\000r\000i\000p\000t\000i\000o\000n}{section.11.60}% 535
\BOOKMARK [2][-]{subsection.11.60.2}{\376\377\0001\0001\000.\0006\0000\000.\0002\000\040\000C\000o\000n\000s\000t\000r\000u\000c\000t\000o\000r\000\040\000\046\000\040\000D\000e\000s\000t\000r\000u\000c\000t\000o\000r\000\040\000D\000o\000c\000u\000m\000e\000n\000t\000a\000t\000i\000o\000n}{section.11.60}% 536
\BOOKMARK [3][-]{subsubsection.11.60.2.1}{\376\377\0001\0001\000.\0006\0000\000.\0002\000.\0001\000\040\000L\000i\000n\000h\000a\000D\000e\000P\000r\000o\000d\000u\000c\000a\000o\000\050\000\051}{subsection.11.60.2}% 537
\BOOKMARK [2][-]{subsection.11.60.3}{\376\377\0001\0001\000.\0006\0000\000.\0003\000\040\000M\000e\000m\000b\000e\000r\000\040\000F\000u\000n\000c\000t\000i\000o\000n\000\040\000D\000o\000c\000u\000m\000e\000n\000t\000a\000t\000i\000o\000n}{section.11.60}% 538
\BOOKMARK [3][-]{subsubsection.11.60.3.1}{\376\377\0001\0001\000.\0006\0000\000.\0003\000.\0001\000\040\000A\000c\000e\000s\000s\000a\000r\000C\000o\000n\000j\000u\000n\000t\000o\000\050\000\051}{subsection.11.60.3}% 539
\BOOKMARK [3][-]{subsubsection.11.60.3.2}{\376\377\0001\0001\000.\0006\0000\000.\0003\000.\0002\000\040\000A\000d\000i\000c\000i\000o\000n\000a\000r\000C\000o\000n\000j\000u\000n\000t\000o\000\050\000\051\000\040\000[\0001\000/\0002\000]}{subsection.11.60.3}% 540
\BOOKMARK [3][-]{subsubsection.11.60.3.3}{\376\377\0001\0001\000.\0006\0000\000.\0003\000.\0003\000\040\000A\000d\000i\000c\000i\000o\000n\000a\000r\000C\000o\000n\000j\000u\000n\000t\000o\000\050\000\051\000\040\000[\0002\000/\0002\000]}{subsection.11.60.3}% 541
\BOOKMARK [3][-]{subsubsection.11.60.3.4}{\376\377\0001\0001\000.\0006\0000\000.\0003\000.\0004\000\040\000A\000t\000u\000a\000l\000i\000z\000a\000r\000A\000l\000a\000r\000m\000e\000s\000\050\000\051}{subsection.11.60.3}% 542
\BOOKMARK [3][-]{subsubsection.11.60.3.5}{\376\377\0001\0001\000.\0006\0000\000.\0003\000.\0005\000\040\000D\000i\000a\000g\000n\000o\000s\000t\000i\000c\000a\000r\000L\000i\000n\000h\000a\000\050\000\051}{subsection.11.60.3}% 543
\BOOKMARK [3][-]{subsubsection.11.60.3.6}{\376\377\0001\0001\000.\0006\0000\000.\0003\000.\0006\000\040\000E\000x\000i\000b\000i\000r\000A\000l\000a\000r\000m\000e\000s\000\050\000\051}{subsection.11.60.3}% 544
\BOOKMARK [3][-]{subsubsection.11.60.3.7}{\376\377\0001\0001\000.\0006\0000\000.\0003\000.\0007\000\040\000E\000x\000i\000b\000i\000r\000C\000o\000n\000j\000u\000n\000t\000o\000s\000\050\000\051}{subsection.11.60.3}% 545
\BOOKMARK [3][-]{subsubsection.11.60.3.8}{\376\377\0001\0001\000.\0006\0000\000.\0003\000.\0008\000\040\000E\000x\000i\000b\000i\000r\000T\000u\000d\000o\000\050\000\051}{subsection.11.60.3}% 546
\BOOKMARK [3][-]{subsubsection.11.60.3.9}{\376\377\0001\0001\000.\0006\0000\000.\0003\000.\0009\000\040\000G\000e\000t\000C\000o\000n\000j\000u\000n\000t\000o\000s\000\050\000\051}{subsection.11.60.3}% 547
\BOOKMARK [3][-]{subsubsection.11.60.3.10}{\376\377\0001\0001\000.\0006\0000\000.\0003\000.\0001\0000\000\040\000G\000e\000t\000D\000e\000s\000c\000\050\000\051}{subsection.11.60.3}% 548
\BOOKMARK [3][-]{subsubsection.11.60.3.11}{\376\377\0001\0001\000.\0006\0000\000.\0003\000.\0001\0001\000\040\000G\000e\000t\000I\000d\000\050\000\051}{subsection.11.60.3}% 549
\BOOKMARK [3][-]{subsubsection.11.60.3.12}{\376\377\0001\0001\000.\0006\0000\000.\0003\000.\0001\0002\000\040\000G\000e\000t\000L\000o\000c\000a\000l\000\050\000\051}{subsection.11.60.3}% 550
\BOOKMARK [3][-]{subsubsection.11.60.3.13}{\376\377\0001\0001\000.\0006\0000\000.\0003\000.\0001\0003\000\040\000G\000e\000t\000N\000o\000m\000e\000\050\000\051}{subsection.11.60.3}% 551
\BOOKMARK [3][-]{subsubsection.11.60.3.14}{\376\377\0001\0001\000.\0006\0000\000.\0003\000.\0001\0004\000\040\000P\000r\000o\000x\000i\000m\000o\000I\000d\000C\000o\000n\000j\000u\000n\000t\000o\000\050\000\051}{subsection.11.60.3}% 552
\BOOKMARK [3][-]{subsubsection.11.60.3.15}{\376\377\0001\0001\000.\0006\0000\000.\0003\000.\0001\0005\000\040\000Q\000u\000a\000n\000t\000i\000d\000a\000d\000e\000A\000l\000a\000r\000m\000e\000s\000\050\000\051}{subsection.11.60.3}% 553
\BOOKMARK [3][-]{subsubsection.11.60.3.16}{\376\377\0001\0001\000.\0006\0000\000.\0003\000.\0001\0006\000\040\000Q\000u\000a\000n\000t\000i\000d\000a\000d\000e\000C\000o\000n\000j\000u\000n\000t\000o\000s\000\050\000\051}{subsection.11.60.3}% 554
\BOOKMARK [3][-]{subsubsection.11.60.3.17}{\376\377\0001\0001\000.\0006\0000\000.\0003\000.\0001\0007\000\040\000R\000e\000m\000o\000v\000e\000r\000C\000o\000n\000j\000u\000n\000t\000o\000\050\000\051}{subsection.11.60.3}% 555
\BOOKMARK [3][-]{subsubsection.11.60.3.18}{\376\377\0001\0001\000.\0006\0000\000.\0003\000.\0001\0008\000\040\000S\000e\000t\000D\000e\000s\000c\000\050\000\051}{subsection.11.60.3}% 556
\BOOKMARK [3][-]{subsubsection.11.60.3.19}{\376\377\0001\0001\000.\0006\0000\000.\0003\000.\0001\0009\000\040\000S\000e\000t\000L\000o\000c\000a\000l\000\050\000\051}{subsection.11.60.3}% 557
\BOOKMARK [3][-]{subsubsection.11.60.3.20}{\376\377\0001\0001\000.\0006\0000\000.\0003\000.\0002\0000\000\040\000S\000e\000t\000N\000o\000m\000e\000\050\000\051}{subsection.11.60.3}% 558
\BOOKMARK [1][-]{section.11.61}{\376\377\0001\0001\000.\0006\0001\000\040\000L\000o\000g\000\040\000C\000l\000a\000s\000s\000\040\000R\000e\000f\000e\000r\000e\000n\000c\000e}{chapter.11}% 559
\BOOKMARK [2][-]{subsection.11.61.1}{\376\377\0001\0001\000.\0006\0001\000.\0001\000\040\000D\000e\000t\000a\000i\000l\000e\000d\000\040\000D\000e\000s\000c\000r\000i\000p\000t\000i\000o\000n}{section.11.61}% 560
\BOOKMARK [2][-]{subsection.11.61.2}{\376\377\0001\0001\000.\0006\0001\000.\0002\000\040\000C\000o\000n\000s\000t\000r\000u\000c\000t\000o\000r\000\040\000\046\000\040\000D\000e\000s\000t\000r\000u\000c\000t\000o\000r\000\040\000D\000o\000c\000u\000m\000e\000n\000t\000a\000t\000i\000o\000n}{section.11.61}% 561
\BOOKMARK [3][-]{subsubsection.11.61.2.1}{\376\377\0001\0001\000.\0006\0001\000.\0002\000.\0001\000\040\000L\000o\000g\000\050\000\051}{subsection.11.61.2}% 562
\BOOKMARK [2][-]{subsection.11.61.3}{\376\377\0001\0001\000.\0006\0001\000.\0003\000\040\000M\000e\000m\000b\000e\000r\000\040\000F\000u\000n\000c\000t\000i\000o\000n\000\040\000D\000o\000c\000u\000m\000e\000n\000t\000a\000t\000i\000o\000n}{section.11.61}% 563
\BOOKMARK [3][-]{subsubsection.11.61.3.1}{\376\377\0001\0001\000.\0006\0001\000.\0003\000.\0001\000\040\000G\000e\000t\000A\000r\000q\000u\000i\000v\000o\000L\000o\000g\000\050\000\051}{subsection.11.61.3}% 564
\BOOKMARK [3][-]{subsubsection.11.61.3.2}{\376\377\0001\0001\000.\0006\0001\000.\0003\000.\0002\000\040\000R\000e\000g\000i\000s\000t\000r\000a\000r\000\050\000\051}{subsection.11.61.3}% 565
\BOOKMARK [3][-]{subsubsection.11.61.3.3}{\376\377\0001\0001\000.\0006\0001\000.\0003\000.\0003\000\040\000S\000e\000t\000A\000r\000q\000u\000i\000v\000o\000L\000o\000g\000\050\000\051}{subsection.11.61.3}% 566
\BOOKMARK [1][-]{section.11.62}{\376\377\0001\0001\000.\0006\0002\000\040\000d\000o\000c\000t\000e\000s\000t\000:\000:\000d\000e\000t\000a\000i\000l\000:\000:\000M\000e\000s\000s\000a\000g\000e\000B\000u\000i\000l\000d\000e\000r\000\040\000S\000t\000r\000u\000c\000t\000\040\000R\000e\000f\000e\000r\000e\000n\000c\000e}{chapter.11}% 567
\BOOKMARK [2][-]{subsection.11.62.1}{\376\377\0001\0001\000.\0006\0002\000.\0001\000\040\000D\000e\000t\000a\000i\000l\000e\000d\000\040\000D\000e\000s\000c\000r\000i\000p\000t\000i\000o\000n}{section.11.62}% 568
\BOOKMARK [2][-]{subsection.11.62.2}{\376\377\0001\0001\000.\0006\0002\000.\0002\000\040\000C\000o\000n\000s\000t\000r\000u\000c\000t\000o\000r\000\040\000\046\000\040\000D\000e\000s\000t\000r\000u\000c\000t\000o\000r\000\040\000D\000o\000c\000u\000m\000e\000n\000t\000a\000t\000i\000o\000n}{section.11.62}% 569
\BOOKMARK [3][-]{subsubsection.11.62.2.1}{\376\377\0001\0001\000.\0006\0002\000.\0002\000.\0001\000\040\000M\000e\000s\000s\000a\000g\000e\000B\000u\000i\000l\000d\000e\000r\000\050\000\051\000\040\000[\0001\000/\0003\000]}{subsection.11.62.2}% 570
\BOOKMARK [3][-]{subsubsection.11.62.2.2}{\376\377\0001\0001\000.\0006\0002\000.\0002\000.\0002\000\040\000M\000e\000s\000s\000a\000g\000e\000B\000u\000i\000l\000d\000e\000r\000\050\000\051\000\040\000[\0002\000/\0003\000]}{subsection.11.62.2}% 571
\BOOKMARK [3][-]{subsubsection.11.62.2.3}{\376\377\0001\0001\000.\0006\0002\000.\0002\000.\0003\000\040\000M\000e\000s\000s\000a\000g\000e\000B\000u\000i\000l\000d\000e\000r\000\050\000\051\000\040\000[\0003\000/\0003\000]}{subsection.11.62.2}% 572
\BOOKMARK [3][-]{subsubsection.11.62.2.4}{\376\377\0001\0001\000.\0006\0002\000.\0002\000.\0004\000\040\000~\000M\000e\000s\000s\000a\000g\000e\000B\000u\000i\000l\000d\000e\000r\000\050\000\051}{subsection.11.62.2}% 573
\BOOKMARK [2][-]{subsection.11.62.3}{\376\377\0001\0001\000.\0006\0002\000.\0003\000\040\000M\000e\000m\000b\000e\000r\000\040\000F\000u\000n\000c\000t\000i\000o\000n\000\040\000D\000o\000c\000u\000m\000e\000n\000t\000a\000t\000i\000o\000n}{section.11.62}% 574
\BOOKMARK [3][-]{subsubsection.11.62.3.1}{\376\377\0001\0001\000.\0006\0002\000.\0003\000.\0001\000\040\000l\000o\000g\000\050\000\051}{subsection.11.62.3}% 575
\BOOKMARK [3][-]{subsubsection.11.62.3.2}{\376\377\0001\0001\000.\0006\0002\000.\0003\000.\0002\000\040\000o\000p\000e\000r\000a\000t\000o\000r\000*\000\050\000\051}{subsection.11.62.3}% 576
\BOOKMARK [3][-]{subsubsection.11.62.3.3}{\376\377\0001\0001\000.\0006\0002\000.\0003\000.\0003\000\040\000o\000p\000e\000r\000a\000t\000o\000r\000,\000\050\000\051}{subsection.11.62.3}% 577
\BOOKMARK [3][-]{subsubsection.11.62.3.4}{\376\377\0001\0001\000.\0006\0002\000.\0003\000.\0004\000\040\000o\000p\000e\000r\000a\000t\000o\000r\000<\000<\000\050\000\051}{subsection.11.62.3}% 578
\BOOKMARK [3][-]{subsubsection.11.62.3.5}{\376\377\0001\0001\000.\0006\0002\000.\0003\000.\0005\000\040\000o\000p\000e\000r\000a\000t\000o\000r\000=\000\050\000\051\000\040\000[\0001\000/\0002\000]}{subsection.11.62.3}% 579
\BOOKMARK [3][-]{subsubsection.11.62.3.6}{\376\377\0001\0001\000.\0006\0002\000.\0003\000.\0006\000\040\000o\000p\000e\000r\000a\000t\000o\000r\000=\000\050\000\051\000\040\000[\0002\000/\0002\000]}{subsection.11.62.3}% 580
\BOOKMARK [3][-]{subsubsection.11.62.3.7}{\376\377\0001\0001\000.\0006\0002\000.\0003\000.\0007\000\040\000r\000e\000a\000c\000t\000\050\000\051}{subsection.11.62.3}% 581
\BOOKMARK [2][-]{subsection.11.62.4}{\376\377\0001\0001\000.\0006\0002\000.\0004\000\040\000M\000e\000m\000b\000e\000r\000\040\000D\000a\000t\000a\000\040\000D\000o\000c\000u\000m\000e\000n\000t\000a\000t\000i\000o\000n}{section.11.62}% 582
\BOOKMARK [3][-]{subsubsection.11.62.4.1}{\376\377\0001\0001\000.\0006\0002\000.\0004\000.\0001\000\040\000l\000o\000g\000g\000e\000d}{subsection.11.62.4}% 583
\BOOKMARK [3][-]{subsubsection.11.62.4.2}{\376\377\0001\0001\000.\0006\0002\000.\0004\000.\0002\000\040\000m\000\137\000s\000t\000r\000e\000a\000m}{subsection.11.62.4}% 584
\BOOKMARK [1][-]{section.11.63}{\376\377\0001\0001\000.\0006\0003\000\040\000d\000o\000c\000t\000e\000s\000t\000:\000:\000M\000e\000s\000s\000a\000g\000e\000D\000a\000t\000a\000\040\000S\000t\000r\000u\000c\000t\000\040\000R\000e\000f\000e\000r\000e\000n\000c\000e}{chapter.11}% 585
\BOOKMARK [2][-]{subsection.11.63.1}{\376\377\0001\0001\000.\0006\0003\000.\0001\000\040\000D\000e\000t\000a\000i\000l\000e\000d\000\040\000D\000e\000s\000c\000r\000i\000p\000t\000i\000o\000n}{section.11.63}% 586
\BOOKMARK [2][-]{subsection.11.63.2}{\376\377\0001\0001\000.\0006\0003\000.\0002\000\040\000M\000e\000m\000b\000e\000r\000\040\000D\000a\000t\000a\000\040\000D\000o\000c\000u\000m\000e\000n\000t\000a\000t\000i\000o\000n}{section.11.63}% 587
\BOOKMARK [3][-]{subsubsection.11.63.2.1}{\376\377\0001\0001\000.\0006\0003\000.\0002\000.\0001\000\040\000m\000\137\000f\000i\000l\000e}{subsection.11.63.2}% 588
\BOOKMARK [3][-]{subsubsection.11.63.2.2}{\376\377\0001\0001\000.\0006\0003\000.\0002\000.\0002\000\040\000m\000\137\000l\000i\000n\000e}{subsection.11.63.2}% 589
\BOOKMARK [3][-]{subsubsection.11.63.2.3}{\376\377\0001\0001\000.\0006\0003\000.\0002\000.\0003\000\040\000m\000\137\000s\000e\000v\000e\000r\000i\000t\000y}{subsection.11.63.2}% 590
\BOOKMARK [3][-]{subsubsection.11.63.2.4}{\376\377\0001\0001\000.\0006\0003\000.\0002\000.\0004\000\040\000m\000\137\000s\000t\000r\000i\000n\000g}{subsection.11.63.2}% 591
\BOOKMARK [1][-]{section.11.64}{\376\377\0001\0001\000.\0006\0004\000\040\000M\000o\000t\000o\000r\000\040\000C\000l\000a\000s\000s\000\040\000R\000e\000f\000e\000r\000e\000n\000c\000e}{chapter.11}% 592
\BOOKMARK [2][-]{subsection.11.64.1}{\376\377\0001\0001\000.\0006\0004\000.\0001\000\040\000D\000e\000t\000a\000i\000l\000e\000d\000\040\000D\000e\000s\000c\000r\000i\000p\000t\000i\000o\000n}{section.11.64}% 593
\BOOKMARK [2][-]{subsection.11.64.2}{\376\377\0001\0001\000.\0006\0004\000.\0002\000\040\000C\000o\000n\000s\000t\000r\000u\000c\000t\000o\000r\000\040\000\046\000\040\000D\000e\000s\000t\000r\000u\000c\000t\000o\000r\000\040\000D\000o\000c\000u\000m\000e\000n\000t\000a\000t\000i\000o\000n}{section.11.64}% 594
\BOOKMARK [3][-]{subsubsection.11.64.2.1}{\376\377\0001\0001\000.\0006\0004\000.\0002\000.\0001\000\040\000M\000o\000t\000o\000r\000\050\000\051}{subsection.11.64.2}% 595
\BOOKMARK [3][-]{subsubsection.11.64.2.2}{\376\377\0001\0001\000.\0006\0004\000.\0002\000.\0002\000\040\000~\000M\000o\000t\000o\000r\000\050\000\051}{subsection.11.64.2}% 596
\BOOKMARK [2][-]{subsection.11.64.3}{\376\377\0001\0001\000.\0006\0004\000.\0003\000\040\000M\000e\000m\000b\000e\000r\000\040\000F\000u\000n\000c\000t\000i\000o\000n\000\040\000D\000o\000c\000u\000m\000e\000n\000t\000a\000t\000i\000o\000n}{section.11.64}% 597
\BOOKMARK [3][-]{subsubsection.11.64.3.1}{\376\377\0001\0001\000.\0006\0004\000.\0003\000.\0001\000\040\000T\000i\000p\000o\000\050\000\051}{subsection.11.64.3}% 598
\BOOKMARK [1][-]{section.11.65}{\376\377\0001\0001\000.\0006\0005\000\040\000P\000a\000r\000a\000m\000e\000t\000r\000o\000\040\000C\000l\000a\000s\000s\000\040\000R\000e\000f\000e\000r\000e\000n\000c\000e}{chapter.11}% 599
\BOOKMARK [2][-]{subsection.11.65.1}{\376\377\0001\0001\000.\0006\0005\000.\0001\000\040\000D\000e\000t\000a\000i\000l\000e\000d\000\040\000D\000e\000s\000c\000r\000i\000p\000t\000i\000o\000n}{section.11.65}% 600
\BOOKMARK [2][-]{subsection.11.65.2}{\376\377\0001\0001\000.\0006\0005\000.\0002\000\040\000C\000o\000n\000s\000t\000r\000u\000c\000t\000o\000r\000\040\000\046\000\040\000D\000e\000s\000t\000r\000u\000c\000t\000o\000r\000\040\000D\000o\000c\000u\000m\000e\000n\000t\000a\000t\000i\000o\000n}{section.11.65}% 601
\BOOKMARK [3][-]{subsubsection.11.65.2.1}{\376\377\0001\0001\000.\0006\0005\000.\0002\000.\0001\000\040\000P\000a\000r\000a\000m\000e\000t\000r\000o\000\050\000\051\000\040\000[\0001\000/\0002\000]}{subsection.11.65.2}% 602
\BOOKMARK [3][-]{subsubsection.11.65.2.2}{\376\377\0001\0001\000.\0006\0005\000.\0002\000.\0002\000\040\000P\000a\000r\000a\000m\000e\000t\000r\000o\000\050\000\051\000\040\000[\0002\000/\0002\000]}{subsection.11.65.2}% 603
\BOOKMARK [2][-]{subsection.11.65.3}{\376\377\0001\0001\000.\0006\0005\000.\0003\000\040\000M\000e\000m\000b\000e\000r\000\040\000F\000u\000n\000c\000t\000i\000o\000n\000\040\000D\000o\000c\000u\000m\000e\000n\000t\000a\000t\000i\000o\000n}{section.11.65}% 604
\BOOKMARK [3][-]{subsubsection.11.65.3.1}{\376\377\0001\0001\000.\0006\0005\000.\0003\000.\0001\000\040\000D\000i\000a\000g\000n\000o\000s\000t\000i\000c\000a\000r\000P\000a\000r\000a\000m\000e\000t\000r\000o\000\050\000\051}{subsection.11.65.3}% 605
\BOOKMARK [3][-]{subsubsection.11.65.3.2}{\376\377\0001\0001\000.\0006\0005\000.\0003\000.\0002\000\040\000G\000e\000t\000D\000e\000s\000c\000\050\000\051}{subsection.11.65.3}% 606
\BOOKMARK [3][-]{subsubsection.11.65.3.3}{\376\377\0001\0001\000.\0006\0005\000.\0003\000.\0003\000\040\000G\000e\000t\000E\000s\000t\000a\000d\000o\000\050\000\051}{subsection.11.65.3}% 607
\BOOKMARK [3][-]{subsubsection.11.65.3.4}{\376\377\0001\0001\000.\0006\0005\000.\0003\000.\0004\000\040\000G\000e\000t\000H\000i\000s\000t\000\050\000\051}{subsection.11.65.3}% 608
\BOOKMARK [3][-]{subsubsection.11.65.3.5}{\376\377\0001\0001\000.\0006\0005\000.\0003\000.\0005\000\040\000G\000e\000t\000I\000d\000\050\000\051}{subsection.11.65.3}% 609
\BOOKMARK [3][-]{subsubsection.11.65.3.6}{\376\377\0001\0001\000.\0006\0005\000.\0003\000.\0006\000\040\000G\000e\000t\000M\000a\000x\000\050\000\051}{subsection.11.65.3}% 610
\BOOKMARK [3][-]{subsubsection.11.65.3.7}{\376\377\0001\0001\000.\0006\0005\000.\0003\000.\0007\000\040\000G\000e\000t\000M\000i\000n\000\050\000\051}{subsection.11.65.3}% 611
\BOOKMARK [3][-]{subsubsection.11.65.3.8}{\376\377\0001\0001\000.\0006\0005\000.\0003\000.\0008\000\040\000G\000e\000t\000V\000a\000l\000o\000r\000A\000t\000u\000a\000l\000\050\000\051}{subsection.11.65.3}% 612
\BOOKMARK [3][-]{subsubsection.11.65.3.9}{\376\377\0001\0001\000.\0006\0005\000.\0003\000.\0009\000\040\000R\000e\000s\000e\000t\000a\000r\000H\000i\000s\000t\000o\000r\000i\000c\000o\000\050\000\051}{subsection.11.65.3}% 613
\BOOKMARK [3][-]{subsubsection.11.65.3.10}{\376\377\0001\0001\000.\0006\0005\000.\0003\000.\0001\0000\000\040\000R\000e\000s\000e\000t\000a\000r\000L\000i\000m\000i\000t\000e\000s\000\050\000\051}{subsection.11.65.3}% 614
\BOOKMARK [3][-]{subsubsection.11.65.3.11}{\376\377\0001\0001\000.\0006\0005\000.\0003\000.\0001\0001\000\040\000S\000e\000t\000D\000e\000s\000c\000\050\000\051}{subsection.11.65.3}% 615
\BOOKMARK [3][-]{subsubsection.11.65.3.12}{\376\377\0001\0001\000.\0006\0005\000.\0003\000.\0001\0002\000\040\000S\000e\000t\000M\000a\000x\000\050\000\051}{subsection.11.65.3}% 616
\BOOKMARK [3][-]{subsubsection.11.65.3.13}{\376\377\0001\0001\000.\0006\0005\000.\0003\000.\0001\0003\000\040\000S\000e\000t\000M\000i\000n\000\050\000\051}{subsection.11.65.3}% 617
\BOOKMARK [3][-]{subsubsection.11.65.3.14}{\376\377\0001\0001\000.\0006\0005\000.\0003\000.\0001\0004\000\040\000S\000e\000t\000V\000a\000l\000o\000r\000A\000t\000u\000a\000l\000\050\000\051}{subsection.11.65.3}% 618
\BOOKMARK [3][-]{subsubsection.11.65.3.15}{\376\377\0001\0001\000.\0006\0005\000.\0003\000.\0001\0005\000\040\000V\000a\000l\000o\000r\000V\000a\000l\000i\000d\000o\000\050\000\051}{subsection.11.65.3}% 619
\BOOKMARK [1][-]{section.11.66}{\376\377\0001\0001\000.\0006\0006\000\040\000d\000o\000c\000t\000e\000s\000t\000:\000:\000Q\000u\000e\000r\000y\000D\000a\000t\000a\000\040\000S\000t\000r\000u\000c\000t\000\040\000R\000e\000f\000e\000r\000e\000n\000c\000e}{chapter.11}% 620
\BOOKMARK [2][-]{subsection.11.66.1}{\376\377\0001\0001\000.\0006\0006\000.\0001\000\040\000D\000e\000t\000a\000i\000l\000e\000d\000\040\000D\000e\000s\000c\000r\000i\000p\000t\000i\000o\000n}{section.11.66}% 621
\BOOKMARK [2][-]{subsection.11.66.2}{\376\377\0001\0001\000.\0006\0006\000.\0002\000\040\000M\000e\000m\000b\000e\000r\000\040\000D\000a\000t\000a\000\040\000D\000o\000c\000u\000m\000e\000n\000t\000a\000t\000i\000o\000n}{section.11.66}% 622
\BOOKMARK [3][-]{subsubsection.11.66.2.1}{\376\377\0001\0001\000.\0006\0006\000.\0002\000.\0001\000\040\000d\000a\000t\000a}{subsection.11.66.2}% 623
\BOOKMARK [3][-]{subsubsection.11.66.2.2}{\376\377\0001\0001\000.\0006\0006\000.\0002\000.\0002\000\040\000n\000u\000m\000\137\000d\000a\000t\000a}{subsection.11.66.2}% 624
\BOOKMARK [3][-]{subsubsection.11.66.2.3}{\376\377\0001\0001\000.\0006\0006\000.\0002\000.\0003\000\040\000r\000u\000n\000\137\000s\000t\000a\000t\000s}{subsection.11.66.2}% 625
\BOOKMARK [1][-]{section.11.67}{\376\377\0001\0001\000.\0006\0007\000\040\000d\000o\000c\000t\000e\000s\000t\000:\000:\000d\000e\000t\000a\000i\000l\000:\000:\000R\000e\000l\000a\000t\000i\000o\000n\000a\000l\000C\000o\000m\000p\000a\000r\000a\000t\000o\000r\000<\000\040\000i\000n\000t\000,\000\040\000L\000,\000\040\000R\000\040\000>\000\040\000S\000t\000r\000u\000c\000t\000\040\000T\000e\000m\000p\000l\000a\000t\000e\000\040\000R\000e\000f\000e\000r\000e\000n\000c\000e}{chapter.11}% 626
\BOOKMARK [2][-]{subsection.11.67.1}{\376\377\0001\0001\000.\0006\0007\000.\0001\000\040\000D\000e\000t\000a\000i\000l\000e\000d\000\040\000D\000e\000s\000c\000r\000i\000p\000t\000i\000o\000n}{section.11.67}% 627
\BOOKMARK [2][-]{subsection.11.67.2}{\376\377\0001\0001\000.\0006\0007\000.\0002\000\040\000M\000e\000m\000b\000e\000r\000\040\000F\000u\000n\000c\000t\000i\000o\000n\000\040\000D\000o\000c\000u\000m\000e\000n\000t\000a\000t\000i\000o\000n}{section.11.67}% 628
\BOOKMARK [3][-]{subsubsection.11.67.2.1}{\376\377\0001\0001\000.\0006\0007\000.\0002\000.\0001\000\040\000o\000p\000e\000r\000a\000t\000o\000r\000\050\000\051\000\050\000\051}{subsection.11.67.2}% 629
\BOOKMARK [1][-]{section.11.68}{\376\377\0001\0001\000.\0006\0008\000\040\000d\000o\000c\000t\000e\000s\000t\000:\000:\000d\000e\000t\000a\000i\000l\000:\000:\000t\000y\000p\000e\000s\000:\000:\000r\000e\000m\000o\000v\000e\000\137\000c\000o\000n\000s\000t\000<\000\040\000T\000\040\000>\000\040\000S\000t\000r\000u\000c\000t\000\040\000T\000e\000m\000p\000l\000a\000t\000e\000\040\000R\000e\000f\000e\000r\000e\000n\000c\000e}{chapter.11}% 630
\BOOKMARK [2][-]{subsection.11.68.1}{\376\377\0001\0001\000.\0006\0008\000.\0001\000\040\000D\000e\000t\000a\000i\000l\000e\000d\000\040\000D\000e\000s\000c\000r\000i\000p\000t\000i\000o\000n}{section.11.68}% 631
\BOOKMARK [2][-]{subsection.11.68.2}{\376\377\0001\0001\000.\0006\0008\000.\0002\000\040\000M\000e\000m\000b\000e\000r\000\040\000T\000y\000p\000e\000d\000e\000f\000\040\000D\000o\000c\000u\000m\000e\000n\000t\000a\000t\000i\000o\000n}{section.11.68}% 632
\BOOKMARK [3][-]{subsubsection.11.68.2.1}{\376\377\0001\0001\000.\0006\0008\000.\0002\000.\0001\000\040\000t\000y\000p\000e}{subsection.11.68.2}% 633
\BOOKMARK [1][-]{section.11.69}{\376\377\0001\0001\000.\0006\0009\000\040\000d\000o\000c\000t\000e\000s\000t\000:\000:\000d\000e\000t\000a\000i\000l\000:\000:\000t\000y\000p\000e\000s\000:\000:\000r\000e\000m\000o\000v\000e\000\137\000c\000o\000n\000s\000t\000<\000\040\000c\000o\000n\000s\000t\000\040\000T\000\040\000>\000\040\000S\000t\000r\000u\000c\000t\000\040\000T\000e\000m\000p\000l\000a\000t\000e\000\040\000R\000e\000f\000e\000r\000e\000n\000c\000e}{chapter.11}% 634
\BOOKMARK [2][-]{subsection.11.69.1}{\376\377\0001\0001\000.\0006\0009\000.\0001\000\040\000D\000e\000t\000a\000i\000l\000e\000d\000\040\000D\000e\000s\000c\000r\000i\000p\000t\000i\000o\000n}{section.11.69}% 635
\BOOKMARK [2][-]{subsection.11.69.2}{\376\377\0001\0001\000.\0006\0009\000.\0002\000\040\000M\000e\000m\000b\000e\000r\000\040\000T\000y\000p\000e\000d\000e\000f\000\040\000D\000o\000c\000u\000m\000e\000n\000t\000a\000t\000i\000o\000n}{section.11.69}% 636
\BOOKMARK [3][-]{subsubsection.11.69.2.1}{\376\377\0001\0001\000.\0006\0009\000.\0002\000.\0001\000\040\000t\000y\000p\000e}{subsection.11.69.2}% 637
\BOOKMARK [1][-]{section.11.70}{\376\377\0001\0001\000.\0007\0000\000\040\000d\000o\000c\000t\000e\000s\000t\000:\000:\000d\000e\000t\000a\000i\000l\000:\000:\000t\000y\000p\000e\000s\000:\000:\000r\000e\000m\000o\000v\000e\000\137\000r\000e\000f\000e\000r\000e\000n\000c\000e\000<\000\040\000T\000\040\000>\000\040\000S\000t\000r\000u\000c\000t\000\040\000T\000e\000m\000p\000l\000a\000t\000e\000\040\000R\000e\000f\000e\000r\000e\000n\000c\000e}{chapter.11}% 638
\BOOKMARK [2][-]{subsection.11.70.1}{\376\377\0001\0001\000.\0007\0000\000.\0001\000\040\000D\000e\000t\000a\000i\000l\000e\000d\000\040\000D\000e\000s\000c\000r\000i\000p\000t\000i\000o\000n}{section.11.70}% 639
\BOOKMARK [2][-]{subsection.11.70.2}{\376\377\0001\0001\000.\0007\0000\000.\0002\000\040\000M\000e\000m\000b\000e\000r\000\040\000T\000y\000p\000e\000d\000e\000f\000\040\000D\000o\000c\000u\000m\000e\000n\000t\000a\000t\000i\000o\000n}{section.11.70}% 640
\BOOKMARK [3][-]{subsubsection.11.70.2.1}{\376\377\0001\0001\000.\0007\0000\000.\0002\000.\0001\000\040\000t\000y\000p\000e}{subsection.11.70.2}% 641
\BOOKMARK [1][-]{section.11.71}{\376\377\0001\0001\000.\0007\0001\000\040\000d\000o\000c\000t\000e\000s\000t\000:\000:\000d\000e\000t\000a\000i\000l\000:\000:\000t\000y\000p\000e\000s\000:\000:\000r\000e\000m\000o\000v\000e\000\137\000r\000e\000f\000e\000r\000e\000n\000c\000e\000<\000\040\000T\000\040\000\046\000\040\000>\000\040\000S\000t\000r\000u\000c\000t\000\040\000T\000e\000m\000p\000l\000a\000t\000e\000\040\000R\000e\000f\000e\000r\000e\000n\000c\000e}{chapter.11}% 642
\BOOKMARK [2][-]{subsection.11.71.1}{\376\377\0001\0001\000.\0007\0001\000.\0001\000\040\000D\000e\000t\000a\000i\000l\000e\000d\000\040\000D\000e\000s\000c\000r\000i\000p\000t\000i\000o\000n}{section.11.71}% 643
\BOOKMARK [2][-]{subsection.11.71.2}{\376\377\0001\0001\000.\0007\0001\000.\0002\000\040\000M\000e\000m\000b\000e\000r\000\040\000T\000y\000p\000e\000d\000e\000f\000\040\000D\000o\000c\000u\000m\000e\000n\000t\000a\000t\000i\000o\000n}{section.11.71}% 644
\BOOKMARK [3][-]{subsubsection.11.71.2.1}{\376\377\0001\0001\000.\0007\0001\000.\0002\000.\0001\000\040\000t\000y\000p\000e}{subsection.11.71.2}% 645
\BOOKMARK [1][-]{section.11.72}{\376\377\0001\0001\000.\0007\0002\000\040\000d\000o\000c\000t\000e\000s\000t\000:\000:\000d\000e\000t\000a\000i\000l\000:\000:\000t\000y\000p\000e\000s\000:\000:\000r\000e\000m\000o\000v\000e\000\137\000r\000e\000f\000e\000r\000e\000n\000c\000e\000<\000\040\000T\000\040\000\046\000\046\000\040\000>\000\040\000S\000t\000r\000u\000c\000t\000\040\000T\000e\000m\000p\000l\000a\000t\000e\000\040\000R\000e\000f\000e\000r\000e\000n\000c\000e}{chapter.11}% 646
\BOOKMARK [2][-]{subsection.11.72.1}{\376\377\0001\0001\000.\0007\0002\000.\0001\000\040\000D\000e\000t\000a\000i\000l\000e\000d\000\040\000D\000e\000s\000c\000r\000i\000p\000t\000i\000o\000n}{section.11.72}% 647
\BOOKMARK [2][-]{subsection.11.72.2}{\376\377\0001\0001\000.\0007\0002\000.\0002\000\040\000M\000e\000m\000b\000e\000r\000\040\000T\000y\000p\000e\000d\000e\000f\000\040\000D\000o\000c\000u\000m\000e\000n\000t\000a\000t\000i\000o\000n}{section.11.72}% 648
\BOOKMARK [3][-]{subsubsection.11.72.2.1}{\376\377\0001\0001\000.\0007\0002\000.\0002\000.\0001\000\040\000t\000y\000p\000e}{subsection.11.72.2}% 649
\BOOKMARK [1][-]{section.11.73}{\376\377\0001\0001\000.\0007\0003\000\040\000d\000o\000c\000t\000e\000s\000t\000:\000:\000d\000e\000t\000a\000i\000l\000:\000:\000R\000e\000s\000u\000l\000t\000\040\000S\000t\000r\000u\000c\000t\000\040\000R\000e\000f\000e\000r\000e\000n\000c\000e}{chapter.11}% 650
\BOOKMARK [2][-]{subsection.11.73.1}{\376\377\0001\0001\000.\0007\0003\000.\0001\000\040\000D\000e\000t\000a\000i\000l\000e\000d\000\040\000D\000e\000s\000c\000r\000i\000p\000t\000i\000o\000n}{section.11.73}% 651
\BOOKMARK [2][-]{subsection.11.73.2}{\376\377\0001\0001\000.\0007\0003\000.\0002\000\040\000C\000o\000n\000s\000t\000r\000u\000c\000t\000o\000r\000\040\000\046\000\040\000D\000e\000s\000t\000r\000u\000c\000t\000o\000r\000\040\000D\000o\000c\000u\000m\000e\000n\000t\000a\000t\000i\000o\000n}{section.11.73}% 652
\BOOKMARK [3][-]{subsubsection.11.73.2.1}{\376\377\0001\0001\000.\0007\0003\000.\0002\000.\0001\000\040\000R\000e\000s\000u\000l\000t\000\050\000\051\000\040\000[\0001\000/\0002\000]}{subsection.11.73.2}% 653
\BOOKMARK [3][-]{subsubsection.11.73.2.2}{\376\377\0001\0001\000.\0007\0003\000.\0002\000.\0002\000\040\000R\000e\000s\000u\000l\000t\000\050\000\051\000\040\000[\0002\000/\0002\000]}{subsection.11.73.2}% 654
\BOOKMARK [2][-]{subsection.11.73.3}{\376\377\0001\0001\000.\0007\0003\000.\0003\000\040\000M\000e\000m\000b\000e\000r\000\040\000D\000a\000t\000a\000\040\000D\000o\000c\000u\000m\000e\000n\000t\000a\000t\000i\000o\000n}{section.11.73}% 655
\BOOKMARK [3][-]{subsubsection.11.73.3.1}{\376\377\0001\0001\000.\0007\0003\000.\0003\000.\0001\000\040\000m\000\137\000d\000e\000c\000o\000m\000p}{subsection.11.73.3}% 656
\BOOKMARK [3][-]{subsubsection.11.73.3.2}{\376\377\0001\0001\000.\0007\0003\000.\0003\000.\0002\000\040\000m\000\137\000p\000a\000s\000s\000e\000d}{subsection.11.73.3}% 657
\BOOKMARK [1][-]{section.11.74}{\376\377\0001\0001\000.\0007\0004\000\040\000d\000o\000c\000t\000e\000s\000t\000:\000:\000d\000e\000t\000a\000i\000l\000:\000:\000R\000e\000s\000u\000l\000t\000B\000u\000i\000l\000d\000e\000r\000\040\000S\000t\000r\000u\000c\000t\000\040\000R\000e\000f\000e\000r\000e\000n\000c\000e}{chapter.11}% 658
\BOOKMARK [2][-]{subsection.11.74.1}{\376\377\0001\0001\000.\0007\0004\000.\0001\000\040\000D\000e\000t\000a\000i\000l\000e\000d\000\040\000D\000e\000s\000c\000r\000i\000p\000t\000i\000o\000n}{section.11.74}% 659
\BOOKMARK [2][-]{subsection.11.74.2}{\376\377\0001\0001\000.\0007\0004\000.\0002\000\040\000C\000o\000n\000s\000t\000r\000u\000c\000t\000o\000r\000\040\000\046\000\040\000D\000e\000s\000t\000r\000u\000c\000t\000o\000r\000\040\000D\000o\000c\000u\000m\000e\000n\000t\000a\000t\000i\000o\000n}{section.11.74}% 660
\BOOKMARK [3][-]{subsubsection.11.74.2.1}{\376\377\0001\0001\000.\0007\0004\000.\0002\000.\0001\000\040\000R\000e\000s\000u\000l\000t\000B\000u\000i\000l\000d\000e\000r\000\050\000\051\000\040\000[\0001\000/\0002\000]}{subsection.11.74.2}% 661
\BOOKMARK [3][-]{subsubsection.11.74.2.2}{\376\377\0001\0001\000.\0007\0004\000.\0002\000.\0002\000\040\000R\000e\000s\000u\000l\000t\000B\000u\000i\000l\000d\000e\000r\000\050\000\051\000\040\000[\0002\000/\0002\000]}{subsection.11.74.2}% 662
\BOOKMARK [2][-]{subsection.11.74.3}{\376\377\0001\0001\000.\0007\0004\000.\0003\000\040\000M\000e\000m\000b\000e\000r\000\040\000F\000u\000n\000c\000t\000i\000o\000n\000\040\000D\000o\000c\000u\000m\000e\000n\000t\000a\000t\000i\000o\000n}{section.11.74}% 663
\BOOKMARK [3][-]{subsubsection.11.74.3.1}{\376\377\0001\0001\000.\0007\0004\000.\0003\000.\0001\000\040\000b\000i\000n\000a\000r\000y\000\137\000a\000s\000s\000e\000r\000t\000\050\000\051}{subsection.11.74.3}% 664
\BOOKMARK [3][-]{subsubsection.11.74.3.2}{\376\377\0001\0001\000.\0007\0004\000.\0003\000.\0002\000\040\000l\000o\000g\000\050\000\051}{subsection.11.74.3}% 665
\BOOKMARK [3][-]{subsubsection.11.74.3.3}{\376\377\0001\0001\000.\0007\0004\000.\0003\000.\0003\000\040\000r\000e\000a\000c\000t\000\050\000\051}{subsection.11.74.3}% 666
\BOOKMARK [3][-]{subsubsection.11.74.3.4}{\376\377\0001\0001\000.\0007\0004\000.\0003\000.\0004\000\040\000s\000e\000t\000R\000e\000s\000u\000l\000t\000\050\000\051}{subsection.11.74.3}% 667
\BOOKMARK [3][-]{subsubsection.11.74.3.5}{\376\377\0001\0001\000.\0007\0004\000.\0003\000.\0005\000\040\000t\000r\000a\000n\000s\000l\000a\000t\000e\000E\000x\000c\000e\000p\000t\000i\000o\000n\000\050\000\051}{subsection.11.74.3}% 668
\BOOKMARK [3][-]{subsubsection.11.74.3.6}{\376\377\0001\0001\000.\0007\0004\000.\0003\000.\0006\000\040\000u\000n\000a\000r\000y\000\137\000a\000s\000s\000e\000r\000t\000\050\000\051}{subsection.11.74.3}% 669
\BOOKMARK [1][-]{section.11.75}{\376\377\0001\0001\000.\0007\0005\000\040\000S\000e\000n\000s\000o\000r\000\040\000C\000l\000a\000s\000s\000\040\000R\000e\000f\000e\000r\000e\000n\000c\000e}{chapter.11}% 670
\BOOKMARK [2][-]{subsection.11.75.1}{\376\377\0001\0001\000.\0007\0005\000.\0001\000\040\000D\000e\000t\000a\000i\000l\000e\000d\000\040\000D\000e\000s\000c\000r\000i\000p\000t\000i\000o\000n}{section.11.75}% 671
\BOOKMARK [2][-]{subsection.11.75.2}{\376\377\0001\0001\000.\0007\0005\000.\0002\000\040\000C\000o\000n\000s\000t\000r\000u\000c\000t\000o\000r\000\040\000\046\000\040\000D\000e\000s\000t\000r\000u\000c\000t\000o\000r\000\040\000D\000o\000c\000u\000m\000e\000n\000t\000a\000t\000i\000o\000n}{section.11.75}% 672
\BOOKMARK [3][-]{subsubsection.11.75.2.1}{\376\377\0001\0001\000.\0007\0005\000.\0002\000.\0001\000\040\000S\000e\000n\000s\000o\000r\000\050\000\051}{subsection.11.75.2}% 673
\BOOKMARK [3][-]{subsubsection.11.75.2.2}{\376\377\0001\0001\000.\0007\0005\000.\0002\000.\0002\000\040\000~\000S\000e\000n\000s\000o\000r\000\050\000\051}{subsection.11.75.2}% 674
\BOOKMARK [2][-]{subsection.11.75.3}{\376\377\0001\0001\000.\0007\0005\000.\0003\000\040\000M\000e\000m\000b\000e\000r\000\040\000F\000u\000n\000c\000t\000i\000o\000n\000\040\000D\000o\000c\000u\000m\000e\000n\000t\000a\000t\000i\000o\000n}{section.11.75}% 675
\BOOKMARK [3][-]{subsubsection.11.75.3.1}{\376\377\0001\0001\000.\0007\0005\000.\0003\000.\0001\000\040\000T\000i\000p\000o\000\050\000\051}{subsection.11.75.3}% 676
\BOOKMARK [1][-]{section.11.76}{\376\377\0001\0001\000.\0007\0006\000\040\000S\000e\000s\000s\000a\000o\000I\000n\000v\000a\000l\000i\000d\000a\000\040\000C\000l\000a\000s\000s\000\040\000R\000e\000f\000e\000r\000e\000n\000c\000e}{chapter.11}% 677
\BOOKMARK [2][-]{subsection.11.76.1}{\376\377\0001\0001\000.\0007\0006\000.\0001\000\040\000D\000e\000t\000a\000i\000l\000e\000d\000\040\000D\000e\000s\000c\000r\000i\000p\000t\000i\000o\000n}{section.11.76}% 678
\BOOKMARK [1][-]{section.11.77}{\376\377\0001\0001\000.\0007\0007\000\040\000d\000o\000c\000t\000e\000s\000t\000:\000:\000d\000e\000t\000a\000i\000l\000:\000:\000s\000h\000o\000u\000l\000d\000\137\000s\000t\000r\000i\000n\000g\000i\000f\000y\000\137\000a\000s\000\137\000u\000n\000d\000e\000r\000l\000y\000i\000n\000g\000\137\000t\000y\000p\000e\000<\000\040\000T\000\040\000>\000\040\000S\000t\000r\000u\000c\000t\000\040\000T\000e\000m\000p\000l\000a\000t\000e\000\040\000R\000e\000f\000e\000r\000e\000n\000c\000e}{chapter.11}% 679
\BOOKMARK [2][-]{subsection.11.77.1}{\376\377\0001\0001\000.\0007\0007\000.\0001\000\040\000D\000e\000t\000a\000i\000l\000e\000d\000\040\000D\000e\000s\000c\000r\000i\000p\000t\000i\000o\000n}{section.11.77}% 680
\BOOKMARK [2][-]{subsection.11.77.2}{\376\377\0001\0001\000.\0007\0007\000.\0002\000\040\000M\000e\000m\000b\000e\000r\000\040\000D\000a\000t\000a\000\040\000D\000o\000c\000u\000m\000e\000n\000t\000a\000t\000i\000o\000n}{section.11.77}% 681
\BOOKMARK [3][-]{subsubsection.11.77.2.1}{\376\377\0001\0001\000.\0007\0007\000.\0002\000.\0001\000\040\000v\000a\000l\000u\000e}{subsection.11.77.2}% 682
\BOOKMARK [1][-]{section.11.78}{\376\377\0001\0001\000.\0007\0008\000\040\000S\000i\000s\000t\000e\000m\000a\000\040\000C\000l\000a\000s\000s\000\040\000R\000e\000f\000e\000r\000e\000n\000c\000e}{chapter.11}% 683
\BOOKMARK [2][-]{subsection.11.78.1}{\376\377\0001\0001\000.\0007\0008\000.\0001\000\040\000D\000e\000t\000a\000i\000l\000e\000d\000\040\000D\000e\000s\000c\000r\000i\000p\000t\000i\000o\000n}{section.11.78}% 684
\BOOKMARK [2][-]{subsection.11.78.2}{\376\377\0001\0001\000.\0007\0008\000.\0002\000\040\000C\000o\000n\000s\000t\000r\000u\000c\000t\000o\000r\000\040\000\046\000\040\000D\000e\000s\000t\000r\000u\000c\000t\000o\000r\000\040\000D\000o\000c\000u\000m\000e\000n\000t\000a\000t\000i\000o\000n}{section.11.78}% 685
\BOOKMARK [3][-]{subsubsection.11.78.2.1}{\376\377\0001\0001\000.\0007\0008\000.\0002\000.\0001\000\040\000S\000i\000s\000t\000e\000m\000a\000\050\000\051}{subsection.11.78.2}% 686
\BOOKMARK [2][-]{subsection.11.78.3}{\376\377\0001\0001\000.\0007\0008\000.\0003\000\040\000M\000e\000m\000b\000e\000r\000\040\000F\000u\000n\000c\000t\000i\000o\000n\000\040\000D\000o\000c\000u\000m\000e\000n\000t\000a\000t\000i\000o\000n}{section.11.78}% 687
\BOOKMARK [3][-]{subsubsection.11.78.3.1}{\376\377\0001\0001\000.\0007\0008\000.\0003\000.\0001\000\040\000A\000c\000e\000s\000s\000a\000r\000L\000i\000n\000h\000a\000\050\000\051}{subsection.11.78.3}% 688
\BOOKMARK [3][-]{subsubsection.11.78.3.2}{\376\377\0001\0001\000.\0007\0008\000.\0003\000.\0002\000\040\000A\000d\000i\000c\000i\000o\000n\000a\000r\000L\000i\000n\000h\000a\000\050\000\051\000\040\000[\0001\000/\0002\000]}{subsection.11.78.3}% 689
\BOOKMARK [3][-]{subsubsection.11.78.3.3}{\376\377\0001\0001\000.\0007\0008\000.\0003\000.\0003\000\040\000A\000d\000i\000c\000i\000o\000n\000a\000r\000L\000i\000n\000h\000a\000\050\000\051\000\040\000[\0002\000/\0002\000]}{subsection.11.78.3}% 690
\BOOKMARK [3][-]{subsubsection.11.78.3.4}{\376\377\0001\0001\000.\0007\0008\000.\0003\000.\0004\000\040\000A\000d\000i\000c\000i\000o\000n\000a\000r\000U\000s\000u\000a\000r\000i\000o\000\050\000\051}{subsection.11.78.3}% 691
\BOOKMARK [3][-]{subsubsection.11.78.3.5}{\376\377\0001\0001\000.\0007\0008\000.\0003\000.\0005\000\040\000C\000a\000r\000r\000e\000g\000a\000r\000S\000a\000v\000e\000\050\000\051}{subsection.11.78.3}% 692
\BOOKMARK [3][-]{subsubsection.11.78.3.6}{\376\377\0001\0001\000.\0007\0008\000.\0003\000.\0006\000\040\000C\000a\000r\000r\000e\000g\000a\000r\000U\000l\000t\000i\000m\000o\000S\000a\000v\000e\000\050\000\051}{subsection.11.78.3}% 693
\BOOKMARK [3][-]{subsubsection.11.78.3.7}{\376\377\0001\0001\000.\0007\0008\000.\0003\000.\0007\000\040\000E\000x\000i\000b\000i\000r\000L\000i\000n\000h\000a\000s\000\050\000\051}{subsection.11.78.3}% 694
\BOOKMARK [3][-]{subsubsection.11.78.3.8}{\376\377\0001\0001\000.\0007\0008\000.\0003\000.\0008\000\040\000G\000e\000t\000L\000i\000n\000h\000a\000s\000\050\000\051}{subsection.11.78.3}% 695
\BOOKMARK [3][-]{subsubsection.11.78.3.9}{\376\377\0001\0001\000.\0007\0008\000.\0003\000.\0009\000\040\000G\000e\000t\000U\000s\000u\000a\000r\000i\000o\000L\000o\000g\000a\000d\000o\000\050\000\051}{subsection.11.78.3}% 696
\BOOKMARK [3][-]{subsubsection.11.78.3.10}{\376\377\0001\0001\000.\0007\0008\000.\0003\000.\0001\0000\000\040\000I\000d\000A\000t\000i\000v\000o\000\050\000\051}{subsection.11.78.3}% 697
\BOOKMARK [3][-]{subsubsection.11.78.3.11}{\376\377\0001\0001\000.\0007\0008\000.\0003\000.\0001\0001\000\040\000L\000o\000g\000i\000n\000\050\000\051}{subsection.11.78.3}% 698
\BOOKMARK [3][-]{subsubsection.11.78.3.12}{\376\377\0001\0001\000.\0007\0008\000.\0003\000.\0001\0002\000\040\000L\000o\000g\000o\000u\000t\000\050\000\051}{subsection.11.78.3}% 699
\BOOKMARK [3][-]{subsubsection.11.78.3.13}{\376\377\0001\0001\000.\0007\0008\000.\0003\000.\0001\0003\000\040\000P\000r\000o\000x\000i\000m\000o\000I\000d\000D\000i\000s\000p\000o\000n\000i\000v\000e\000l\000\050\000\051}{subsection.11.78.3}% 700
\BOOKMARK [3][-]{subsubsection.11.78.3.14}{\376\377\0001\0001\000.\0007\0008\000.\0003\000.\0001\0004\000\040\000R\000e\000m\000o\000v\000e\000r\000L\000i\000n\000h\000a\000\050\000\051}{subsection.11.78.3}% 701
\BOOKMARK [3][-]{subsubsection.11.78.3.15}{\376\377\0001\0001\000.\0007\0008\000.\0003\000.\0001\0005\000\040\000R\000e\000m\000o\000v\000e\000r\000U\000s\000u\000a\000r\000i\000o\000\050\000\051}{subsection.11.78.3}% 702
\BOOKMARK [3][-]{subsubsection.11.78.3.16}{\376\377\0001\0001\000.\0007\0008\000.\0003\000.\0001\0006\000\040\000S\000a\000l\000v\000a\000r\000A\000l\000t\000e\000r\000a\000c\000o\000e\000s\000\050\000\051}{subsection.11.78.3}% 703
\BOOKMARK [1][-]{section.11.79}{\376\377\0001\0001\000.\0007\0009\000\040\000d\000o\000c\000t\000e\000s\000t\000:\000:\000S\000t\000r\000i\000n\000g\000\040\000C\000l\000a\000s\000s\000\040\000R\000e\000f\000e\000r\000e\000n\000c\000e}{chapter.11}% 704
\BOOKMARK [2][-]{subsection.11.79.1}{\376\377\0001\0001\000.\0007\0009\000.\0001\000\040\000D\000e\000t\000a\000i\000l\000e\000d\000\040\000D\000e\000s\000c\000r\000i\000p\000t\000i\000o\000n}{section.11.79}% 705
\BOOKMARK [2][-]{subsection.11.79.2}{\376\377\0001\0001\000.\0007\0009\000.\0002\000\040\000M\000e\000m\000b\000e\000r\000\040\000T\000y\000p\000e\000d\000e\000f\000\040\000D\000o\000c\000u\000m\000e\000n\000t\000a\000t\000i\000o\000n}{section.11.79}% 706
\BOOKMARK [3][-]{subsubsection.11.79.2.1}{\376\377\0001\0001\000.\0007\0009\000.\0002\000.\0001\000\040\000s\000i\000z\000e\000\137\000t\000y\000p\000e}{subsection.11.79.2}% 707
\BOOKMARK [2][-]{subsection.11.79.3}{\376\377\0001\0001\000.\0007\0009\000.\0003\000\040\000C\000o\000n\000s\000t\000r\000u\000c\000t\000o\000r\000\040\000\046\000\040\000D\000e\000s\000t\000r\000u\000c\000t\000o\000r\000\040\000D\000o\000c\000u\000m\000e\000n\000t\000a\000t\000i\000o\000n}{section.11.79}% 708
\BOOKMARK [3][-]{subsubsection.11.79.3.1}{\376\377\0001\0001\000.\0007\0009\000.\0003\000.\0001\000\040\000S\000t\000r\000i\000n\000g\000\050\000\051\000\040\000[\0001\000/\0007\000]}{subsection.11.79.3}% 709
\BOOKMARK [3][-]{subsubsection.11.79.3.2}{\376\377\0001\0001\000.\0007\0009\000.\0003\000.\0002\000\040\000~\000S\000t\000r\000i\000n\000g\000\050\000\051}{subsection.11.79.3}% 710
\BOOKMARK [3][-]{subsubsection.11.79.3.3}{\376\377\0001\0001\000.\0007\0009\000.\0003\000.\0003\000\040\000S\000t\000r\000i\000n\000g\000\050\000\051\000\040\000[\0002\000/\0007\000]}{subsection.11.79.3}% 711
\BOOKMARK [3][-]{subsubsection.11.79.3.4}{\376\377\0001\0001\000.\0007\0009\000.\0003\000.\0004\000\040\000S\000t\000r\000i\000n\000g\000\050\000\051\000\040\000[\0003\000/\0007\000]}{subsection.11.79.3}% 712
\BOOKMARK [3][-]{subsubsection.11.79.3.5}{\376\377\0001\0001\000.\0007\0009\000.\0003\000.\0005\000\040\000S\000t\000r\000i\000n\000g\000\050\000\051\000\040\000[\0004\000/\0007\000]}{subsection.11.79.3}% 713
\BOOKMARK [3][-]{subsubsection.11.79.3.6}{\376\377\0001\0001\000.\0007\0009\000.\0003\000.\0006\000\040\000S\000t\000r\000i\000n\000g\000\050\000\051\000\040\000[\0005\000/\0007\000]}{subsection.11.79.3}% 714
\BOOKMARK [3][-]{subsubsection.11.79.3.7}{\376\377\0001\0001\000.\0007\0009\000.\0003\000.\0007\000\040\000S\000t\000r\000i\000n\000g\000\050\000\051\000\040\000[\0006\000/\0007\000]}{subsection.11.79.3}% 715
\BOOKMARK [3][-]{subsubsection.11.79.3.8}{\376\377\0001\0001\000.\0007\0009\000.\0003\000.\0008\000\040\000S\000t\000r\000i\000n\000g\000\050\000\051\000\040\000[\0007\000/\0007\000]}{subsection.11.79.3}% 716
\BOOKMARK [2][-]{subsection.11.79.4}{\376\377\0001\0001\000.\0007\0009\000.\0004\000\040\000M\000e\000m\000b\000e\000r\000\040\000F\000u\000n\000c\000t\000i\000o\000n\000\040\000D\000o\000c\000u\000m\000e\000n\000t\000a\000t\000i\000o\000n}{section.11.79}% 717
\BOOKMARK [3][-]{subsubsection.11.79.4.1}{\376\377\0001\0001\000.\0007\0009\000.\0004\000.\0001\000\040\000c\000\137\000s\000t\000r\000\050\000\051\000\040\000[\0001\000/\0002\000]}{subsection.11.79.4}% 718
\BOOKMARK [3][-]{subsubsection.11.79.4.2}{\376\377\0001\0001\000.\0007\0009\000.\0004\000.\0002\000\040\000c\000\137\000s\000t\000r\000\050\000\051\000\040\000[\0002\000/\0002\000]}{subsection.11.79.4}% 719
\BOOKMARK [3][-]{subsubsection.11.79.4.3}{\376\377\0001\0001\000.\0007\0009\000.\0004\000.\0003\000\040\000c\000a\000p\000a\000c\000i\000t\000y\000\050\000\051}{subsection.11.79.4}% 720
\BOOKMARK [3][-]{subsubsection.11.79.4.4}{\376\377\0001\0001\000.\0007\0009\000.\0004\000.\0004\000\040\000c\000o\000m\000p\000a\000r\000e\000\050\000\051\000\040\000[\0001\000/\0002\000]}{subsection.11.79.4}% 721
\BOOKMARK [3][-]{subsubsection.11.79.4.5}{\376\377\0001\0001\000.\0007\0009\000.\0004\000.\0005\000\040\000c\000o\000m\000p\000a\000r\000e\000\050\000\051\000\040\000[\0002\000/\0002\000]}{subsection.11.79.4}% 722
\BOOKMARK [3][-]{subsubsection.11.79.4.6}{\376\377\0001\0001\000.\0007\0009\000.\0004\000.\0006\000\040\000f\000i\000n\000d\000\050\000\051}{subsection.11.79.4}% 723
\BOOKMARK [3][-]{subsubsection.11.79.4.7}{\376\377\0001\0001\000.\0007\0009\000.\0004\000.\0007\000\040\000o\000p\000e\000r\000a\000t\000o\000r\000+\000=\000\050\000\051}{subsection.11.79.4}% 724
\BOOKMARK [3][-]{subsubsection.11.79.4.8}{\376\377\0001\0001\000.\0007\0009\000.\0004\000.\0008\000\040\000o\000p\000e\000r\000a\000t\000o\000r\000=\000\050\000\051\000\040\000[\0001\000/\0002\000]}{subsection.11.79.4}% 725
\BOOKMARK [3][-]{subsubsection.11.79.4.9}{\376\377\0001\0001\000.\0007\0009\000.\0004\000.\0009\000\040\000o\000p\000e\000r\000a\000t\000o\000r\000=\000\050\000\051\000\040\000[\0002\000/\0002\000]}{subsection.11.79.4}% 726
\BOOKMARK [3][-]{subsubsection.11.79.4.10}{\376\377\0001\0001\000.\0007\0009\000.\0004\000.\0001\0000\000\040\000o\000p\000e\000r\000a\000t\000o\000r\000[\000]\000\050\000\051\000\040\000[\0001\000/\0002\000]}{subsection.11.79.4}% 727
\BOOKMARK [3][-]{subsubsection.11.79.4.11}{\376\377\0001\0001\000.\0007\0009\000.\0004\000.\0001\0001\000\040\000o\000p\000e\000r\000a\000t\000o\000r\000[\000]\000\050\000\051\000\040\000[\0002\000/\0002\000]}{subsection.11.79.4}% 728
\BOOKMARK [3][-]{subsubsection.11.79.4.12}{\376\377\0001\0001\000.\0007\0009\000.\0004\000.\0001\0002\000\040\000r\000f\000i\000n\000d\000\050\000\051}{subsection.11.79.4}% 729
\BOOKMARK [3][-]{subsubsection.11.79.4.13}{\376\377\0001\0001\000.\0007\0009\000.\0004\000.\0001\0003\000\040\000s\000i\000z\000e\000\050\000\051}{subsection.11.79.4}% 730
\BOOKMARK [3][-]{subsubsection.11.79.4.14}{\376\377\0001\0001\000.\0007\0009\000.\0004\000.\0001\0004\000\040\000s\000u\000b\000s\000t\000r\000\050\000\051\000\040\000[\0001\000/\0002\000]}{subsection.11.79.4}% 731
\BOOKMARK [3][-]{subsubsection.11.79.4.15}{\376\377\0001\0001\000.\0007\0009\000.\0004\000.\0001\0005\000\040\000s\000u\000b\000s\000t\000r\000\050\000\051\000\040\000[\0002\000/\0002\000]}{subsection.11.79.4}% 732
\BOOKMARK [2][-]{subsection.11.79.5}{\376\377\0001\0001\000.\0007\0009\000.\0005\000\040\000F\000r\000i\000e\000n\000d\000s\000\040\000A\000n\000d\000\040\000R\000e\000l\000a\000t\000e\000d\000\040\000S\000y\000m\000b\000o\000l\000\040\000D\000o\000c\000u\000m\000e\000n\000t\000a\000t\000i\000o\000n}{section.11.79}% 733
\BOOKMARK [3][-]{subsubsection.11.79.5.1}{\376\377\0001\0001\000.\0007\0009\000.\0005\000.\0001\000\040\000o\000p\000e\000r\000a\000t\000o\000r\000<\000<}{subsection.11.79.5}% 734
\BOOKMARK [2][-]{subsection.11.79.6}{\376\377\0001\0001\000.\0007\0009\000.\0006\000\040\000M\000e\000m\000b\000e\000r\000\040\000D\000a\000t\000a\000\040\000D\000o\000c\000u\000m\000e\000n\000t\000a\000t\000i\000o\000n}{section.11.79}% 735
\BOOKMARK [3][-]{subsubsection.11.79.6.1}{\376\377\0001\0001\000.\0007\0009\000.\0006\000.\0001\000\040\000b\000u\000f}{subsection.11.79.6}% 736
\BOOKMARK [3][-]{subsubsection.11.79.6.2}{\376\377\0001\0001\000.\0007\0009\000.\0006\000.\0002\000\040\000d\000a\000t\000a}{subsection.11.79.6}% 737
\BOOKMARK [3][-]{subsubsection.11.79.6.3}{\376\377\0001\0001\000.\0007\0009\000.\0006\000.\0003\000\040\000n\000p\000o\000s}{subsection.11.79.6}% 738
\BOOKMARK [1][-]{section.11.80}{\376\377\0001\0001\000.\0008\0000\000\040\000d\000o\000c\000t\000e\000s\000t\000:\000:\000A\000s\000s\000e\000r\000t\000D\000a\000t\000a\000:\000:\000S\000t\000r\000i\000n\000g\000C\000o\000n\000t\000a\000i\000n\000s\000\040\000C\000l\000a\000s\000s\000\040\000R\000e\000f\000e\000r\000e\000n\000c\000e}{chapter.11}% 739
\BOOKMARK [2][-]{subsection.11.80.1}{\376\377\0001\0001\000.\0008\0000\000.\0001\000\040\000D\000e\000t\000a\000i\000l\000e\000d\000\040\000D\000e\000s\000c\000r\000i\000p\000t\000i\000o\000n}{section.11.80}% 740
\BOOKMARK [2][-]{subsection.11.80.2}{\376\377\0001\0001\000.\0008\0000\000.\0002\000\040\000C\000o\000n\000s\000t\000r\000u\000c\000t\000o\000r\000\040\000\046\000\040\000D\000e\000s\000t\000r\000u\000c\000t\000o\000r\000\040\000D\000o\000c\000u\000m\000e\000n\000t\000a\000t\000i\000o\000n}{section.11.80}% 741
\BOOKMARK [3][-]{subsubsection.11.80.2.1}{\376\377\0001\0001\000.\0008\0000\000.\0002\000.\0001\000\040\000S\000t\000r\000i\000n\000g\000C\000o\000n\000t\000a\000i\000n\000s\000\050\000\051\000\040\000[\0001\000/\0002\000]}{subsection.11.80.2}% 742
\BOOKMARK [3][-]{subsubsection.11.80.2.2}{\376\377\0001\0001\000.\0008\0000\000.\0002\000.\0002\000\040\000S\000t\000r\000i\000n\000g\000C\000o\000n\000t\000a\000i\000n\000s\000\050\000\051\000\040\000[\0002\000/\0002\000]}{subsection.11.80.2}% 743
\BOOKMARK [2][-]{subsection.11.80.3}{\376\377\0001\0001\000.\0008\0000\000.\0003\000\040\000M\000e\000m\000b\000e\000r\000\040\000F\000u\000n\000c\000t\000i\000o\000n\000\040\000D\000o\000c\000u\000m\000e\000n\000t\000a\000t\000i\000o\000n}{section.11.80}% 744
\BOOKMARK [3][-]{subsubsection.11.80.3.1}{\376\377\0001\0001\000.\0008\0000\000.\0003\000.\0001\000\040\000c\000\137\000s\000t\000r\000\050\000\051}{subsection.11.80.3}% 745
\BOOKMARK [3][-]{subsubsection.11.80.3.2}{\376\377\0001\0001\000.\0008\0000\000.\0003\000.\0002\000\040\000c\000h\000e\000c\000k\000\050\000\051}{subsection.11.80.3}% 746
\BOOKMARK [3][-]{subsubsection.11.80.3.3}{\376\377\0001\0001\000.\0008\0000\000.\0003\000.\0003\000\040\000o\000p\000e\000r\000a\000t\000o\000r\000\040\000c\000o\000n\000s\000t\000\040\000S\000t\000r\000i\000n\000g\000\040\000\046\000\050\000\051}{subsection.11.80.3}% 747
\BOOKMARK [1][-]{section.11.81}{\376\377\0001\0001\000.\0008\0001\000\040\000d\000o\000c\000t\000e\000s\000t\000:\000:\000S\000t\000r\000i\000n\000g\000M\000a\000k\000e\000r\000<\000\040\000T\000\040\000>\000\040\000S\000t\000r\000u\000c\000t\000\040\000T\000e\000m\000p\000l\000a\000t\000e\000\040\000R\000e\000f\000e\000r\000e\000n\000c\000e}{chapter.11}% 748
\BOOKMARK [2][-]{subsection.11.81.1}{\376\377\0001\0001\000.\0008\0001\000.\0001\000\040\000D\000e\000t\000a\000i\000l\000e\000d\000\040\000D\000e\000s\000c\000r\000i\000p\000t\000i\000o\000n}{section.11.81}% 749
\BOOKMARK [1][-]{section.11.82}{\376\377\0001\0001\000.\0008\0002\000\040\000d\000o\000c\000t\000e\000s\000t\000:\000:\000d\000e\000t\000a\000i\000l\000:\000:\000S\000t\000r\000i\000n\000g\000M\000a\000k\000e\000r\000B\000a\000s\000e\000<\000\040\000C\000\040\000>\000\040\000S\000t\000r\000u\000c\000t\000\040\000T\000e\000m\000p\000l\000a\000t\000e\000\040\000R\000e\000f\000e\000r\000e\000n\000c\000e}{chapter.11}% 750
\BOOKMARK [2][-]{subsection.11.82.1}{\376\377\0001\0001\000.\0008\0002\000.\0001\000\040\000D\000e\000t\000a\000i\000l\000e\000d\000\040\000D\000e\000s\000c\000r\000i\000p\000t\000i\000o\000n}{section.11.82}% 751
\BOOKMARK [2][-]{subsection.11.82.2}{\376\377\0001\0001\000.\0008\0002\000.\0002\000\040\000M\000e\000m\000b\000e\000r\000\040\000F\000u\000n\000c\000t\000i\000o\000n\000\040\000D\000o\000c\000u\000m\000e\000n\000t\000a\000t\000i\000o\000n}{section.11.82}% 752
\BOOKMARK [3][-]{subsubsection.11.82.2.1}{\376\377\0001\0001\000.\0008\0002\000.\0002\000.\0001\000\040\000c\000o\000n\000v\000e\000r\000t\000\050\000\051}{subsection.11.82.2}% 753
\BOOKMARK [1][-]{section.11.83}{\376\377\0001\0001\000.\0008\0003\000\040\000d\000o\000c\000t\000e\000s\000t\000:\000:\000d\000e\000t\000a\000i\000l\000:\000:\000S\000t\000r\000i\000n\000g\000M\000a\000k\000e\000r\000B\000a\000s\000e\000<\000\040\000t\000r\000u\000e\000\040\000>\000\040\000S\000t\000r\000u\000c\000t\000\040\000R\000e\000f\000e\000r\000e\000n\000c\000e}{chapter.11}% 754
\BOOKMARK [2][-]{subsection.11.83.1}{\376\377\0001\0001\000.\0008\0003\000.\0001\000\040\000D\000e\000t\000a\000i\000l\000e\000d\000\040\000D\000e\000s\000c\000r\000i\000p\000t\000i\000o\000n}{section.11.83}% 755
\BOOKMARK [2][-]{subsection.11.83.2}{\376\377\0001\0001\000.\0008\0003\000.\0002\000\040\000M\000e\000m\000b\000e\000r\000\040\000F\000u\000n\000c\000t\000i\000o\000n\000\040\000D\000o\000c\000u\000m\000e\000n\000t\000a\000t\000i\000o\000n}{section.11.83}% 756
\BOOKMARK [3][-]{subsubsection.11.83.2.1}{\376\377\0001\0001\000.\0008\0003\000.\0002\000.\0001\000\040\000c\000o\000n\000v\000e\000r\000t\000\050\000\051}{subsection.11.83.2}% 757
\BOOKMARK [1][-]{section.11.84}{\376\377\0001\0001\000.\0008\0004\000\040\000d\000o\000c\000t\000e\000s\000t\000:\000:\000d\000e\000t\000a\000i\000l\000:\000:\000S\000u\000b\000c\000a\000s\000e\000\040\000S\000t\000r\000u\000c\000t\000\040\000R\000e\000f\000e\000r\000e\000n\000c\000e}{chapter.11}% 758
\BOOKMARK [2][-]{subsection.11.84.1}{\376\377\0001\0001\000.\0008\0004\000.\0001\000\040\000D\000e\000t\000a\000i\000l\000e\000d\000\040\000D\000e\000s\000c\000r\000i\000p\000t\000i\000o\000n}{section.11.84}% 759
\BOOKMARK [2][-]{subsection.11.84.2}{\376\377\0001\0001\000.\0008\0004\000.\0002\000\040\000C\000o\000n\000s\000t\000r\000u\000c\000t\000o\000r\000\040\000\046\000\040\000D\000e\000s\000t\000r\000u\000c\000t\000o\000r\000\040\000D\000o\000c\000u\000m\000e\000n\000t\000a\000t\000i\000o\000n}{section.11.84}% 760
\BOOKMARK [3][-]{subsubsection.11.84.2.1}{\376\377\0001\0001\000.\0008\0004\000.\0002\000.\0001\000\040\000S\000u\000b\000c\000a\000s\000e\000\050\000\051\000\040\000[\0001\000/\0003\000]}{subsection.11.84.2}% 761
\BOOKMARK [3][-]{subsubsection.11.84.2.2}{\376\377\0001\0001\000.\0008\0004\000.\0002\000.\0002\000\040\000S\000u\000b\000c\000a\000s\000e\000\050\000\051\000\040\000[\0002\000/\0003\000]}{subsection.11.84.2}% 762
\BOOKMARK [3][-]{subsubsection.11.84.2.3}{\376\377\0001\0001\000.\0008\0004\000.\0002\000.\0003\000\040\000S\000u\000b\000c\000a\000s\000e\000\050\000\051\000\040\000[\0003\000/\0003\000]}{subsection.11.84.2}% 763
\BOOKMARK [3][-]{subsubsection.11.84.2.4}{\376\377\0001\0001\000.\0008\0004\000.\0002\000.\0004\000\040\000~\000S\000u\000b\000c\000a\000s\000e\000\050\000\051}{subsection.11.84.2}% 764
\BOOKMARK [2][-]{subsection.11.84.3}{\376\377\0001\0001\000.\0008\0004\000.\0003\000\040\000M\000e\000m\000b\000e\000r\000\040\000F\000u\000n\000c\000t\000i\000o\000n\000\040\000D\000o\000c\000u\000m\000e\000n\000t\000a\000t\000i\000o\000n}{section.11.84}% 765
\BOOKMARK [3][-]{subsubsection.11.84.3.1}{\376\377\0001\0001\000.\0008\0004\000.\0003\000.\0001\000\040\000o\000p\000e\000r\000a\000t\000o\000r\000\040\000b\000o\000o\000l\000\050\000\051}{subsection.11.84.3}% 766
\BOOKMARK [3][-]{subsubsection.11.84.3.2}{\376\377\0001\0001\000.\0008\0004\000.\0003\000.\0002\000\040\000o\000p\000e\000r\000a\000t\000o\000r\000=\000\050\000\051\000\040\000[\0001\000/\0002\000]}{subsection.11.84.3}% 767
\BOOKMARK [3][-]{subsubsection.11.84.3.3}{\376\377\0001\0001\000.\0008\0004\000.\0003\000.\0003\000\040\000o\000p\000e\000r\000a\000t\000o\000r\000=\000\050\000\051\000\040\000[\0002\000/\0002\000]}{subsection.11.84.3}% 768
\BOOKMARK [2][-]{subsection.11.84.4}{\376\377\0001\0001\000.\0008\0004\000.\0004\000\040\000M\000e\000m\000b\000e\000r\000\040\000D\000a\000t\000a\000\040\000D\000o\000c\000u\000m\000e\000n\000t\000a\000t\000i\000o\000n}{section.11.84}% 769
\BOOKMARK [3][-]{subsubsection.11.84.4.1}{\376\377\0001\0001\000.\0008\0004\000.\0004\000.\0001\000\040\000m\000\137\000e\000n\000t\000e\000r\000e\000d}{subsection.11.84.4}% 770
\BOOKMARK [3][-]{subsubsection.11.84.4.2}{\376\377\0001\0001\000.\0008\0004\000.\0004\000.\0002\000\040\000m\000\137\000s\000i\000g\000n\000a\000t\000u\000r\000e}{subsection.11.84.4}% 771
\BOOKMARK [1][-]{section.11.85}{\376\377\0001\0001\000.\0008\0005\000\040\000d\000o\000c\000t\000e\000s\000t\000:\000:\000S\000u\000b\000c\000a\000s\000e\000S\000i\000g\000n\000a\000t\000u\000r\000e\000\040\000S\000t\000r\000u\000c\000t\000\040\000R\000e\000f\000e\000r\000e\000n\000c\000e}{chapter.11}% 772
\BOOKMARK [2][-]{subsection.11.85.1}{\376\377\0001\0001\000.\0008\0005\000.\0001\000\040\000D\000e\000t\000a\000i\000l\000e\000d\000\040\000D\000e\000s\000c\000r\000i\000p\000t\000i\000o\000n}{section.11.85}% 773
\BOOKMARK [2][-]{subsection.11.85.2}{\376\377\0001\0001\000.\0008\0005\000.\0002\000\040\000M\000e\000m\000b\000e\000r\000\040\000F\000u\000n\000c\000t\000i\000o\000n\000\040\000D\000o\000c\000u\000m\000e\000n\000t\000a\000t\000i\000o\000n}{section.11.85}% 774
\BOOKMARK [3][-]{subsubsection.11.85.2.1}{\376\377\0001\0001\000.\0008\0005\000.\0002\000.\0001\000\040\000o\000p\000e\000r\000a\000t\000o\000r\000<\000\050\000\051}{subsection.11.85.2}% 775
\BOOKMARK [3][-]{subsubsection.11.85.2.2}{\376\377\0001\0001\000.\0008\0005\000.\0002\000.\0002\000\040\000o\000p\000e\000r\000a\000t\000o\000r\000=\000=\000\050\000\051}{subsection.11.85.2}% 776
\BOOKMARK [2][-]{subsection.11.85.3}{\376\377\0001\0001\000.\0008\0005\000.\0003\000\040\000M\000e\000m\000b\000e\000r\000\040\000D\000a\000t\000a\000\040\000D\000o\000c\000u\000m\000e\000n\000t\000a\000t\000i\000o\000n}{section.11.85}% 777
\BOOKMARK [3][-]{subsubsection.11.85.3.1}{\376\377\0001\0001\000.\0008\0005\000.\0003\000.\0001\000\040\000m\000\137\000f\000i\000l\000e}{subsection.11.85.3}% 778
\BOOKMARK [3][-]{subsubsection.11.85.3.2}{\376\377\0001\0001\000.\0008\0005\000.\0003\000.\0002\000\040\000m\000\137\000l\000i\000n\000e}{subsection.11.85.3}% 779
\BOOKMARK [3][-]{subsubsection.11.85.3.3}{\376\377\0001\0001\000.\0008\0005\000.\0003\000.\0003\000\040\000m\000\137\000n\000a\000m\000e}{subsection.11.85.3}% 780
\BOOKMARK [1][-]{section.11.86}{\376\377\0001\0001\000.\0008\0006\000\040\000d\000o\000c\000t\000e\000s\000t\000:\000:\000d\000e\000t\000a\000i\000l\000:\000:\000T\000e\000s\000t\000C\000a\000s\000e\000\040\000S\000t\000r\000u\000c\000t\000\040\000R\000e\000f\000e\000r\000e\000n\000c\000e}{chapter.11}% 781
\BOOKMARK [2][-]{subsection.11.86.1}{\376\377\0001\0001\000.\0008\0006\000.\0001\000\040\000D\000e\000t\000a\000i\000l\000e\000d\000\040\000D\000e\000s\000c\000r\000i\000p\000t\000i\000o\000n}{section.11.86}% 782
\BOOKMARK [2][-]{subsection.11.86.2}{\376\377\0001\0001\000.\0008\0006\000.\0002\000\040\000C\000o\000n\000s\000t\000r\000u\000c\000t\000o\000r\000\040\000\046\000\040\000D\000e\000s\000t\000r\000u\000c\000t\000o\000r\000\040\000D\000o\000c\000u\000m\000e\000n\000t\000a\000t\000i\000o\000n}{section.11.86}% 783
\BOOKMARK [3][-]{subsubsection.11.86.2.1}{\376\377\0001\0001\000.\0008\0006\000.\0002\000.\0001\000\040\000T\000e\000s\000t\000C\000a\000s\000e\000\050\000\051\000\040\000[\0001\000/\0003\000]}{subsection.11.86.2}% 784
\BOOKMARK [3][-]{subsubsection.11.86.2.2}{\376\377\0001\0001\000.\0008\0006\000.\0002\000.\0002\000\040\000T\000e\000s\000t\000C\000a\000s\000e\000\050\000\051\000\040\000[\0002\000/\0003\000]}{subsection.11.86.2}% 785
\BOOKMARK [3][-]{subsubsection.11.86.2.3}{\376\377\0001\0001\000.\0008\0006\000.\0002\000.\0003\000\040\000T\000e\000s\000t\000C\000a\000s\000e\000\050\000\051\000\040\000[\0003\000/\0003\000]}{subsection.11.86.2}% 786
\BOOKMARK [3][-]{subsubsection.11.86.2.4}{\376\377\0001\0001\000.\0008\0006\000.\0002\000.\0004\000\040\000~\000T\000e\000s\000t\000C\000a\000s\000e\000\050\000\051}{subsection.11.86.2}% 787
\BOOKMARK [2][-]{subsection.11.86.3}{\376\377\0001\0001\000.\0008\0006\000.\0003\000\040\000M\000e\000m\000b\000e\000r\000\040\000F\000u\000n\000c\000t\000i\000o\000n\000\040\000D\000o\000c\000u\000m\000e\000n\000t\000a\000t\000i\000o\000n}{section.11.86}% 788
\BOOKMARK [3][-]{subsubsection.11.86.3.1}{\376\377\0001\0001\000.\0008\0006\000.\0003\000.\0001\000\040\000o\000p\000e\000r\000a\000t\000o\000r\000*\000\050\000\051\000\040\000[\0001\000/\0002\000]}{subsection.11.86.3}% 789
\BOOKMARK [3][-]{subsubsection.11.86.3.2}{\376\377\0001\0001\000.\0008\0006\000.\0003\000.\0002\000\040\000o\000p\000e\000r\000a\000t\000o\000r\000*\000\050\000\051\000\040\000[\0002\000/\0002\000]}{subsection.11.86.3}% 790
\BOOKMARK [3][-]{subsubsection.11.86.3.3}{\376\377\0001\0001\000.\0008\0006\000.\0003\000.\0003\000\040\000o\000p\000e\000r\000a\000t\000o\000r\000<\000\050\000\051}{subsection.11.86.3}% 791
\BOOKMARK [3][-]{subsubsection.11.86.3.4}{\376\377\0001\0001\000.\0008\0006\000.\0003\000.\0004\000\040\000o\000p\000e\000r\000a\000t\000o\000r\000=\000\050\000\051\000\040\000[\0001\000/\0002\000]}{subsection.11.86.3}% 792
\BOOKMARK [3][-]{subsubsection.11.86.3.5}{\376\377\0001\0001\000.\0008\0006\000.\0003\000.\0005\000\040\000o\000p\000e\000r\000a\000t\000o\000r\000=\000\050\000\051\000\040\000[\0002\000/\0002\000]}{subsection.11.86.3}% 793
\BOOKMARK [2][-]{subsection.11.86.4}{\376\377\0001\0001\000.\0008\0006\000.\0004\000\040\000M\000e\000m\000b\000e\000r\000\040\000D\000a\000t\000a\000\040\000D\000o\000c\000u\000m\000e\000n\000t\000a\000t\000i\000o\000n}{section.11.86}% 794
\BOOKMARK [3][-]{subsubsection.11.86.4.1}{\376\377\0001\0001\000.\0008\0006\000.\0004\000.\0001\000\040\000m\000\137\000f\000u\000l\000l\000\137\000n\000a\000m\000e}{subsection.11.86.4}% 795
\BOOKMARK [3][-]{subsubsection.11.86.4.2}{\376\377\0001\0001\000.\0008\0006\000.\0004\000.\0002\000\040\000m\000\137\000t\000e\000m\000p\000l\000a\000t\000e\000\137\000i\000d}{subsection.11.86.4}% 796
\BOOKMARK [3][-]{subsubsection.11.86.4.3}{\376\377\0001\0001\000.\0008\0006\000.\0004\000.\0003\000\040\000m\000\137\000t\000e\000s\000t}{subsection.11.86.4}% 797
\BOOKMARK [3][-]{subsubsection.11.86.4.4}{\376\377\0001\0001\000.\0008\0006\000.\0004\000.\0004\000\040\000m\000\137\000t\000y\000p\000e}{subsection.11.86.4}% 798
\BOOKMARK [1][-]{section.11.87}{\376\377\0001\0001\000.\0008\0007\000\040\000d\000o\000c\000t\000e\000s\000t\000:\000:\000T\000e\000s\000t\000C\000a\000s\000e\000D\000a\000t\000a\000\040\000S\000t\000r\000u\000c\000t\000\040\000R\000e\000f\000e\000r\000e\000n\000c\000e}{chapter.11}% 799
\BOOKMARK [2][-]{subsection.11.87.1}{\376\377\0001\0001\000.\0008\0007\000.\0001\000\040\000D\000e\000t\000a\000i\000l\000e\000d\000\040\000D\000e\000s\000c\000r\000i\000p\000t\000i\000o\000n}{section.11.87}% 800
\BOOKMARK [2][-]{subsection.11.87.2}{\376\377\0001\0001\000.\0008\0007\000.\0002\000\040\000M\000e\000m\000b\000e\000r\000\040\000D\000a\000t\000a\000\040\000D\000o\000c\000u\000m\000e\000n\000t\000a\000t\000i\000o\000n}{section.11.87}% 801
\BOOKMARK [3][-]{subsubsection.11.87.2.1}{\376\377\0001\0001\000.\0008\0007\000.\0002\000.\0001\000\040\000m\000\137\000d\000e\000s\000c\000r\000i\000p\000t\000i\000o\000n}{subsection.11.87.2}% 802
\BOOKMARK [3][-]{subsubsection.11.87.2.2}{\376\377\0001\0001\000.\0008\0007\000.\0002\000.\0002\000\040\000m\000\137\000e\000x\000p\000e\000c\000t\000e\000d\000\137\000f\000a\000i\000l\000u\000r\000e\000s}{subsection.11.87.2}% 803
\BOOKMARK [3][-]{subsubsection.11.87.2.3}{\376\377\0001\0001\000.\0008\0007\000.\0002\000.\0003\000\040\000m\000\137\000f\000i\000l\000e}{subsection.11.87.2}% 804
\BOOKMARK [3][-]{subsubsection.11.87.2.4}{\376\377\0001\0001\000.\0008\0007\000.\0002\000.\0004\000\040\000m\000\137\000l\000i\000n\000e}{subsection.11.87.2}% 805
\BOOKMARK [3][-]{subsubsection.11.87.2.5}{\376\377\0001\0001\000.\0008\0007\000.\0002\000.\0005\000\040\000m\000\137\000m\000a\000y\000\137\000f\000a\000i\000l}{subsection.11.87.2}% 806
\BOOKMARK [3][-]{subsubsection.11.87.2.6}{\376\377\0001\0001\000.\0008\0007\000.\0002\000.\0006\000\040\000m\000\137\000n\000a\000m\000e}{subsection.11.87.2}% 807
\BOOKMARK [3][-]{subsubsection.11.87.2.7}{\376\377\0001\0001\000.\0008\0007\000.\0002\000.\0007\000\040\000m\000\137\000n\000o\000\137\000b\000r\000e\000a\000k\000s}{subsection.11.87.2}% 808
\BOOKMARK [3][-]{subsubsection.11.87.2.8}{\376\377\0001\0001\000.\0008\0007\000.\0002\000.\0008\000\040\000m\000\137\000n\000o\000\137\000o\000u\000t\000p\000u\000t}{subsection.11.87.2}% 809
\BOOKMARK [3][-]{subsubsection.11.87.2.9}{\376\377\0001\0001\000.\0008\0007\000.\0002\000.\0009\000\040\000m\000\137\000s\000h\000o\000u\000l\000d\000\137\000f\000a\000i\000l}{subsection.11.87.2}% 810
\BOOKMARK [3][-]{subsubsection.11.87.2.10}{\376\377\0001\0001\000.\0008\0007\000.\0002\000.\0001\0000\000\040\000m\000\137\000s\000k\000i\000p}{subsection.11.87.2}% 811
\BOOKMARK [3][-]{subsubsection.11.87.2.11}{\376\377\0001\0001\000.\0008\0007\000.\0002\000.\0001\0001\000\040\000m\000\137\000t\000e\000s\000t\000\137\000s\000u\000i\000t\000e}{subsection.11.87.2}% 812
\BOOKMARK [3][-]{subsubsection.11.87.2.12}{\376\377\0001\0001\000.\0008\0007\000.\0002\000.\0001\0002\000\040\000m\000\137\000t\000i\000m\000e\000o\000u\000t}{subsection.11.87.2}% 813
\BOOKMARK [1][-]{section.11.88}{\376\377\0001\0001\000.\0008\0008\000\040\000d\000o\000c\000t\000e\000s\000t\000:\000:\000T\000e\000s\000t\000C\000a\000s\000e\000E\000x\000c\000e\000p\000t\000i\000o\000n\000\040\000S\000t\000r\000u\000c\000t\000\040\000R\000e\000f\000e\000r\000e\000n\000c\000e}{chapter.11}% 814
\BOOKMARK [2][-]{subsection.11.88.1}{\376\377\0001\0001\000.\0008\0008\000.\0001\000\040\000D\000e\000t\000a\000i\000l\000e\000d\000\040\000D\000e\000s\000c\000r\000i\000p\000t\000i\000o\000n}{section.11.88}% 815
\BOOKMARK [2][-]{subsection.11.88.2}{\376\377\0001\0001\000.\0008\0008\000.\0002\000\040\000M\000e\000m\000b\000e\000r\000\040\000D\000a\000t\000a\000\040\000D\000o\000c\000u\000m\000e\000n\000t\000a\000t\000i\000o\000n}{section.11.88}% 816
\BOOKMARK [3][-]{subsubsection.11.88.2.1}{\376\377\0001\0001\000.\0008\0008\000.\0002\000.\0001\000\040\000e\000r\000r\000o\000r\000\137\000s\000t\000r\000i\000n\000g}{subsection.11.88.2}% 817
\BOOKMARK [3][-]{subsubsection.11.88.2.2}{\376\377\0001\0001\000.\0008\0008\000.\0002\000.\0002\000\040\000i\000s\000\137\000c\000r\000a\000s\000h}{subsection.11.88.2}% 818
\BOOKMARK [1][-]{section.11.89}{\376\377\0001\0001\000.\0008\0009\000\040\000d\000o\000c\000t\000e\000s\000t\000:\000:\000d\000e\000t\000a\000i\000l\000:\000:\000T\000e\000s\000t\000F\000a\000i\000l\000u\000r\000e\000E\000x\000c\000e\000p\000t\000i\000o\000n\000\040\000S\000t\000r\000u\000c\000t\000\040\000R\000e\000f\000e\000r\000e\000n\000c\000e}{chapter.11}% 819
\BOOKMARK [2][-]{subsection.11.89.1}{\376\377\0001\0001\000.\0008\0009\000.\0001\000\040\000D\000e\000t\000a\000i\000l\000e\000d\000\040\000D\000e\000s\000c\000r\000i\000p\000t\000i\000o\000n}{section.11.89}% 820
\BOOKMARK [1][-]{section.11.90}{\376\377\0001\0001\000.\0009\0000\000\040\000d\000o\000c\000t\000e\000s\000t\000:\000:\000T\000e\000s\000t\000R\000u\000n\000S\000t\000a\000t\000s\000\040\000S\000t\000r\000u\000c\000t\000\040\000R\000e\000f\000e\000r\000e\000n\000c\000e}{chapter.11}% 821
\BOOKMARK [2][-]{subsection.11.90.1}{\376\377\0001\0001\000.\0009\0000\000.\0001\000\040\000D\000e\000t\000a\000i\000l\000e\000d\000\040\000D\000e\000s\000c\000r\000i\000p\000t\000i\000o\000n}{section.11.90}% 822
\BOOKMARK [2][-]{subsection.11.90.2}{\376\377\0001\0001\000.\0009\0000\000.\0002\000\040\000M\000e\000m\000b\000e\000r\000\040\000D\000a\000t\000a\000\040\000D\000o\000c\000u\000m\000e\000n\000t\000a\000t\000i\000o\000n}{section.11.90}% 823
\BOOKMARK [3][-]{subsubsection.11.90.2.1}{\376\377\0001\0001\000.\0009\0000\000.\0002\000.\0001\000\040\000n\000u\000m\000A\000s\000s\000e\000r\000t\000s}{subsection.11.90.2}% 824
\BOOKMARK [3][-]{subsubsection.11.90.2.2}{\376\377\0001\0001\000.\0009\0000\000.\0002\000.\0002\000\040\000n\000u\000m\000A\000s\000s\000e\000r\000t\000s\000F\000a\000i\000l\000e\000d}{subsection.11.90.2}% 825
\BOOKMARK [3][-]{subsubsection.11.90.2.3}{\376\377\0001\0001\000.\0009\0000\000.\0002\000.\0003\000\040\000n\000u\000m\000T\000e\000s\000t\000C\000a\000s\000e\000s}{subsection.11.90.2}% 826
\BOOKMARK [3][-]{subsubsection.11.90.2.4}{\376\377\0001\0001\000.\0009\0000\000.\0002\000.\0004\000\040\000n\000u\000m\000T\000e\000s\000t\000C\000a\000s\000e\000s\000F\000a\000i\000l\000e\000d}{subsection.11.90.2}% 827
\BOOKMARK [3][-]{subsubsection.11.90.2.5}{\376\377\0001\0001\000.\0009\0000\000.\0002\000.\0005\000\040\000n\000u\000m\000T\000e\000s\000t\000C\000a\000s\000e\000s\000P\000a\000s\000s\000i\000n\000g\000F\000i\000l\000t\000e\000r\000s}{subsection.11.90.2}% 828
\BOOKMARK [3][-]{subsubsection.11.90.2.6}{\376\377\0001\0001\000.\0009\0000\000.\0002\000.\0006\000\040\000n\000u\000m\000T\000e\000s\000t\000S\000u\000i\000t\000e\000s\000P\000a\000s\000s\000i\000n\000g\000F\000i\000l\000t\000e\000r\000s}{subsection.11.90.2}% 829
\BOOKMARK [1][-]{section.11.91}{\376\377\0001\0001\000.\0009\0001\000\040\000d\000o\000c\000t\000e\000s\000t\000:\000:\000d\000e\000t\000a\000i\000l\000:\000:\000T\000e\000s\000t\000S\000u\000i\000t\000e\000\040\000S\000t\000r\000u\000c\000t\000\040\000R\000e\000f\000e\000r\000e\000n\000c\000e}{chapter.11}% 830
\BOOKMARK [2][-]{subsection.11.91.1}{\376\377\0001\0001\000.\0009\0001\000.\0001\000\040\000D\000e\000t\000a\000i\000l\000e\000d\000\040\000D\000e\000s\000c\000r\000i\000p\000t\000i\000o\000n}{section.11.91}% 831
\BOOKMARK [2][-]{subsection.11.91.2}{\376\377\0001\0001\000.\0009\0001\000.\0002\000\040\000M\000e\000m\000b\000e\000r\000\040\000F\000u\000n\000c\000t\000i\000o\000n\000\040\000D\000o\000c\000u\000m\000e\000n\000t\000a\000t\000i\000o\000n}{section.11.91}% 832
\BOOKMARK [3][-]{subsubsection.11.91.2.1}{\376\377\0001\0001\000.\0009\0001\000.\0002\000.\0001\000\040\000o\000p\000e\000r\000a\000t\000o\000r\000*\000\050\000\051\000\040\000[\0001\000/\0002\000]}{subsection.11.91.2}% 833
\BOOKMARK [3][-]{subsubsection.11.91.2.2}{\376\377\0001\0001\000.\0009\0001\000.\0002\000.\0002\000\040\000o\000p\000e\000r\000a\000t\000o\000r\000*\000\050\000\051\000\040\000[\0002\000/\0002\000]}{subsection.11.91.2}% 834
\BOOKMARK [2][-]{subsection.11.91.3}{\376\377\0001\0001\000.\0009\0001\000.\0003\000\040\000M\000e\000m\000b\000e\000r\000\040\000D\000a\000t\000a\000\040\000D\000o\000c\000u\000m\000e\000n\000t\000a\000t\000i\000o\000n}{section.11.91}% 835
\BOOKMARK [3][-]{subsubsection.11.91.3.1}{\376\377\0001\0001\000.\0009\0001\000.\0003\000.\0001\000\040\000m\000\137\000d\000e\000s\000c\000r\000i\000p\000t\000i\000o\000n}{subsection.11.91.3}% 836
\BOOKMARK [3][-]{subsubsection.11.91.3.2}{\376\377\0001\0001\000.\0009\0001\000.\0003\000.\0002\000\040\000m\000\137\000e\000x\000p\000e\000c\000t\000e\000d\000\137\000f\000a\000i\000l\000u\000r\000e\000s}{subsection.11.91.3}% 837
\BOOKMARK [3][-]{subsubsection.11.91.3.3}{\376\377\0001\0001\000.\0009\0001\000.\0003\000.\0003\000\040\000m\000\137\000m\000a\000y\000\137\000f\000a\000i\000l}{subsection.11.91.3}% 838
\BOOKMARK [3][-]{subsubsection.11.91.3.4}{\376\377\0001\0001\000.\0009\0001\000.\0003\000.\0004\000\040\000m\000\137\000n\000o\000\137\000b\000r\000e\000a\000k\000s}{subsection.11.91.3}% 839
\BOOKMARK [3][-]{subsubsection.11.91.3.5}{\376\377\0001\0001\000.\0009\0001\000.\0003\000.\0005\000\040\000m\000\137\000n\000o\000\137\000o\000u\000t\000p\000u\000t}{subsection.11.91.3}% 840
\BOOKMARK [3][-]{subsubsection.11.91.3.6}{\376\377\0001\0001\000.\0009\0001\000.\0003\000.\0006\000\040\000m\000\137\000s\000h\000o\000u\000l\000d\000\137\000f\000a\000i\000l}{subsection.11.91.3}% 841
\BOOKMARK [3][-]{subsubsection.11.91.3.7}{\376\377\0001\0001\000.\0009\0001\000.\0003\000.\0007\000\040\000m\000\137\000s\000k\000i\000p}{subsection.11.91.3}% 842
\BOOKMARK [3][-]{subsubsection.11.91.3.8}{\376\377\0001\0001\000.\0009\0001\000.\0003\000.\0008\000\040\000m\000\137\000t\000e\000s\000t\000\137\000s\000u\000i\000t\000e}{subsection.11.91.3}% 843
\BOOKMARK [3][-]{subsubsection.11.91.3.9}{\376\377\0001\0001\000.\0009\0001\000.\0003\000.\0009\000\040\000m\000\137\000t\000i\000m\000e\000o\000u\000t}{subsection.11.91.3}% 844
\BOOKMARK [1][-]{section.11.92}{\376\377\0001\0001\000.\0009\0002\000\040\000d\000o\000c\000t\000e\000s\000t\000:\000:\000d\000e\000t\000a\000i\000l\000:\000:\000t\000y\000p\000e\000s\000:\000:\000t\000r\000u\000e\000\137\000t\000y\000p\000e\000\040\000S\000t\000r\000u\000c\000t\000\040\000R\000e\000f\000e\000r\000e\000n\000c\000e}{chapter.11}% 845
\BOOKMARK [2][-]{subsection.11.92.1}{\376\377\0001\0001\000.\0009\0002\000.\0001\000\040\000D\000e\000t\000a\000i\000l\000e\000d\000\040\000D\000e\000s\000c\000r\000i\000p\000t\000i\000o\000n}{section.11.92}% 846
\BOOKMARK [2][-]{subsection.11.92.2}{\376\377\0001\0001\000.\0009\0002\000.\0002\000\040\000M\000e\000m\000b\000e\000r\000\040\000D\000a\000t\000a\000\040\000D\000o\000c\000u\000m\000e\000n\000t\000a\000t\000i\000o\000n}{section.11.92}% 847
\BOOKMARK [3][-]{subsubsection.11.92.2.1}{\376\377\0001\0001\000.\0009\0002\000.\0002\000.\0001\000\040\000v\000a\000l\000u\000e}{subsection.11.92.2}% 848
\BOOKMARK [1][-]{section.11.93}{\376\377\0001\0001\000.\0009\0003\000\040\000s\000t\000d\000:\000:\000t\000u\000p\000l\000e\000<\000\040\000T\000y\000p\000e\000s\000\040\000>\000\040\000C\000l\000a\000s\000s\000\040\000T\000e\000m\000p\000l\000a\000t\000e\000\040\000R\000e\000f\000e\000r\000e\000n\000c\000e}{chapter.11}% 849
\BOOKMARK [2][-]{subsection.11.93.1}{\376\377\0001\0001\000.\0009\0003\000.\0001\000\040\000D\000e\000t\000a\000i\000l\000e\000d\000\040\000D\000e\000s\000c\000r\000i\000p\000t\000i\000o\000n}{section.11.93}% 850
\BOOKMARK [1][-]{section.11.94}{\376\377\0001\0001\000.\0009\0004\000\040\000d\000o\000c\000t\000e\000s\000t\000:\000:\000d\000e\000t\000a\000i\000l\000:\000:\000t\000y\000p\000e\000s\000:\000:\000u\000n\000d\000e\000r\000l\000y\000i\000n\000g\000\137\000t\000y\000p\000e\000<\000\040\000T\000\040\000>\000\040\000S\000t\000r\000u\000c\000t\000\040\000T\000e\000m\000p\000l\000a\000t\000e\000\040\000R\000e\000f\000e\000r\000e\000n\000c\000e}{chapter.11}% 851
\BOOKMARK [2][-]{subsection.11.94.1}{\376\377\0001\0001\000.\0009\0004\000.\0001\000\040\000D\000e\000t\000a\000i\000l\000e\000d\000\040\000D\000e\000s\000c\000r\000i\000p\000t\000i\000o\000n}{section.11.94}% 852
\BOOKMARK [2][-]{subsection.11.94.2}{\376\377\0001\0001\000.\0009\0004\000.\0002\000\040\000M\000e\000m\000b\000e\000r\000\040\000T\000y\000p\000e\000d\000e\000f\000\040\000D\000o\000c\000u\000m\000e\000n\000t\000a\000t\000i\000o\000n}{section.11.94}% 853
\BOOKMARK [3][-]{subsubsection.11.94.2.1}{\376\377\0001\0001\000.\0009\0004\000.\0002\000.\0001\000\040\000t\000y\000p\000e}{subsection.11.94.2}% 854
\BOOKMARK [1][-]{section.11.95}{\376\377\0001\0001\000.\0009\0005\000\040\000U\000s\000u\000a\000r\000i\000o\000\040\000C\000l\000a\000s\000s\000\040\000R\000e\000f\000e\000r\000e\000n\000c\000e}{chapter.11}% 855
\BOOKMARK [2][-]{subsection.11.95.1}{\376\377\0001\0001\000.\0009\0005\000.\0001\000\040\000D\000e\000t\000a\000i\000l\000e\000d\000\040\000D\000e\000s\000c\000r\000i\000p\000t\000i\000o\000n}{section.11.95}% 856
\BOOKMARK [2][-]{subsection.11.95.2}{\376\377\0001\0001\000.\0009\0005\000.\0002\000\040\000C\000o\000n\000s\000t\000r\000u\000c\000t\000o\000r\000\040\000\046\000\040\000D\000e\000s\000t\000r\000u\000c\000t\000o\000r\000\040\000D\000o\000c\000u\000m\000e\000n\000t\000a\000t\000i\000o\000n}{section.11.95}% 857
\BOOKMARK [3][-]{subsubsection.11.95.2.1}{\376\377\0001\0001\000.\0009\0005\000.\0002\000.\0001\000\040\000U\000s\000u\000a\000r\000i\000o\000\050\000\051}{subsection.11.95.2}% 858
\BOOKMARK [2][-]{subsection.11.95.3}{\376\377\0001\0001\000.\0009\0005\000.\0003\000\040\000M\000e\000m\000b\000e\000r\000\040\000F\000u\000n\000c\000t\000i\000o\000n\000\040\000D\000o\000c\000u\000m\000e\000n\000t\000a\000t\000i\000o\000n}{section.11.95}% 859
\BOOKMARK [3][-]{subsubsection.11.95.3.1}{\376\377\0001\0001\000.\0009\0005\000.\0003\000.\0001\000\040\000G\000e\000t\000C\000a\000r\000g\000o\000\050\000\051\000\040\000[\0001\000/\0002\000]}{subsection.11.95.3}% 860
\BOOKMARK [3][-]{subsubsection.11.95.3.2}{\376\377\0001\0001\000.\0009\0005\000.\0003\000.\0002\000\040\000G\000e\000t\000C\000a\000r\000g\000o\000\050\000\051\000\040\000[\0002\000/\0002\000]}{subsection.11.95.3}% 861
\BOOKMARK [3][-]{subsubsection.11.95.3.3}{\376\377\0001\0001\000.\0009\0005\000.\0003\000.\0003\000\040\000G\000e\000t\000L\000o\000g\000i\000n\000\050\000\051}{subsection.11.95.3}% 862
\BOOKMARK [3][-]{subsubsection.11.95.3.4}{\376\377\0001\0001\000.\0009\0005\000.\0003\000.\0004\000\040\000G\000e\000t\000S\000e\000n\000h\000a\000\050\000\051}{subsection.11.95.3}% 863
\BOOKMARK [3][-]{subsubsection.11.95.3.5}{\376\377\0001\0001\000.\0009\0005\000.\0003\000.\0005\000\040\000V\000a\000l\000i\000d\000a\000r\000S\000e\000n\000h\000a\000\050\000\051}{subsection.11.95.3}% 864
\BOOKMARK [1][-]{section.11.96}{\376\377\0001\0001\000.\0009\0006\000\040\000V\000a\000l\000v\000u\000l\000a\000\040\000C\000l\000a\000s\000s\000\040\000R\000e\000f\000e\000r\000e\000n\000c\000e}{chapter.11}% 865
\BOOKMARK [2][-]{subsection.11.96.1}{\376\377\0001\0001\000.\0009\0006\000.\0001\000\040\000D\000e\000t\000a\000i\000l\000e\000d\000\040\000D\000e\000s\000c\000r\000i\000p\000t\000i\000o\000n}{section.11.96}% 866
\BOOKMARK [2][-]{subsection.11.96.2}{\376\377\0001\0001\000.\0009\0006\000.\0002\000\040\000C\000o\000n\000s\000t\000r\000u\000c\000t\000o\000r\000\040\000\046\000\040\000D\000e\000s\000t\000r\000u\000c\000t\000o\000r\000\040\000D\000o\000c\000u\000m\000e\000n\000t\000a\000t\000i\000o\000n}{section.11.96}% 867
\BOOKMARK [3][-]{subsubsection.11.96.2.1}{\376\377\0001\0001\000.\0009\0006\000.\0002\000.\0001\000\040\000V\000a\000l\000v\000u\000l\000a\000\050\000\051}{subsection.11.96.2}% 868
\BOOKMARK [3][-]{subsubsection.11.96.2.2}{\376\377\0001\0001\000.\0009\0006\000.\0002\000.\0002\000\040\000~\000V\000a\000l\000v\000u\000l\000a\000\050\000\051}{subsection.11.96.2}% 869
\BOOKMARK [2][-]{subsection.11.96.3}{\376\377\0001\0001\000.\0009\0006\000.\0003\000\040\000M\000e\000m\000b\000e\000r\000\040\000F\000u\000n\000c\000t\000i\000o\000n\000\040\000D\000o\000c\000u\000m\000e\000n\000t\000a\000t\000i\000o\000n}{section.11.96}% 870
\BOOKMARK [3][-]{subsubsection.11.96.3.1}{\376\377\0001\0001\000.\0009\0006\000.\0003\000.\0001\000\040\000T\000i\000p\000o\000\050\000\051}{subsection.11.96.3}% 871
\BOOKMARK [0][-]{chapter.12}{\376\377\0001\0002\000\040\000F\000i\000l\000e\000\040\000D\000o\000c\000u\000m\000e\000n\000t\000a\000t\000i\000o\000n}{}% 872
\BOOKMARK [1][-]{section.12.1}{\376\377\0001\0002\000.\0001\000\040\000d\000e\000s\000i\000g\000n\000/\000n\000o\000t\000a\000s\000-\000C\0006\000.\000m\000d\000\040\000F\000i\000l\000e\000\040\000R\000e\000f\000e\000r\000e\000n\000c\000e}{chapter.12}% 873
\BOOKMARK [1][-]{section.12.2}{\376\377\0001\0002\000.\0002\000\040\000d\000e\000s\000i\000g\000n\000/\000n\000o\000t\000a\000s\000-\000C\0007\000.\000m\000d\000\040\000F\000i\000l\000e\000\040\000R\000e\000f\000e\000r\000e\000n\000c\000e}{chapter.12}% 874
\BOOKMARK [1][-]{section.12.3}{\376\377\0001\0002\000.\0003\000\040\000i\000n\000c\000l\000u\000d\000e\000/\000A\000l\000a\000r\000m\000e\000.\000h\000p\000p\000\040\000F\000i\000l\000e\000\040\000R\000e\000f\000e\000r\000e\000n\000c\000e}{chapter.12}% 875
\BOOKMARK [1][-]{section.12.4}{\376\377\0001\0002\000.\0004\000\040\000A\000l\000a\000r\000m\000e\000.\000h\000p\000p}{chapter.12}% 876
\BOOKMARK [1][-]{section.12.5}{\376\377\0001\0002\000.\0005\000\040\000i\000n\000c\000l\000u\000d\000e\000/\000A\000t\000u\000a\000d\000o\000r\000.\000h\000p\000p\000\040\000F\000i\000l\000e\000\040\000R\000e\000f\000e\000r\000e\000n\000c\000e}{chapter.12}% 877
\BOOKMARK [1][-]{section.12.6}{\376\377\0001\0002\000.\0006\000\040\000A\000t\000u\000a\000d\000o\000r\000.\000h\000p\000p}{chapter.12}% 878
\BOOKMARK [1][-]{section.12.7}{\376\377\0001\0002\000.\0007\000\040\000i\000n\000c\000l\000u\000d\000e\000/\000C\000a\000r\000g\000o\000.\000h\000p\000p\000\040\000F\000i\000l\000e\000\040\000R\000e\000f\000e\000r\000e\000n\000c\000e}{chapter.12}% 879
\BOOKMARK [2][-]{subsection.12.7.1}{\376\377\0001\0002\000.\0007\000.\0001\000\040\000E\000n\000u\000m\000e\000r\000a\000t\000i\000o\000n\000\040\000T\000y\000p\000e\000\040\000D\000o\000c\000u\000m\000e\000n\000t\000a\000t\000i\000o\000n}{section.12.7}% 880
\BOOKMARK [3][-]{subsubsection.12.7.1.1}{\376\377\0001\0002\000.\0007\000.\0001\000.\0001\000\040\000C\000a\000r\000g\000o}{subsection.12.7.1}% 881
\BOOKMARK [1][-]{section.12.8}{\376\377\0001\0002\000.\0008\000\040\000C\000a\000r\000g\000o\000.\000h\000p\000p}{chapter.12}% 882
\BOOKMARK [1][-]{section.12.9}{\376\377\0001\0002\000.\0009\000\040\000i\000n\000c\000l\000u\000d\000e\000/\000C\000o\000n\000j\000u\000n\000t\000o\000.\000h\000p\000p\000\040\000F\000i\000l\000e\000\040\000R\000e\000f\000e\000r\000e\000n\000c\000e}{chapter.12}% 883
\BOOKMARK [1][-]{section.12.10}{\376\377\0001\0002\000.\0001\0000\000\040\000C\000o\000n\000j\000u\000n\000t\000o\000.\000h\000p\000p}{chapter.12}% 884
\BOOKMARK [1][-]{section.12.11}{\376\377\0001\0002\000.\0001\0001\000\040\000i\000n\000c\000l\000u\000d\000e\000/\000D\000e\000p\000e\000n\000d\000e\000n\000c\000i\000a\000.\000h\000p\000p\000\040\000F\000i\000l\000e\000\040\000R\000e\000f\000e\000r\000e\000n\000c\000e}{chapter.12}% 885
\BOOKMARK [1][-]{section.12.12}{\376\377\0001\0002\000.\0001\0002\000\040\000D\000e\000p\000e\000n\000d\000e\000n\000c\000i\000a\000.\000h\000p\000p}{chapter.12}% 886
\BOOKMARK [1][-]{section.12.13}{\376\377\0001\0002\000.\0001\0003\000\040\000i\000n\000c\000l\000u\000d\000e\000/\000E\000q\000u\000i\000p\000a\000m\000e\000n\000t\000o\000.\000h\000p\000p\000\040\000F\000i\000l\000e\000\040\000R\000e\000f\000e\000r\000e\000n\000c\000e}{chapter.12}% 887
\BOOKMARK [1][-]{section.12.14}{\376\377\0001\0002\000.\0001\0004\000\040\000E\000q\000u\000i\000p\000a\000m\000e\000n\000t\000o\000.\000h\000p\000p}{chapter.12}% 888
\BOOKMARK [1][-]{section.12.15}{\376\377\0001\0002\000.\0001\0005\000\040\000i\000n\000c\000l\000u\000d\000e\000/\000E\000s\000t\000a\000d\000o\000O\000p\000e\000r\000a\000c\000i\000o\000n\000a\000l\000.\000h\000p\000p\000\040\000F\000i\000l\000e\000\040\000R\000e\000f\000e\000r\000e\000n\000c\000e}{chapter.12}% 889
\BOOKMARK [2][-]{subsection.12.15.1}{\376\377\0001\0002\000.\0001\0005\000.\0001\000\040\000E\000n\000u\000m\000e\000r\000a\000t\000i\000o\000n\000\040\000T\000y\000p\000e\000\040\000D\000o\000c\000u\000m\000e\000n\000t\000a\000t\000i\000o\000n}{section.12.15}% 890
\BOOKMARK [3][-]{subsubsection.12.15.1.1}{\376\377\0001\0002\000.\0001\0005\000.\0001\000.\0001\000\040\000E\000s\000t\000a\000d\000o\000O\000p\000e\000r\000a\000c\000i\000o\000n\000a\000l}{subsection.12.15.1}% 891
\BOOKMARK [1][-]{section.12.16}{\376\377\0001\0002\000.\0001\0006\000\040\000E\000s\000t\000a\000d\000o\000O\000p\000e\000r\000a\000c\000i\000o\000n\000a\000l\000.\000h\000p\000p}{chapter.12}% 892
\BOOKMARK [1][-]{section.12.17}{\376\377\0001\0002\000.\0001\0007\000\040\000i\000n\000c\000l\000u\000d\000e\000/\000E\000x\000c\000e\000c\000o\000e\000s\000.\000h\000p\000p\000\040\000F\000i\000l\000e\000\040\000R\000e\000f\000e\000r\000e\000n\000c\000e}{chapter.12}% 893
\BOOKMARK [1][-]{section.12.18}{\376\377\0001\0002\000.\0001\0008\000\040\000E\000x\000c\000e\000c\000o\000e\000s\000.\000h\000p\000p}{chapter.12}% 894
\BOOKMARK [1][-]{section.12.19}{\376\377\0001\0002\000.\0001\0009\000\040\000i\000n\000c\000l\000u\000d\000e\000/\000L\000i\000n\000h\000a\000D\000e\000P\000r\000o\000d\000u\000c\000a\000o\000.\000h\000p\000p\000\040\000F\000i\000l\000e\000\040\000R\000e\000f\000e\000r\000e\000n\000c\000e}{chapter.12}% 895
\BOOKMARK [1][-]{section.12.20}{\376\377\0001\0002\000.\0002\0000\000\040\000L\000i\000n\000h\000a\000D\000e\000P\000r\000o\000d\000u\000c\000a\000o\000.\000h\000p\000p}{chapter.12}% 896
\BOOKMARK [1][-]{section.12.21}{\376\377\0001\0002\000.\0002\0001\000\040\000i\000n\000c\000l\000u\000d\000e\000/\000L\000o\000g\000.\000h\000p\000p\000\040\000F\000i\000l\000e\000\040\000R\000e\000f\000e\000r\000e\000n\000c\000e}{chapter.12}% 897
\BOOKMARK [1][-]{section.12.22}{\376\377\0001\0002\000.\0002\0002\000\040\000L\000o\000g\000.\000h\000p\000p}{chapter.12}% 898
\BOOKMARK [1][-]{section.12.23}{\376\377\0001\0002\000.\0002\0003\000\040\000i\000n\000c\000l\000u\000d\000e\000/\000M\000o\000t\000o\000r\000.\000h\000p\000p\000\040\000F\000i\000l\000e\000\040\000R\000e\000f\000e\000r\000e\000n\000c\000e}{chapter.12}% 899
\BOOKMARK [1][-]{section.12.24}{\376\377\0001\0002\000.\0002\0004\000\040\000M\000o\000t\000o\000r\000.\000h\000p\000p}{chapter.12}% 900
\BOOKMARK [1][-]{section.12.25}{\376\377\0001\0002\000.\0002\0005\000\040\000i\000n\000c\000l\000u\000d\000e\000/\000P\000a\000r\000a\000m\000e\000t\000r\000o\000.\000h\000p\000p\000\040\000F\000i\000l\000e\000\040\000R\000e\000f\000e\000r\000e\000n\000c\000e}{chapter.12}% 901
\BOOKMARK [1][-]{section.12.26}{\376\377\0001\0002\000.\0002\0006\000\040\000P\000a\000r\000a\000m\000e\000t\000r\000o\000.\000h\000p\000p}{chapter.12}% 902
\BOOKMARK [1][-]{section.12.27}{\376\377\0001\0002\000.\0002\0007\000\040\000i\000n\000c\000l\000u\000d\000e\000/\000S\000e\000n\000s\000o\000r\000.\000h\000p\000p\000\040\000F\000i\000l\000e\000\040\000R\000e\000f\000e\000r\000e\000n\000c\000e}{chapter.12}% 903
\BOOKMARK [1][-]{section.12.28}{\376\377\0001\0002\000.\0002\0008\000\040\000S\000e\000n\000s\000o\000r\000.\000h\000p\000p}{chapter.12}% 904
\BOOKMARK [1][-]{section.12.29}{\376\377\0001\0002\000.\0002\0009\000\040\000i\000n\000c\000l\000u\000d\000e\000/\000S\000i\000s\000t\000e\000m\000a\000.\000h\000p\000p\000\040\000F\000i\000l\000e\000\040\000R\000e\000f\000e\000r\000e\000n\000c\000e}{chapter.12}% 905
\BOOKMARK [1][-]{section.12.30}{\376\377\0001\0002\000.\0003\0000\000\040\000S\000i\000s\000t\000e\000m\000a\000.\000h\000p\000p}{chapter.12}% 906
\BOOKMARK [1][-]{section.12.31}{\376\377\0001\0002\000.\0003\0001\000\040\000i\000n\000c\000l\000u\000d\000e\000/\000U\000s\000u\000a\000r\000i\000o\000.\000h\000p\000p\000\040\000F\000i\000l\000e\000\040\000R\000e\000f\000e\000r\000e\000n\000c\000e}{chapter.12}% 907
\BOOKMARK [1][-]{section.12.32}{\376\377\0001\0002\000.\0003\0002\000\040\000U\000s\000u\000a\000r\000i\000o\000.\000h\000p\000p}{chapter.12}% 908
\BOOKMARK [1][-]{section.12.33}{\376\377\0001\0002\000.\0003\0003\000\040\000i\000n\000c\000l\000u\000d\000e\000/\000V\000a\000l\000v\000u\000l\000a\000.\000h\000p\000p\000\040\000F\000i\000l\000e\000\040\000R\000e\000f\000e\000r\000e\000n\000c\000e}{chapter.12}% 909
\BOOKMARK [1][-]{section.12.34}{\376\377\0001\0002\000.\0003\0004\000\040\000V\000a\000l\000v\000u\000l\000a\000.\000h\000p\000p}{chapter.12}% 910
\BOOKMARK [1][-]{section.12.35}{\376\377\0001\0002\000.\0003\0005\000\040\000R\000E\000A\000D\000M\000E\000.\000m\000d\000\040\000F\000i\000l\000e\000\040\000R\000e\000f\000e\000r\000e\000n\000c\000e}{chapter.12}% 911
\BOOKMARK [1][-]{section.12.36}{\376\377\0001\0002\000.\0003\0006\000\040\000s\000r\000c\000/\000A\000l\000a\000r\000m\000e\000.\000c\000p\000p\000\040\000F\000i\000l\000e\000\040\000R\000e\000f\000e\000r\000e\000n\000c\000e}{chapter.12}% 912
\BOOKMARK [1][-]{section.12.37}{\376\377\0001\0002\000.\0003\0007\000\040\000A\000l\000a\000r\000m\000e\000.\000c\000p\000p}{chapter.12}% 913
\BOOKMARK [1][-]{section.12.38}{\376\377\0001\0002\000.\0003\0008\000\040\000s\000r\000c\000/\000A\000t\000u\000a\000d\000o\000r\000.\000c\000p\000p\000\040\000F\000i\000l\000e\000\040\000R\000e\000f\000e\000r\000e\000n\000c\000e}{chapter.12}% 914
\BOOKMARK [1][-]{section.12.39}{\376\377\0001\0002\000.\0003\0009\000\040\000A\000t\000u\000a\000d\000o\000r\000.\000c\000p\000p}{chapter.12}% 915
\BOOKMARK [1][-]{section.12.40}{\376\377\0001\0002\000.\0004\0000\000\040\000s\000r\000c\000/\000C\000o\000n\000j\000u\000n\000t\000o\000.\000c\000p\000p\000\040\000F\000i\000l\000e\000\040\000R\000e\000f\000e\000r\000e\000n\000c\000e}{chapter.12}% 916
\BOOKMARK [1][-]{section.12.41}{\376\377\0001\0002\000.\0004\0001\000\040\000C\000o\000n\000j\000u\000n\000t\000o\000.\000c\000p\000p}{chapter.12}% 917
\BOOKMARK [1][-]{section.12.42}{\376\377\0001\0002\000.\0004\0002\000\040\000s\000r\000c\000/\000D\000e\000p\000e\000n\000d\000e\000n\000c\000i\000a\000.\000c\000p\000p\000\040\000F\000i\000l\000e\000\040\000R\000e\000f\000e\000r\000e\000n\000c\000e}{chapter.12}% 918
\BOOKMARK [1][-]{section.12.43}{\376\377\0001\0002\000.\0004\0003\000\040\000D\000e\000p\000e\000n\000d\000e\000n\000c\000i\000a\000.\000c\000p\000p}{chapter.12}% 919
\BOOKMARK [1][-]{section.12.44}{\376\377\0001\0002\000.\0004\0004\000\040\000s\000r\000c\000/\000E\000q\000u\000i\000p\000a\000m\000e\000n\000t\000o\000.\000c\000p\000p\000\040\000F\000i\000l\000e\000\040\000R\000e\000f\000e\000r\000e\000n\000c\000e}{chapter.12}% 920
\BOOKMARK [1][-]{section.12.45}{\376\377\0001\0002\000.\0004\0005\000\040\000E\000q\000u\000i\000p\000a\000m\000e\000n\000t\000o\000.\000c\000p\000p}{chapter.12}% 921
\BOOKMARK [1][-]{section.12.46}{\376\377\0001\0002\000.\0004\0006\000\040\000s\000r\000c\000/\000L\000i\000n\000h\000a\000D\000e\000P\000r\000o\000d\000u\000c\000a\000o\000.\000c\000p\000p\000\040\000F\000i\000l\000e\000\040\000R\000e\000f\000e\000r\000e\000n\000c\000e}{chapter.12}% 922
\BOOKMARK [1][-]{section.12.47}{\376\377\0001\0002\000.\0004\0007\000\040\000L\000i\000n\000h\000a\000D\000e\000P\000r\000o\000d\000u\000c\000a\000o\000.\000c\000p\000p}{chapter.12}% 923
\BOOKMARK [1][-]{section.12.48}{\376\377\0001\0002\000.\0004\0008\000\040\000s\000r\000c\000/\000L\000o\000g\000.\000c\000p\000p\000\040\000F\000i\000l\000e\000\040\000R\000e\000f\000e\000r\000e\000n\000c\000e}{chapter.12}% 924
\BOOKMARK [1][-]{section.12.49}{\376\377\0001\0002\000.\0004\0009\000\040\000L\000o\000g\000.\000c\000p\000p}{chapter.12}% 925
\BOOKMARK [1][-]{section.12.50}{\376\377\0001\0002\000.\0005\0000\000\040\000s\000r\000c\000/\000m\000a\000i\000n\000.\000c\000p\000p\000\040\000F\000i\000l\000e\000\040\000R\000e\000f\000e\000r\000e\000n\000c\000e}{chapter.12}% 926
\BOOKMARK [2][-]{subsection.12.50.1}{\376\377\0001\0002\000.\0005\0000\000.\0001\000\040\000F\000u\000n\000c\000t\000i\000o\000n\000\040\000D\000o\000c\000u\000m\000e\000n\000t\000a\000t\000i\000o\000n}{section.12.50}% 927
\BOOKMARK [3][-]{subsubsection.12.50.1.1}{\376\377\0001\0002\000.\0005\0000\000.\0001\000.\0001\000\040\000m\000a\000i\000n\000\050\000\051}{subsection.12.50.1}% 928
\BOOKMARK [1][-]{section.12.51}{\376\377\0001\0002\000.\0005\0001\000\040\000m\000a\000i\000n\000.\000c\000p\000p}{chapter.12}% 929
\BOOKMARK [1][-]{section.12.52}{\376\377\0001\0002\000.\0005\0002\000\040\000s\000r\000c\000/\000M\000o\000t\000o\000r\000.\000c\000p\000p\000\040\000F\000i\000l\000e\000\040\000R\000e\000f\000e\000r\000e\000n\000c\000e}{chapter.12}% 930
\BOOKMARK [1][-]{section.12.53}{\376\377\0001\0002\000.\0005\0003\000\040\000M\000o\000t\000o\000r\000.\000c\000p\000p}{chapter.12}% 931
\BOOKMARK [1][-]{section.12.54}{\376\377\0001\0002\000.\0005\0004\000\040\000s\000r\000c\000/\000P\000a\000r\000a\000m\000e\000t\000r\000o\000.\000c\000p\000p\000\040\000F\000i\000l\000e\000\040\000R\000e\000f\000e\000r\000e\000n\000c\000e}{chapter.12}% 932
\BOOKMARK [1][-]{section.12.55}{\376\377\0001\0002\000.\0005\0005\000\040\000P\000a\000r\000a\000m\000e\000t\000r\000o\000.\000c\000p\000p}{chapter.12}% 933
\BOOKMARK [1][-]{section.12.56}{\376\377\0001\0002\000.\0005\0006\000\040\000s\000r\000c\000/\000S\000e\000n\000s\000o\000r\000.\000c\000p\000p\000\040\000F\000i\000l\000e\000\040\000R\000e\000f\000e\000r\000e\000n\000c\000e}{chapter.12}% 934
\BOOKMARK [1][-]{section.12.57}{\376\377\0001\0002\000.\0005\0007\000\040\000S\000e\000n\000s\000o\000r\000.\000c\000p\000p}{chapter.12}% 935
\BOOKMARK [1][-]{section.12.58}{\376\377\0001\0002\000.\0005\0008\000\040\000s\000r\000c\000/\000S\000i\000s\000t\000e\000m\000a\000.\000c\000p\000p\000\040\000F\000i\000l\000e\000\040\000R\000e\000f\000e\000r\000e\000n\000c\000e}{chapter.12}% 936
\BOOKMARK [1][-]{section.12.59}{\376\377\0001\0002\000.\0005\0009\000\040\000S\000i\000s\000t\000e\000m\000a\000.\000c\000p\000p}{chapter.12}% 937
\BOOKMARK [1][-]{section.12.60}{\376\377\0001\0002\000.\0006\0000\000\040\000s\000r\000c\000/\000U\000s\000u\000a\000r\000i\000o\000.\000c\000p\000p\000\040\000F\000i\000l\000e\000\040\000R\000e\000f\000e\000r\000e\000n\000c\000e}{chapter.12}% 938
\BOOKMARK [1][-]{section.12.61}{\376\377\0001\0002\000.\0006\0001\000\040\000U\000s\000u\000a\000r\000i\000o\000.\000c\000p\000p}{chapter.12}% 939
\BOOKMARK [1][-]{section.12.62}{\376\377\0001\0002\000.\0006\0002\000\040\000s\000r\000c\000/\000V\000a\000l\000v\000u\000l\000a\000.\000c\000p\000p\000\040\000F\000i\000l\000e\000\040\000R\000e\000f\000e\000r\000e\000n\000c\000e}{chapter.12}% 940
\BOOKMARK [1][-]{section.12.63}{\376\377\0001\0002\000.\0006\0003\000\040\000V\000a\000l\000v\000u\000l\000a\000.\000c\000p\000p}{chapter.12}% 941
\BOOKMARK [1][-]{section.12.64}{\376\377\0001\0002\000.\0006\0004\000\040\000t\000e\000s\000t\000s\000/\000d\000o\000c\000t\000e\000s\000t\000.\000h\000\040\000F\000i\000l\000e\000\040\000R\000e\000f\000e\000r\000e\000n\000c\000e}{chapter.12}% 942
\BOOKMARK [2][-]{subsection.12.64.1}{\376\377\0001\0002\000.\0006\0004\000.\0001\000\040\000M\000a\000c\000r\000o\000\040\000D\000e\000f\000i\000n\000i\000t\000i\000o\000n\000\040\000D\000o\000c\000u\000m\000e\000n\000t\000a\000t\000i\000o\000n}{section.12.64}% 943
\BOOKMARK [3][-]{subsubsection.12.64.1.1}{\376\377\0001\0002\000.\0006\0004\000.\0001\000.\0001\000\040\000A\000D\000D\000\137\000F\000A\000I\000L\000\137\000A\000T}{subsection.12.64.1}% 944
\BOOKMARK [3][-]{subsubsection.12.64.1.2}{\376\377\0001\0002\000.\0006\0004\000.\0001\000.\0002\000\040\000A\000D\000D\000\137\000F\000A\000I\000L\000\137\000C\000H\000E\000C\000K\000\137\000A\000T}{subsection.12.64.1}% 945
\BOOKMARK [3][-]{subsubsection.12.64.1.3}{\376\377\0001\0002\000.\0006\0004\000.\0001\000.\0003\000\040\000A\000D\000D\000\137\000M\000E\000S\000S\000A\000G\000E\000\137\000A\000T}{subsection.12.64.1}% 946
\BOOKMARK [3][-]{subsubsection.12.64.1.4}{\376\377\0001\0002\000.\0006\0004\000.\0001\000.\0004\000\040\000A\000N\000D\000\137\000G\000I\000V\000E\000N}{subsection.12.64.1}% 947
\BOOKMARK [3][-]{subsubsection.12.64.1.5}{\376\377\0001\0002\000.\0006\0004\000.\0001\000.\0005\000\040\000A\000N\000D\000\137\000T\000H\000E\000N}{subsection.12.64.1}% 948
\BOOKMARK [3][-]{subsubsection.12.64.1.6}{\376\377\0001\0002\000.\0006\0004\000.\0001\000.\0006\000\040\000A\000N\000D\000\137\000W\000H\000E\000N}{subsection.12.64.1}% 949
\BOOKMARK [3][-]{subsubsection.12.64.1.7}{\376\377\0001\0002\000.\0006\0004\000.\0001\000.\0007\000\040\000C\000A\000P\000T\000U\000R\000E}{subsection.12.64.1}% 950
\BOOKMARK [3][-]{subsubsection.12.64.1.8}{\376\377\0001\0002\000.\0006\0004\000.\0001\000.\0008\000\040\000C\000H\000E\000C\000K}{subsection.12.64.1}% 951
\BOOKMARK [3][-]{subsubsection.12.64.1.9}{\376\377\0001\0002\000.\0006\0004\000.\0001\000.\0009\000\040\000C\000H\000E\000C\000K\000\137\000E\000Q}{subsection.12.64.1}% 952
\BOOKMARK [3][-]{subsubsection.12.64.1.10}{\376\377\0001\0002\000.\0006\0004\000.\0001\000.\0001\0000\000\040\000C\000H\000E\000C\000K\000\137\000F\000A\000L\000S\000E}{subsection.12.64.1}% 953
\BOOKMARK [3][-]{subsubsection.12.64.1.11}{\376\377\0001\0002\000.\0006\0004\000.\0001\000.\0001\0001\000\040\000C\000H\000E\000C\000K\000\137\000F\000A\000L\000S\000E\000\137\000M\000E\000S\000S\000A\000G\000E}{subsection.12.64.1}% 954
\BOOKMARK [3][-]{subsubsection.12.64.1.12}{\376\377\0001\0002\000.\0006\0004\000.\0001\000.\0001\0002\000\040\000C\000H\000E\000C\000K\000\137\000G\000E}{subsection.12.64.1}% 955
\BOOKMARK [3][-]{subsubsection.12.64.1.13}{\376\377\0001\0002\000.\0006\0004\000.\0001\000.\0001\0003\000\040\000C\000H\000E\000C\000K\000\137\000G\000T}{subsection.12.64.1}% 956
\BOOKMARK [3][-]{subsubsection.12.64.1.14}{\376\377\0001\0002\000.\0006\0004\000.\0001\000.\0001\0004\000\040\000C\000H\000E\000C\000K\000\137\000L\000E}{subsection.12.64.1}% 957
\BOOKMARK [3][-]{subsubsection.12.64.1.15}{\376\377\0001\0002\000.\0006\0004\000.\0001\000.\0001\0005\000\040\000C\000H\000E\000C\000K\000\137\000L\000T}{subsection.12.64.1}% 958
\BOOKMARK [3][-]{subsubsection.12.64.1.16}{\376\377\0001\0002\000.\0006\0004\000.\0001\000.\0001\0006\000\040\000C\000H\000E\000C\000K\000\137\000M\000E\000S\000S\000A\000G\000E}{subsection.12.64.1}% 959
\BOOKMARK [3][-]{subsubsection.12.64.1.17}{\376\377\0001\0002\000.\0006\0004\000.\0001\000.\0001\0007\000\040\000C\000H\000E\000C\000K\000\137\000N\000E}{subsection.12.64.1}% 960
\BOOKMARK [3][-]{subsubsection.12.64.1.18}{\376\377\0001\0002\000.\0006\0004\000.\0001\000.\0001\0008\000\040\000C\000H\000E\000C\000K\000\137\000N\000O\000T\000H\000R\000O\000W}{subsection.12.64.1}% 961
\BOOKMARK [3][-]{subsubsection.12.64.1.19}{\376\377\0001\0002\000.\0006\0004\000.\0001\000.\0001\0009\000\040\000C\000H\000E\000C\000K\000\137\000N\000O\000T\000H\000R\000O\000W\000\137\000M\000E\000S\000S\000A\000G\000E}{subsection.12.64.1}% 962
\BOOKMARK [3][-]{subsubsection.12.64.1.20}{\376\377\0001\0002\000.\0006\0004\000.\0001\000.\0002\0000\000\040\000C\000H\000E\000C\000K\000\137\000T\000H\000R\000O\000W\000S}{subsection.12.64.1}% 963
\BOOKMARK [3][-]{subsubsection.12.64.1.21}{\376\377\0001\0002\000.\0006\0004\000.\0001\000.\0002\0001\000\040\000C\000H\000E\000C\000K\000\137\000T\000H\000R\000O\000W\000S\000\137\000A\000S}{subsection.12.64.1}% 964
\BOOKMARK [3][-]{subsubsection.12.64.1.22}{\376\377\0001\0002\000.\0006\0004\000.\0001\000.\0002\0002\000\040\000C\000H\000E\000C\000K\000\137\000T\000H\000R\000O\000W\000S\000\137\000A\000S\000\137\000M\000E\000S\000S\000A\000G\000E}{subsection.12.64.1}% 965
\BOOKMARK [3][-]{subsubsection.12.64.1.23}{\376\377\0001\0002\000.\0006\0004\000.\0001\000.\0002\0003\000\040\000C\000H\000E\000C\000K\000\137\000T\000H\000R\000O\000W\000S\000\137\000M\000E\000S\000S\000A\000G\000E}{subsection.12.64.1}% 966
\BOOKMARK [3][-]{subsubsection.12.64.1.24}{\376\377\0001\0002\000.\0006\0004\000.\0001\000.\0002\0004\000\040\000C\000H\000E\000C\000K\000\137\000T\000H\000R\000O\000W\000S\000\137\000W\000I\000T\000H}{subsection.12.64.1}% 967
\BOOKMARK [3][-]{subsubsection.12.64.1.25}{\376\377\0001\0002\000.\0006\0004\000.\0001\000.\0002\0005\000\040\000C\000H\000E\000C\000K\000\137\000T\000H\000R\000O\000W\000S\000\137\000W\000I\000T\000H\000\137\000A\000S}{subsection.12.64.1}% 968
\BOOKMARK [3][-]{subsubsection.12.64.1.26}{\376\377\0001\0002\000.\0006\0004\000.\0001\000.\0002\0006\000\040\000C\000H\000E\000C\000K\000\137\000T\000H\000R\000O\000W\000S\000\137\000W\000I\000T\000H\000\137\000A\000S\000\137\000M\000E\000S\000S\000A\000G\000E}{subsection.12.64.1}% 969
\BOOKMARK [3][-]{subsubsection.12.64.1.27}{\376\377\0001\0002\000.\0006\0004\000.\0001\000.\0002\0007\000\040\000C\000H\000E\000C\000K\000\137\000T\000H\000R\000O\000W\000S\000\137\000W\000I\000T\000H\000\137\000M\000E\000S\000S\000A\000G\000E}{subsection.12.64.1}% 970
\BOOKMARK [3][-]{subsubsection.12.64.1.28}{\376\377\0001\0002\000.\0006\0004\000.\0001\000.\0002\0008\000\040\000C\000H\000E\000C\000K\000\137\000U\000N\000A\000R\000Y}{subsection.12.64.1}% 971
\BOOKMARK [3][-]{subsubsection.12.64.1.29}{\376\377\0001\0002\000.\0006\0004\000.\0001\000.\0002\0009\000\040\000C\000H\000E\000C\000K\000\137\000U\000N\000A\000R\000Y\000\137\000F\000A\000L\000S\000E}{subsection.12.64.1}% 972
\BOOKMARK [3][-]{subsubsection.12.64.1.30}{\376\377\0001\0002\000.\0006\0004\000.\0001\000.\0003\0000\000\040\000D\000O\000C\000T\000E\000S\000T\000\137\000A\000D\000D\000\137\000A\000T\000\137\000I\000M\000P\000L}{subsection.12.64.1}% 973
\BOOKMARK [3][-]{subsubsection.12.64.1.31}{\376\377\0001\0002\000.\0006\0004\000.\0001\000.\0003\0001\000\040\000D\000O\000C\000T\000E\000S\000T\000\137\000A\000D\000D\000\137\000F\000A\000I\000L\000\137\000A\000T}{subsection.12.64.1}% 974
\BOOKMARK [3][-]{subsubsection.12.64.1.32}{\376\377\0001\0002\000.\0006\0004\000.\0001\000.\0003\0002\000\040\000D\000O\000C\000T\000E\000S\000T\000\137\000A\000D\000D\000\137\000F\000A\000I\000L\000\137\000C\000H\000E\000C\000K\000\137\000A\000T}{subsection.12.64.1}% 975
\BOOKMARK [3][-]{subsubsection.12.64.1.33}{\376\377\0001\0002\000.\0006\0004\000.\0001\000.\0003\0003\000\040\000D\000O\000C\000T\000E\000S\000T\000\137\000A\000D\000D\000\137\000M\000E\000S\000S\000A\000G\000E\000\137\000A\000T}{subsection.12.64.1}% 976
\BOOKMARK [3][-]{subsubsection.12.64.1.34}{\376\377\0001\0002\000.\0006\0004\000.\0001\000.\0003\0004\000\040\000D\000O\000C\000T\000E\000S\000T\000\137\000A\000L\000I\000G\000N\000M\000E\000N\000T}{subsection.12.64.1}% 977
\BOOKMARK [3][-]{subsubsection.12.64.1.35}{\376\377\0001\0002\000.\0006\0004\000.\0001\000.\0003\0005\000\040\000D\000O\000C\000T\000E\000S\000T\000\137\000A\000N\000D\000\137\000G\000I\000V\000E\000N}{subsection.12.64.1}% 978
\BOOKMARK [3][-]{subsubsection.12.64.1.36}{\376\377\0001\0002\000.\0006\0004\000.\0001\000.\0003\0006\000\040\000D\000O\000C\000T\000E\000S\000T\000\137\000A\000N\000D\000\137\000T\000H\000E\000N}{subsection.12.64.1}% 979
\BOOKMARK [3][-]{subsubsection.12.64.1.37}{\376\377\0001\0002\000.\0006\0004\000.\0001\000.\0003\0007\000\040\000D\000O\000C\000T\000E\000S\000T\000\137\000A\000N\000D\000\137\000W\000H\000E\000N}{subsection.12.64.1}% 980
\BOOKMARK [3][-]{subsubsection.12.64.1.38}{\376\377\0001\0002\000.\0006\0004\000.\0001\000.\0003\0008\000\040\000D\000O\000C\000T\000E\000S\000T\000\137\000A\000N\000O\000N\000Y\000M\000O\000U\000S}{subsection.12.64.1}% 981
\BOOKMARK [3][-]{subsubsection.12.64.1.39}{\376\377\0001\0002\000.\0006\0004\000.\0001\000.\0003\0009\000\040\000D\000O\000C\000T\000E\000S\000T\000\137\000A\000S\000S\000E\000R\000T\000\137\000I\000M\000P\000L\000E\000M\000E\000N\000T\000\137\0001}{subsection.12.64.1}% 982
\BOOKMARK [3][-]{subsubsection.12.64.1.40}{\376\377\0001\0002\000.\0006\0004\000.\0001\000.\0004\0000\000\040\000D\000O\000C\000T\000E\000S\000T\000\137\000A\000S\000S\000E\000R\000T\000\137\000I\000M\000P\000L\000E\000M\000E\000N\000T\000\137\0002}{subsection.12.64.1}% 983
\BOOKMARK [3][-]{subsubsection.12.64.1.41}{\376\377\0001\0002\000.\0006\0004\000.\0001\000.\0004\0001\000\040\000D\000O\000C\000T\000E\000S\000T\000\137\000A\000S\000S\000E\000R\000T\000\137\000I\000N\000\137\000T\000E\000S\000T\000S}{subsection.12.64.1}% 984
\BOOKMARK [3][-]{subsubsection.12.64.1.42}{\376\377\0001\0002\000.\0006\0004\000.\0001\000.\0004\0002\000\040\000D\000O\000C\000T\000E\000S\000T\000\137\000A\000S\000S\000E\000R\000T\000\137\000L\000O\000G\000\137\000R\000E\000A\000C\000T\000\137\000R\000E\000T\000U\000R\000N}{subsection.12.64.1}% 985
\BOOKMARK [3][-]{subsubsection.12.64.1.43}{\376\377\0001\0002\000.\0006\0004\000.\0001\000.\0004\0003\000\040\000D\000O\000C\000T\000E\000S\000T\000\137\000A\000S\000S\000E\000R\000T\000\137\000O\000U\000T\000\137\000O\000F\000\137\000T\000E\000S\000T\000S}{subsection.12.64.1}% 986
\BOOKMARK [3][-]{subsubsection.12.64.1.44}{\376\377\0001\0002\000.\0006\0004\000.\0001\000.\0004\0004\000\040\000D\000O\000C\000T\000E\000S\000T\000\137\000B\000I\000N\000A\000R\000Y\000\137\000A\000S\000S\000E\000R\000T}{subsection.12.64.1}% 987
\BOOKMARK [3][-]{subsubsection.12.64.1.45}{\376\377\0001\0002\000.\0006\0004\000.\0001\000.\0004\0005\000\040\000D\000O\000C\000T\000E\000S\000T\000\137\000B\000I\000N\000A\000R\000Y\000\137\000R\000E\000L\000A\000T\000I\000O\000N\000A\000L\000\137\000O\000P}{subsection.12.64.1}% 988
\BOOKMARK [3][-]{subsubsection.12.64.1.46}{\376\377\0001\0002\000.\0006\0004\000.\0001\000.\0004\0006\000\040\000D\000O\000C\000T\000E\000S\000T\000\137\000B\000R\000E\000A\000K\000\137\000I\000N\000T\000O\000\137\000D\000E\000B\000U\000G\000G\000E\000R}{subsection.12.64.1}% 989
\BOOKMARK [3][-]{subsubsection.12.64.1.47}{\376\377\0001\0002\000.\0006\0004\000.\0001\000.\0004\0007\000\040\000D\000O\000C\000T\000E\000S\000T\000\137\000C\000A\000P\000T\000U\000R\000E}{subsection.12.64.1}% 990
\BOOKMARK [3][-]{subsubsection.12.64.1.48}{\376\377\0001\0002\000.\0006\0004\000.\0001\000.\0004\0008\000\040\000D\000O\000C\000T\000E\000S\000T\000\137\000C\000A\000S\000T\000\137\000T\000O\000\137\000V\000O\000I\000D}{subsection.12.64.1}% 991
\BOOKMARK [3][-]{subsubsection.12.64.1.49}{\376\377\0001\0002\000.\0006\0004\000.\0001\000.\0004\0009\000\040\000D\000O\000C\000T\000E\000S\000T\000\137\000C\000A\000T}{subsection.12.64.1}% 992
\BOOKMARK [3][-]{subsubsection.12.64.1.50}{\376\377\0001\0002\000.\0006\0004\000.\0001\000.\0005\0000\000\040\000D\000O\000C\000T\000E\000S\000T\000\137\000C\000A\000T\000\137\000I\000M\000P\000L}{subsection.12.64.1}% 993
\BOOKMARK [3][-]{subsubsection.12.64.1.51}{\376\377\0001\0002\000.\0006\0004\000.\0001\000.\0005\0001\000\040\000D\000O\000C\000T\000E\000S\000T\000\137\000C\000H\000E\000C\000K}{subsection.12.64.1}% 994
\BOOKMARK [3][-]{subsubsection.12.64.1.52}{\376\377\0001\0002\000.\0006\0004\000.\0001\000.\0005\0002\000\040\000D\000O\000C\000T\000E\000S\000T\000\137\000C\000H\000E\000C\000K\000\137\000E\000Q}{subsection.12.64.1}% 995
\BOOKMARK [3][-]{subsubsection.12.64.1.53}{\376\377\0001\0002\000.\0006\0004\000.\0001\000.\0005\0003\000\040\000D\000O\000C\000T\000E\000S\000T\000\137\000C\000H\000E\000C\000K\000\137\000F\000A\000L\000S\000E}{subsection.12.64.1}% 996
\BOOKMARK [3][-]{subsubsection.12.64.1.54}{\376\377\0001\0002\000.\0006\0004\000.\0001\000.\0005\0004\000\040\000D\000O\000C\000T\000E\000S\000T\000\137\000C\000H\000E\000C\000K\000\137\000F\000A\000L\000S\000E\000\137\000M\000E\000S\000S\000A\000G\000E}{subsection.12.64.1}% 997
\BOOKMARK [3][-]{subsubsection.12.64.1.55}{\376\377\0001\0002\000.\0006\0004\000.\0001\000.\0005\0005\000\040\000D\000O\000C\000T\000E\000S\000T\000\137\000C\000H\000E\000C\000K\000\137\000G\000E}{subsection.12.64.1}% 998
\BOOKMARK [3][-]{subsubsection.12.64.1.56}{\376\377\0001\0002\000.\0006\0004\000.\0001\000.\0005\0006\000\040\000D\000O\000C\000T\000E\000S\000T\000\137\000C\000H\000E\000C\000K\000\137\000G\000T}{subsection.12.64.1}% 999
\BOOKMARK [3][-]{subsubsection.12.64.1.57}{\376\377\0001\0002\000.\0006\0004\000.\0001\000.\0005\0007\000\040\000D\000O\000C\000T\000E\000S\000T\000\137\000C\000H\000E\000C\000K\000\137\000L\000E}{subsection.12.64.1}% 1000
\BOOKMARK [3][-]{subsubsection.12.64.1.58}{\376\377\0001\0002\000.\0006\0004\000.\0001\000.\0005\0008\000\040\000D\000O\000C\000T\000E\000S\000T\000\137\000C\000H\000E\000C\000K\000\137\000L\000T}{subsection.12.64.1}% 1001
\BOOKMARK [3][-]{subsubsection.12.64.1.59}{\376\377\0001\0002\000.\0006\0004\000.\0001\000.\0005\0009\000\040\000D\000O\000C\000T\000E\000S\000T\000\137\000C\000H\000E\000C\000K\000\137\000M\000E\000S\000S\000A\000G\000E}{subsection.12.64.1}% 1002
\BOOKMARK [3][-]{subsubsection.12.64.1.60}{\376\377\0001\0002\000.\0006\0004\000.\0001\000.\0006\0000\000\040\000D\000O\000C\000T\000E\000S\000T\000\137\000C\000H\000E\000C\000K\000\137\000N\000E}{subsection.12.64.1}% 1003
\BOOKMARK [3][-]{subsubsection.12.64.1.61}{\376\377\0001\0002\000.\0006\0004\000.\0001\000.\0006\0001\000\040\000D\000O\000C\000T\000E\000S\000T\000\137\000C\000H\000E\000C\000K\000\137\000N\000O\000T\000H\000R\000O\000W}{subsection.12.64.1}% 1004
\BOOKMARK [3][-]{subsubsection.12.64.1.62}{\376\377\0001\0002\000.\0006\0004\000.\0001\000.\0006\0002\000\040\000D\000O\000C\000T\000E\000S\000T\000\137\000C\000H\000E\000C\000K\000\137\000N\000O\000T\000H\000R\000O\000W\000\137\000M\000E\000S\000S\000A\000G\000E}{subsection.12.64.1}% 1005
\BOOKMARK [3][-]{subsubsection.12.64.1.63}{\376\377\0001\0002\000.\0006\0004\000.\0001\000.\0006\0003\000\040\000D\000O\000C\000T\000E\000S\000T\000\137\000C\000H\000E\000C\000K\000\137\000T\000H\000R\000O\000W\000S}{subsection.12.64.1}% 1006
\BOOKMARK [3][-]{subsubsection.12.64.1.64}{\376\377\0001\0002\000.\0006\0004\000.\0001\000.\0006\0004\000\040\000D\000O\000C\000T\000E\000S\000T\000\137\000C\000H\000E\000C\000K\000\137\000T\000H\000R\000O\000W\000S\000\137\000A\000S}{subsection.12.64.1}% 1007
\BOOKMARK [3][-]{subsubsection.12.64.1.65}{\376\377\0001\0002\000.\0006\0004\000.\0001\000.\0006\0005\000\040\000D\000O\000C\000T\000E\000S\000T\000\137\000C\000H\000E\000C\000K\000\137\000T\000H\000R\000O\000W\000S\000\137\000A\000S\000\137\000M\000E\000S\000S\000A\000G\000E}{subsection.12.64.1}% 1008
\BOOKMARK [3][-]{subsubsection.12.64.1.66}{\376\377\0001\0002\000.\0006\0004\000.\0001\000.\0006\0006\000\040\000D\000O\000C\000T\000E\000S\000T\000\137\000C\000H\000E\000C\000K\000\137\000T\000H\000R\000O\000W\000S\000\137\000M\000E\000S\000S\000A\000G\000E}{subsection.12.64.1}% 1009
\BOOKMARK [3][-]{subsubsection.12.64.1.67}{\376\377\0001\0002\000.\0006\0004\000.\0001\000.\0006\0007\000\040\000D\000O\000C\000T\000E\000S\000T\000\137\000C\000H\000E\000C\000K\000\137\000T\000H\000R\000O\000W\000S\000\137\000W\000I\000T\000H}{subsection.12.64.1}% 1010
\BOOKMARK [3][-]{subsubsection.12.64.1.68}{\376\377\0001\0002\000.\0006\0004\000.\0001\000.\0006\0008\000\040\000D\000O\000C\000T\000E\000S\000T\000\137\000C\000H\000E\000C\000K\000\137\000T\000H\000R\000O\000W\000S\000\137\000W\000I\000T\000H\000\137\000A\000S}{subsection.12.64.1}% 1011
\BOOKMARK [3][-]{subsubsection.12.64.1.69}{\376\377\0001\0002\000.\0006\0004\000.\0001\000.\0006\0009\000\040\000D\000O\000C\000T\000E\000S\000T\000\137\000C\000H\000E\000C\000K\000\137\000T\000H\000R\000O\000W\000S\000\137\000W\000I\000T\000H\000\137\000A\000S\000\137\000M\000E\000S\000S\000A\000G\000E}{subsection.12.64.1}% 1012
\BOOKMARK [3][-]{subsubsection.12.64.1.70}{\376\377\0001\0002\000.\0006\0004\000.\0001\000.\0007\0000\000\040\000D\000O\000C\000T\000E\000S\000T\000\137\000C\000H\000E\000C\000K\000\137\000T\000H\000R\000O\000W\000S\000\137\000W\000I\000T\000H\000\137\000M\000E\000S\000S\000A\000G\000E}{subsection.12.64.1}% 1013
\BOOKMARK [3][-]{subsubsection.12.64.1.71}{\376\377\0001\0002\000.\0006\0004\000.\0001\000.\0007\0001\000\040\000D\000O\000C\000T\000E\000S\000T\000\137\000C\000H\000E\000C\000K\000\137\000U\000N\000A\000R\000Y}{subsection.12.64.1}% 1014
\BOOKMARK [3][-]{subsubsection.12.64.1.72}{\376\377\0001\0002\000.\0006\0004\000.\0001\000.\0007\0002\000\040\000D\000O\000C\000T\000E\000S\000T\000\137\000C\000H\000E\000C\000K\000\137\000U\000N\000A\000R\000Y\000\137\000F\000A\000L\000S\000E}{subsection.12.64.1}% 1015
\BOOKMARK [3][-]{subsubsection.12.64.1.73}{\376\377\0001\0002\000.\0006\0004\000.\0001\000.\0007\0003\000\040\000D\000O\000C\000T\000E\000S\000T\000\137\000C\000L\000A\000N\000G}{subsection.12.64.1}% 1016
\BOOKMARK [3][-]{subsubsection.12.64.1.74}{\376\377\0001\0002\000.\0006\0004\000.\0001\000.\0007\0004\000\040\000D\000O\000C\000T\000E\000S\000T\000\137\000C\000L\000A\000N\000G\000\137\000S\000U\000P\000P\000R\000E\000S\000S\000\137\000W\000A\000R\000N\000I\000N\000G}{subsection.12.64.1}% 1017
\BOOKMARK [3][-]{subsubsection.12.64.1.75}{\376\377\0001\0002\000.\0006\0004\000.\0001\000.\0007\0005\000\040\000D\000O\000C\000T\000E\000S\000T\000\137\000C\000L\000A\000N\000G\000\137\000S\000U\000P\000P\000R\000E\000S\000S\000\137\000W\000A\000R\000N\000I\000N\000G\000\137\000P\000O\000P}{subsection.12.64.1}% 1018
\BOOKMARK [3][-]{subsubsection.12.64.1.76}{\376\377\0001\0002\000.\0006\0004\000.\0001\000.\0007\0006\000\040\000D\000O\000C\000T\000E\000S\000T\000\137\000C\000L\000A\000N\000G\000\137\000S\000U\000P\000P\000R\000E\000S\000S\000\137\000W\000A\000R\000N\000I\000N\000G\000\137\000P\000U\000S\000H}{subsection.12.64.1}% 1019
\BOOKMARK [3][-]{subsubsection.12.64.1.77}{\376\377\0001\0002\000.\0006\0004\000.\0001\000.\0007\0007\000\040\000D\000O\000C\000T\000E\000S\000T\000\137\000C\000L\000A\000N\000G\000\137\000S\000U\000P\000P\000R\000E\000S\000S\000\137\000W\000A\000R\000N\000I\000N\000G\000\137\000W\000I\000T\000H\000\137\000P\000U\000S\000H}{subsection.12.64.1}% 1020
\BOOKMARK [3][-]{subsubsection.12.64.1.78}{\376\377\0001\0002\000.\0006\0004\000.\0001\000.\0007\0008\000\040\000D\000O\000C\000T\000E\000S\000T\000\137\000C\000M\000P\000\137\000E\000Q}{subsection.12.64.1}% 1021
\BOOKMARK [3][-]{subsubsection.12.64.1.79}{\376\377\0001\0002\000.\0006\0004\000.\0001\000.\0007\0009\000\040\000D\000O\000C\000T\000E\000S\000T\000\137\000C\000M\000P\000\137\000G\000E}{subsection.12.64.1}% 1022
\BOOKMARK [3][-]{subsubsection.12.64.1.80}{\376\377\0001\0002\000.\0006\0004\000.\0001\000.\0008\0000\000\040\000D\000O\000C\000T\000E\000S\000T\000\137\000C\000M\000P\000\137\000G\000T}{subsection.12.64.1}% 1023
\BOOKMARK [3][-]{subsubsection.12.64.1.81}{\376\377\0001\0002\000.\0006\0004\000.\0001\000.\0008\0001\000\040\000D\000O\000C\000T\000E\000S\000T\000\137\000C\000M\000P\000\137\000L\000E}{subsection.12.64.1}% 1024
\BOOKMARK [3][-]{subsubsection.12.64.1.82}{\376\377\0001\0002\000.\0006\0004\000.\0001\000.\0008\0002\000\040\000D\000O\000C\000T\000E\000S\000T\000\137\000C\000M\000P\000\137\000L\000T}{subsection.12.64.1}% 1025
\BOOKMARK [3][-]{subsubsection.12.64.1.83}{\376\377\0001\0002\000.\0006\0004\000.\0001\000.\0008\0003\000\040\000D\000O\000C\000T\000E\000S\000T\000\137\000C\000M\000P\000\137\000N\000E}{subsection.12.64.1}% 1026
\BOOKMARK [3][-]{subsubsection.12.64.1.84}{\376\377\0001\0002\000.\0006\0004\000.\0001\000.\0008\0004\000\040\000D\000O\000C\000T\000E\000S\000T\000\137\000C\000O\000M\000P\000A\000R\000I\000S\000O\000N\000\137\000R\000E\000T\000U\000R\000N\000\137\000T\000Y\000P\000E}{subsection.12.64.1}% 1027
\BOOKMARK [3][-]{subsubsection.12.64.1.85}{\376\377\0001\0002\000.\0006\0004\000.\0001\000.\0008\0005\000\040\000D\000O\000C\000T\000E\000S\000T\000\137\000C\000O\000M\000P\000I\000L\000E\000R}{subsection.12.64.1}% 1028
\BOOKMARK [3][-]{subsubsection.12.64.1.86}{\376\377\0001\0002\000.\0006\0004\000.\0001\000.\0008\0006\000\040\000D\000O\000C\000T\000E\000S\000T\000\137\000C\000O\000N\000F\000I\000G\000\137\000N\000O\000\137\000E\000X\000C\000E\000P\000T\000I\000O\000N\000S}{subsection.12.64.1}% 1029
\BOOKMARK [3][-]{subsubsection.12.64.1.87}{\376\377\0001\0002\000.\0006\0004\000.\0001\000.\0008\0007\000\040\000D\000O\000C\000T\000E\000S\000T\000\137\000C\000O\000N\000F\000I\000G\000\137\000N\000O\000\137\000T\000R\000Y\000\137\000C\000A\000T\000C\000H\000\137\000I\000N\000\137\000A\000S\000S\000E\000R\000T\000S}{subsection.12.64.1}% 1030
\BOOKMARK [3][-]{subsubsection.12.64.1.88}{\376\377\0001\0002\000.\0006\0004\000.\0001\000.\0008\0008\000\040\000D\000O\000C\000T\000E\000S\000T\000\137\000C\000O\000N\000F\000I\000G\000\137\000P\000O\000S\000I\000X\000\137\000S\000I\000G\000N\000A\000L\000S}{subsection.12.64.1}% 1031
\BOOKMARK [3][-]{subsubsection.12.64.1.89}{\376\377\0001\0002\000.\0006\0004\000.\0001\000.\0008\0009\000\040\000D\000O\000C\000T\000E\000S\000T\000\137\000C\000O\000N\000F\000I\000G\000\137\000S\000T\000R\000I\000N\000G\000\137\000S\000I\000Z\000E\000\137\000T\000Y\000P\000E}{subsection.12.64.1}% 1032
\BOOKMARK [3][-]{subsubsection.12.64.1.90}{\376\377\0001\0002\000.\0006\0004\000.\0001\000.\0009\0000\000\040\000D\000O\000C\000T\000E\000S\000T\000\137\000C\000O\000N\000S\000T\000E\000X\000P\000R}{subsection.12.64.1}% 1033
\BOOKMARK [3][-]{subsubsection.12.64.1.91}{\376\377\0001\0002\000.\0006\0004\000.\0001\000.\0009\0001\000\040\000D\000O\000C\000T\000E\000S\000T\000\137\000C\000O\000N\000S\000T\000E\000X\000P\000R\000\137\000F\000U\000N\000C}{subsection.12.64.1}% 1034
\BOOKMARK [3][-]{subsubsection.12.64.1.92}{\376\377\0001\0002\000.\0006\0004\000.\0001\000.\0009\0002\000\040\000D\000O\000C\000T\000E\000S\000T\000\137\000C\000O\000U\000N\000T\000E\000R}{subsection.12.64.1}% 1035
\BOOKMARK [3][-]{subsubsection.12.64.1.93}{\376\377\0001\0002\000.\0006\0004\000.\0001\000.\0009\0003\000\040\000D\000O\000C\000T\000E\000S\000T\000\137\000C\000P\000L\000U\000S\000P\000L\000U\000S}{subsection.12.64.1}% 1036
\BOOKMARK [3][-]{subsubsection.12.64.1.94}{\376\377\0001\0002\000.\0006\0004\000.\0001\000.\0009\0004\000\040\000D\000O\000C\000T\000E\000S\000T\000\137\000C\000R\000E\000A\000T\000E\000\137\000A\000N\000D\000\137\000R\000E\000G\000I\000S\000T\000E\000R\000\137\000F\000U\000N\000C\000T\000I\000O\000N}{subsection.12.64.1}% 1037
\BOOKMARK [3][-]{subsubsection.12.64.1.95}{\376\377\0001\0002\000.\0006\0004\000.\0001\000.\0009\0005\000\040\000D\000O\000C\000T\000E\000S\000T\000\137\000C\000R\000E\000A\000T\000E\000\137\000A\000N\000D\000\137\000R\000E\000G\000I\000S\000T\000E\000R\000\137\000F\000U\000N\000C\000T\000I\000O\000N\000\137\000I\000N\000\137\000C\000L\000A\000S\000S}{subsection.12.64.1}% 1038
\BOOKMARK [3][-]{subsubsection.12.64.1.96}{\376\377\0001\0002\000.\0006\0004\000.\0001\000.\0009\0006\000\040\000D\000O\000C\000T\000E\000S\000T\000\137\000D\000E\000C\000L\000A\000R\000E\000\137\000I\000N\000T\000E\000R\000F\000A\000C\000E}{subsection.12.64.1}% 1039
\BOOKMARK [3][-]{subsubsection.12.64.1.97}{\376\377\0001\0002\000.\0006\0004\000.\0001\000.\0009\0007\000\040\000D\000O\000C\000T\000E\000S\000T\000\137\000D\000E\000F\000I\000N\000E\000\137\000D\000E\000C\000O\000R\000A\000T\000O\000R}{subsection.12.64.1}% 1040
\BOOKMARK [3][-]{subsubsection.12.64.1.98}{\376\377\0001\0002\000.\0006\0004\000.\0001\000.\0009\0008\000\040\000D\000O\000C\000T\000E\000S\000T\000\137\000D\000E\000F\000I\000N\000E\000\137\000I\000N\000T\000E\000R\000F\000A\000C\000E}{subsection.12.64.1}% 1041
\BOOKMARK [3][-]{subsubsection.12.64.1.99}{\376\377\0001\0002\000.\0006\0004\000.\0001\000.\0009\0009\000\040\000D\000O\000C\000T\000E\000S\000T\000\137\000D\000O\000\137\000B\000I\000N\000A\000R\000Y\000\137\000E\000X\000P\000R\000E\000S\000S\000I\000O\000N\000\137\000C\000O\000M\000P\000A\000R\000I\000S\000O\000N}{subsection.12.64.1}% 1042
\BOOKMARK [3][-]{subsubsection.12.64.1.100}{\376\377\0001\0002\000.\0006\0004\000.\0001\000.\0001\0000\0000\000\040\000D\000O\000C\000T\000E\000S\000T\000\137\000E\000M\000P\000T\000Y}{subsection.12.64.1}% 1043
\BOOKMARK [3][-]{subsubsection.12.64.1.101}{\376\377\0001\0002\000.\0006\0004\000.\0001\000.\0001\0000\0001\000\040\000D\000O\000C\000T\000E\000S\000T\000\137\000E\000X\000C\000E\000P\000T\000I\000O\000N\000\137\000E\000M\000P\000T\000Y\000\137\000F\000U\000N\000C}{subsection.12.64.1}% 1044
\BOOKMARK [3][-]{subsubsection.12.64.1.102}{\376\377\0001\0002\000.\0006\0004\000.\0001\000.\0001\0000\0002\000\040\000D\000O\000C\000T\000E\000S\000T\000\137\000F\000A\000I\000L}{subsection.12.64.1}% 1045
\BOOKMARK [3][-]{subsubsection.12.64.1.103}{\376\377\0001\0002\000.\0006\0004\000.\0001\000.\0001\0000\0003\000\040\000D\000O\000C\000T\000E\000S\000T\000\137\000F\000A\000I\000L\000\137\000C\000H\000E\000C\000K}{subsection.12.64.1}% 1046
\BOOKMARK [3][-]{subsubsection.12.64.1.104}{\376\377\0001\0002\000.\0006\0004\000.\0001\000.\0001\0000\0004\000\040\000D\000O\000C\000T\000E\000S\000T\000\137\000F\000A\000S\000T\000\137\000C\000H\000E\000C\000K\000\137\000E\000Q}{subsection.12.64.1}% 1047
\BOOKMARK [3][-]{subsubsection.12.64.1.105}{\376\377\0001\0002\000.\0006\0004\000.\0001\000.\0001\0000\0005\000\040\000D\000O\000C\000T\000E\000S\000T\000\137\000F\000A\000S\000T\000\137\000C\000H\000E\000C\000K\000\137\000G\000E}{subsection.12.64.1}% 1048
\BOOKMARK [3][-]{subsubsection.12.64.1.106}{\376\377\0001\0002\000.\0006\0004\000.\0001\000.\0001\0000\0006\000\040\000D\000O\000C\000T\000E\000S\000T\000\137\000F\000A\000S\000T\000\137\000C\000H\000E\000C\000K\000\137\000G\000T}{subsection.12.64.1}% 1049
\BOOKMARK [3][-]{subsubsection.12.64.1.107}{\376\377\0001\0002\000.\0006\0004\000.\0001\000.\0001\0000\0007\000\040\000D\000O\000C\000T\000E\000S\000T\000\137\000F\000A\000S\000T\000\137\000C\000H\000E\000C\000K\000\137\000L\000E}{subsection.12.64.1}% 1050
\BOOKMARK [3][-]{subsubsection.12.64.1.108}{\376\377\0001\0002\000.\0006\0004\000.\0001\000.\0001\0000\0008\000\040\000D\000O\000C\000T\000E\000S\000T\000\137\000F\000A\000S\000T\000\137\000C\000H\000E\000C\000K\000\137\000L\000T}{subsection.12.64.1}% 1051
\BOOKMARK [3][-]{subsubsection.12.64.1.109}{\376\377\0001\0002\000.\0006\0004\000.\0001\000.\0001\0000\0009\000\040\000D\000O\000C\000T\000E\000S\000T\000\137\000F\000A\000S\000T\000\137\000C\000H\000E\000C\000K\000\137\000N\000E}{subsection.12.64.1}% 1052
\BOOKMARK [3][-]{subsubsection.12.64.1.110}{\376\377\0001\0002\000.\0006\0004\000.\0001\000.\0001\0001\0000\000\040\000D\000O\000C\000T\000E\000S\000T\000\137\000F\000A\000S\000T\000\137\000C\000H\000E\000C\000K\000\137\000U\000N\000A\000R\000Y}{subsection.12.64.1}% 1053
\BOOKMARK [3][-]{subsubsection.12.64.1.111}{\376\377\0001\0002\000.\0006\0004\000.\0001\000.\0001\0001\0001\000\040\000D\000O\000C\000T\000E\000S\000T\000\137\000F\000A\000S\000T\000\137\000C\000H\000E\000C\000K\000\137\000U\000N\000A\000R\000Y\000\137\000F\000A\000L\000S\000E}{subsection.12.64.1}% 1054
\BOOKMARK [3][-]{subsubsection.12.64.1.112}{\376\377\0001\0002\000.\0006\0004\000.\0001\000.\0001\0001\0002\000\040\000D\000O\000C\000T\000E\000S\000T\000\137\000F\000A\000S\000T\000\137\000R\000E\000Q\000U\000I\000R\000E\000\137\000E\000Q}{subsection.12.64.1}% 1055
\BOOKMARK [3][-]{subsubsection.12.64.1.113}{\376\377\0001\0002\000.\0006\0004\000.\0001\000.\0001\0001\0003\000\040\000D\000O\000C\000T\000E\000S\000T\000\137\000F\000A\000S\000T\000\137\000R\000E\000Q\000U\000I\000R\000E\000\137\000G\000E}{subsection.12.64.1}% 1056
\BOOKMARK [3][-]{subsubsection.12.64.1.114}{\376\377\0001\0002\000.\0006\0004\000.\0001\000.\0001\0001\0004\000\040\000D\000O\000C\000T\000E\000S\000T\000\137\000F\000A\000S\000T\000\137\000R\000E\000Q\000U\000I\000R\000E\000\137\000G\000T}{subsection.12.64.1}% 1057
\BOOKMARK [3][-]{subsubsection.12.64.1.115}{\376\377\0001\0002\000.\0006\0004\000.\0001\000.\0001\0001\0005\000\040\000D\000O\000C\000T\000E\000S\000T\000\137\000F\000A\000S\000T\000\137\000R\000E\000Q\000U\000I\000R\000E\000\137\000L\000E}{subsection.12.64.1}% 1058
\BOOKMARK [3][-]{subsubsection.12.64.1.116}{\376\377\0001\0002\000.\0006\0004\000.\0001\000.\0001\0001\0006\000\040\000D\000O\000C\000T\000E\000S\000T\000\137\000F\000A\000S\000T\000\137\000R\000E\000Q\000U\000I\000R\000E\000\137\000L\000T}{subsection.12.64.1}% 1059
\BOOKMARK [3][-]{subsubsection.12.64.1.117}{\376\377\0001\0002\000.\0006\0004\000.\0001\000.\0001\0001\0007\000\040\000D\000O\000C\000T\000E\000S\000T\000\137\000F\000A\000S\000T\000\137\000R\000E\000Q\000U\000I\000R\000E\000\137\000N\000E}{subsection.12.64.1}% 1060
\BOOKMARK [3][-]{subsubsection.12.64.1.118}{\376\377\0001\0002\000.\0006\0004\000.\0001\000.\0001\0001\0008\000\040\000D\000O\000C\000T\000E\000S\000T\000\137\000F\000A\000S\000T\000\137\000R\000E\000Q\000U\000I\000R\000E\000\137\000U\000N\000A\000R\000Y}{subsection.12.64.1}% 1061
\BOOKMARK [3][-]{subsubsection.12.64.1.119}{\376\377\0001\0002\000.\0006\0004\000.\0001\000.\0001\0001\0009\000\040\000D\000O\000C\000T\000E\000S\000T\000\137\000F\000A\000S\000T\000\137\000R\000E\000Q\000U\000I\000R\000E\000\137\000U\000N\000A\000R\000Y\000\137\000F\000A\000L\000S\000E}{subsection.12.64.1}% 1062
\BOOKMARK [3][-]{subsubsection.12.64.1.120}{\376\377\0001\0002\000.\0006\0004\000.\0001\000.\0001\0002\0000\000\040\000D\000O\000C\000T\000E\000S\000T\000\137\000F\000A\000S\000T\000\137\000W\000A\000R\000N\000\137\000E\000Q}{subsection.12.64.1}% 1063
\BOOKMARK [3][-]{subsubsection.12.64.1.121}{\376\377\0001\0002\000.\0006\0004\000.\0001\000.\0001\0002\0001\000\040\000D\000O\000C\000T\000E\000S\000T\000\137\000F\000A\000S\000T\000\137\000W\000A\000R\000N\000\137\000G\000E}{subsection.12.64.1}% 1064
\BOOKMARK [3][-]{subsubsection.12.64.1.122}{\376\377\0001\0002\000.\0006\0004\000.\0001\000.\0001\0002\0002\000\040\000D\000O\000C\000T\000E\000S\000T\000\137\000F\000A\000S\000T\000\137\000W\000A\000R\000N\000\137\000G\000T}{subsection.12.64.1}% 1065
\BOOKMARK [3][-]{subsubsection.12.64.1.123}{\376\377\0001\0002\000.\0006\0004\000.\0001\000.\0001\0002\0003\000\040\000D\000O\000C\000T\000E\000S\000T\000\137\000F\000A\000S\000T\000\137\000W\000A\000R\000N\000\137\000L\000E}{subsection.12.64.1}% 1066
\BOOKMARK [3][-]{subsubsection.12.64.1.124}{\376\377\0001\0002\000.\0006\0004\000.\0001\000.\0001\0002\0004\000\040\000D\000O\000C\000T\000E\000S\000T\000\137\000F\000A\000S\000T\000\137\000W\000A\000R\000N\000\137\000L\000T}{subsection.12.64.1}% 1067
\BOOKMARK [3][-]{subsubsection.12.64.1.125}{\376\377\0001\0002\000.\0006\0004\000.\0001\000.\0001\0002\0005\000\040\000D\000O\000C\000T\000E\000S\000T\000\137\000F\000A\000S\000T\000\137\000W\000A\000R\000N\000\137\000N\000E}{subsection.12.64.1}% 1068
\BOOKMARK [3][-]{subsubsection.12.64.1.126}{\376\377\0001\0002\000.\0006\0004\000.\0001\000.\0001\0002\0006\000\040\000D\000O\000C\000T\000E\000S\000T\000\137\000F\000A\000S\000T\000\137\000W\000A\000R\000N\000\137\000U\000N\000A\000R\000Y}{subsection.12.64.1}% 1069
\BOOKMARK [3][-]{subsubsection.12.64.1.127}{\376\377\0001\0002\000.\0006\0004\000.\0001\000.\0001\0002\0007\000\040\000D\000O\000C\000T\000E\000S\000T\000\137\000F\000A\000S\000T\000\137\000W\000A\000R\000N\000\137\000U\000N\000A\000R\000Y\000\137\000F\000A\000L\000S\000E}{subsection.12.64.1}% 1070
\BOOKMARK [3][-]{subsubsection.12.64.1.128}{\376\377\0001\0002\000.\0006\0004\000.\0001\000.\0001\0002\0008\000\040\000D\000O\000C\000T\000E\000S\000T\000\137\000F\000O\000R\000B\000I\000T\000\137\000E\000X\000P\000R\000E\000S\000S\000I\000O\000N}{subsection.12.64.1}% 1071
\BOOKMARK [3][-]{subsubsection.12.64.1.129}{\376\377\0001\0002\000.\0006\0004\000.\0001\000.\0001\0002\0009\000\040\000D\000O\000C\000T\000E\000S\000T\000\137\000F\000U\000N\000C\000\137\000E\000M\000P\000T\000Y}{subsection.12.64.1}% 1072
\BOOKMARK [3][-]{subsubsection.12.64.1.130}{\376\377\0001\0002\000.\0006\0004\000.\0001\000.\0001\0003\0000\000\040\000D\000O\000C\000T\000E\000S\000T\000\137\000F\000U\000N\000C\000\137\000S\000C\000O\000P\000E\000\137\000B\000E\000G\000I\000N}{subsection.12.64.1}% 1073
\BOOKMARK [3][-]{subsubsection.12.64.1.131}{\376\377\0001\0002\000.\0006\0004\000.\0001\000.\0001\0003\0001\000\040\000D\000O\000C\000T\000E\000S\000T\000\137\000F\000U\000N\000C\000\137\000S\000C\000O\000P\000E\000\137\000E\000N\000D}{subsection.12.64.1}% 1074
\BOOKMARK [3][-]{subsubsection.12.64.1.132}{\376\377\0001\0002\000.\0006\0004\000.\0001\000.\0001\0003\0002\000\040\000D\000O\000C\000T\000E\000S\000T\000\137\000F\000U\000N\000C\000\137\000S\000C\000O\000P\000E\000\137\000R\000E\000T}{subsection.12.64.1}% 1075
\BOOKMARK [3][-]{subsubsection.12.64.1.133}{\376\377\0001\0002\000.\0006\0004\000.\0001\000.\0001\0003\0003\000\040\000D\000O\000C\000T\000E\000S\000T\000\137\000G\000C\000C}{subsection.12.64.1}% 1076
\BOOKMARK [3][-]{subsubsection.12.64.1.134}{\376\377\0001\0002\000.\0006\0004\000.\0001\000.\0001\0003\0004\000\040\000D\000O\000C\000T\000E\000S\000T\000\137\000G\000C\000C\000\137\000S\000U\000P\000P\000R\000E\000S\000S\000\137\000W\000A\000R\000N\000I\000N\000G}{subsection.12.64.1}% 1077
\BOOKMARK [3][-]{subsubsection.12.64.1.135}{\376\377\0001\0002\000.\0006\0004\000.\0001\000.\0001\0003\0005\000\040\000D\000O\000C\000T\000E\000S\000T\000\137\000G\000C\000C\000\137\000S\000U\000P\000P\000R\000E\000S\000S\000\137\000W\000A\000R\000N\000I\000N\000G\000\137\000P\000O\000P}{subsection.12.64.1}% 1078
\BOOKMARK [3][-]{subsubsection.12.64.1.136}{\376\377\0001\0002\000.\0006\0004\000.\0001\000.\0001\0003\0006\000\040\000D\000O\000C\000T\000E\000S\000T\000\137\000G\000C\000C\000\137\000S\000U\000P\000P\000R\000E\000S\000S\000\137\000W\000A\000R\000N\000I\000N\000G\000\137\000P\000U\000S\000H}{subsection.12.64.1}% 1079
\BOOKMARK [3][-]{subsubsection.12.64.1.137}{\376\377\0001\0002\000.\0006\0004\000.\0001\000.\0001\0003\0007\000\040\000D\000O\000C\000T\000E\000S\000T\000\137\000G\000C\000C\000\137\000S\000U\000P\000P\000R\000E\000S\000S\000\137\000W\000A\000R\000N\000I\000N\000G\000\137\000W\000I\000T\000H\000\137\000P\000U\000S\000H}{subsection.12.64.1}% 1080
\BOOKMARK [3][-]{subsubsection.12.64.1.138}{\376\377\0001\0002\000.\0006\0004\000.\0001\000.\0001\0003\0008\000\040\000D\000O\000C\000T\000E\000S\000T\000\137\000G\000E\000N\000E\000R\000A\000T\000E}{subsection.12.64.1}% 1081
\BOOKMARK [3][-]{subsubsection.12.64.1.139}{\376\377\0001\0002\000.\0006\0004\000.\0001\000.\0001\0003\0009\000\040\000D\000O\000C\000T\000E\000S\000T\000\137\000G\000I\000V\000E\000N}{subsection.12.64.1}% 1082
\BOOKMARK [3][-]{subsubsection.12.64.1.140}{\376\377\0001\0002\000.\0006\0004\000.\0001\000.\0001\0004\0000\000\040\000D\000O\000C\000T\000E\000S\000T\000\137\000G\000L\000O\000B\000A\000L\000\137\000N\000O\000\137\000W\000A\000R\000N\000I\000N\000G\000S}{subsection.12.64.1}% 1083
\BOOKMARK [3][-]{subsubsection.12.64.1.141}{\376\377\0001\0002\000.\0006\0004\000.\0001\000.\0001\0004\0001\000\040\000D\000O\000C\000T\000E\000S\000T\000\137\000H\000A\000S\000\137\000B\000U\000I\000L\000T\000I\000N}{subsection.12.64.1}% 1084
\BOOKMARK [3][-]{subsubsection.12.64.1.142}{\376\377\0001\0002\000.\0006\0004\000.\0001\000.\0001\0004\0002\000\040\000D\000O\000C\000T\000E\000S\000T\000\137\000I\000C\000C}{subsection.12.64.1}% 1085
\BOOKMARK [3][-]{subsubsection.12.64.1.143}{\376\377\0001\0002\000.\0006\0004\000.\0001\000.\0001\0004\0003\000\040\000D\000O\000C\000T\000E\000S\000T\000\137\000I\000M\000P\000L\000E\000M\000E\000N\000T\000\137\000F\000I\000X\000T\000U\000R\000E}{subsection.12.64.1}% 1086
\BOOKMARK [3][-]{subsubsection.12.64.1.144}{\376\377\0001\0002\000.\0006\0004\000.\0001\000.\0001\0004\0004\000\040\000D\000O\000C\000T\000E\000S\000T\000\137\000I\000N\000F\000O}{subsection.12.64.1}% 1087
\BOOKMARK [3][-]{subsubsection.12.64.1.145}{\376\377\0001\0002\000.\0006\0004\000.\0001\000.\0001\0004\0005\000\040\000D\000O\000C\000T\000E\000S\000T\000\137\000I\000N\000F\000O\000\137\000I\000M\000P\000L}{subsection.12.64.1}% 1088
\BOOKMARK [3][-]{subsubsection.12.64.1.146}{\376\377\0001\0002\000.\0006\0004\000.\0001\000.\0001\0004\0006\000\040\000D\000O\000C\000T\000E\000S\000T\000\137\000I\000N\000L\000I\000N\000E\000\137\000N\000O\000I\000N\000L\000I\000N\000E}{subsection.12.64.1}% 1089
\BOOKMARK [3][-]{subsubsection.12.64.1.147}{\376\377\0001\0002\000.\0006\0004\000.\0001\000.\0001\0004\0007\000\040\000D\000O\000C\000T\000E\000S\000T\000\137\000I\000N\000T\000E\000R\000F\000A\000C\000E}{subsection.12.64.1}% 1090
\BOOKMARK [3][-]{subsubsection.12.64.1.148}{\376\377\0001\0002\000.\0006\0004\000.\0001\000.\0001\0004\0008\000\040\000D\000O\000C\000T\000E\000S\000T\000\137\000I\000N\000T\000E\000R\000F\000A\000C\000E\000\137\000D\000E\000C\000L}{subsection.12.64.1}% 1091
\BOOKMARK [3][-]{subsubsection.12.64.1.149}{\376\377\0001\0002\000.\0006\0004\000.\0001\000.\0001\0004\0009\000\040\000D\000O\000C\000T\000E\000S\000T\000\137\000I\000N\000T\000E\000R\000F\000A\000C\000E\000\137\000D\000E\000F}{subsection.12.64.1}% 1092
\BOOKMARK [3][-]{subsubsection.12.64.1.150}{\376\377\0001\0002\000.\0006\0004\000.\0001\000.\0001\0005\0000\000\040\000D\000O\000C\000T\000E\000S\000T\000\137\000M\000A\000K\000E\000\137\000S\000T\000D\000\137\000H\000E\000A\000D\000E\000R\000S\000\137\000C\000L\000E\000A\000N\000\137\000F\000R\000O\000M\000\137\000W\000A\000R\000N\000I\000N\000G\000S\000\137\000O\000N\000\137\000W\000A\000L\000L\000\137\000B\000E\000G\000I\000N}{subsection.12.64.1}% 1093
\BOOKMARK [3][-]{subsubsection.12.64.1.151}{\376\377\0001\0002\000.\0006\0004\000.\0001\000.\0001\0005\0001\000\040\000D\000O\000C\000T\000E\000S\000T\000\137\000M\000A\000K\000E\000\137\000S\000T\000D\000\137\000H\000E\000A\000D\000E\000R\000S\000\137\000C\000L\000E\000A\000N\000\137\000F\000R\000O\000M\000\137\000W\000A\000R\000N\000I\000N\000G\000S\000\137\000O\000N\000\137\000W\000A\000L\000L\000\137\000E\000N\000D}{subsection.12.64.1}% 1094
\BOOKMARK [3][-]{subsubsection.12.64.1.152}{\376\377\0001\0002\000.\0006\0004\000.\0001\000.\0001\0005\0002\000\040\000D\000O\000C\000T\000E\000S\000T\000\137\000M\000E\000S\000S\000A\000G\000E}{subsection.12.64.1}% 1095
\BOOKMARK [3][-]{subsubsection.12.64.1.153}{\376\377\0001\0002\000.\0006\0004\000.\0001\000.\0001\0005\0003\000\040\000D\000O\000C\000T\000E\000S\000T\000\137\000M\000S\000V\000C}{subsection.12.64.1}% 1096
\BOOKMARK [3][-]{subsubsection.12.64.1.154}{\376\377\0001\0002\000.\0006\0004\000.\0001\000.\0001\0005\0004\000\040\000D\000O\000C\000T\000E\000S\000T\000\137\000M\000S\000V\000C\000\137\000S\000U\000P\000P\000R\000E\000S\000S\000\137\000W\000A\000R\000N\000I\000N\000G}{subsection.12.64.1}% 1097
\BOOKMARK [3][-]{subsubsection.12.64.1.155}{\376\377\0001\0002\000.\0006\0004\000.\0001\000.\0001\0005\0005\000\040\000D\000O\000C\000T\000E\000S\000T\000\137\000M\000S\000V\000C\000\137\000S\000U\000P\000P\000R\000E\000S\000S\000\137\000W\000A\000R\000N\000I\000N\000G\000\137\000P\000O\000P}{subsection.12.64.1}% 1098
\BOOKMARK [3][-]{subsubsection.12.64.1.156}{\376\377\0001\0002\000.\0006\0004\000.\0001\000.\0001\0005\0006\000\040\000D\000O\000C\000T\000E\000S\000T\000\137\000M\000S\000V\000C\000\137\000S\000U\000P\000P\000R\000E\000S\000S\000\137\000W\000A\000R\000N\000I\000N\000G\000\137\000P\000U\000S\000H}{subsection.12.64.1}% 1099
\BOOKMARK [3][-]{subsubsection.12.64.1.157}{\376\377\0001\0002\000.\0006\0004\000.\0001\000.\0001\0005\0007\000\040\000D\000O\000C\000T\000E\000S\000T\000\137\000M\000S\000V\000C\000\137\000S\000U\000P\000P\000R\000E\000S\000S\000\137\000W\000A\000R\000N\000I\000N\000G\000\137\000W\000I\000T\000H\000\137\000P\000U\000S\000H}{subsection.12.64.1}% 1100
\BOOKMARK [3][-]{subsubsection.12.64.1.158}{\376\377\0001\0002\000.\0006\0004\000.\0001\000.\0001\0005\0008\000\040\000D\000O\000C\000T\000E\000S\000T\000\137\000N\000O\000\137\000S\000A\000N\000I\000T\000I\000Z\000E\000\137\000I\000N\000T\000E\000G\000E\000R}{subsection.12.64.1}% 1101
\BOOKMARK [3][-]{subsubsection.12.64.1.159}{\376\377\0001\0002\000.\0006\0004\000.\0001\000.\0001\0005\0009\000\040\000D\000O\000C\000T\000E\000S\000T\000\137\000N\000O\000E\000X\000C\000E\000P\000T}{subsection.12.64.1}% 1102
\BOOKMARK [3][-]{subsubsection.12.64.1.160}{\376\377\0001\0002\000.\0006\0004\000.\0001\000.\0001\0006\0000\000\040\000D\000O\000C\000T\000E\000S\000T\000\137\000N\000O\000I\000N\000L\000I\000N\000E}{subsection.12.64.1}% 1103
\BOOKMARK [3][-]{subsubsection.12.64.1.161}{\376\377\0001\0002\000.\0006\0004\000.\0001\000.\0001\0006\0001\000\040\000D\000O\000C\000T\000E\000S\000T\000\137\000N\000O\000R\000E\000T\000U\000R\000N}{subsection.12.64.1}% 1104
\BOOKMARK [3][-]{subsubsection.12.64.1.162}{\376\377\0001\0002\000.\0006\0004\000.\0001\000.\0001\0006\0002\000\040\000D\000O\000C\000T\000E\000S\000T\000\137\000P\000A\000R\000T\000S\000\137\000P\000U\000B\000L\000I\000C\000\137\000A\000S\000S\000E\000R\000T\000\137\000C\000O\000M\000P\000A\000R\000A\000T\000O\000R}{subsection.12.64.1}% 1105
\BOOKMARK [3][-]{subsubsection.12.64.1.163}{\376\377\0001\0002\000.\0006\0004\000.\0001\000.\0001\0006\0003\000\040\000D\000O\000C\000T\000E\000S\000T\000\137\000P\000A\000R\000T\000S\000\137\000P\000U\000B\000L\000I\000C\000\137\000A\000S\000S\000E\000R\000T\000\137\000D\000A\000T\000A}{subsection.12.64.1}% 1106
\BOOKMARK [3][-]{subsubsection.12.64.1.164}{\376\377\0001\0002\000.\0006\0004\000.\0001\000.\0001\0006\0004\000\040\000D\000O\000C\000T\000E\000S\000T\000\137\000P\000A\000R\000T\000S\000\137\000P\000U\000B\000L\000I\000C\000\137\000A\000S\000S\000E\000R\000T\000\137\000E\000X\000P\000R\000E\000S\000S\000I\000O\000N}{subsection.12.64.1}% 1107
\BOOKMARK [3][-]{subsubsection.12.64.1.165}{\376\377\0001\0002\000.\0006\0004\000.\0001\000.\0001\0006\0005\000\040\000D\000O\000C\000T\000E\000S\000T\000\137\000P\000A\000R\000T\000S\000\137\000P\000U\000B\000L\000I\000C\000\137\000A\000S\000S\000E\000R\000T\000\137\000H\000A\000N\000D\000L\000E\000R}{subsection.12.64.1}% 1108
\BOOKMARK [3][-]{subsubsection.12.64.1.166}{\376\377\0001\0002\000.\0006\0004\000.\0001\000.\0001\0006\0006\000\040\000D\000O\000C\000T\000E\000S\000T\000\137\000P\000A\000R\000T\000S\000\137\000P\000U\000B\000L\000I\000C\000\137\000A\000S\000S\000E\000R\000T\000\137\000M\000E\000S\000S\000A\000G\000E}{subsection.12.64.1}% 1109
\BOOKMARK [3][-]{subsubsection.12.64.1.167}{\376\377\0001\0002\000.\0006\0004\000.\0001\000.\0001\0006\0007\000\040\000D\000O\000C\000T\000E\000S\000T\000\137\000P\000A\000R\000T\000S\000\137\000P\000U\000B\000L\000I\000C\000\137\000A\000S\000S\000E\000R\000T\000\137\000R\000E\000S\000U\000L\000T}{subsection.12.64.1}% 1110
\BOOKMARK [3][-]{subsubsection.12.64.1.168}{\376\377\0001\0002\000.\0006\0004\000.\0001\000.\0001\0006\0008\000\040\000D\000O\000C\000T\000E\000S\000T\000\137\000P\000A\000R\000T\000S\000\137\000P\000U\000B\000L\000I\000C\000\137\000A\000S\000S\000E\000R\000T\000\137\000T\000Y\000P\000E}{subsection.12.64.1}% 1111
\BOOKMARK [3][-]{subsubsection.12.64.1.169}{\376\377\0001\0002\000.\0006\0004\000.\0001\000.\0001\0006\0009\000\040\000D\000O\000C\000T\000E\000S\000T\000\137\000P\000A\000R\000T\000S\000\137\000P\000U\000B\000L\000I\000C\000\137\000C\000O\000L\000O\000R}{subsection.12.64.1}% 1112
\BOOKMARK [3][-]{subsubsection.12.64.1.170}{\376\377\0001\0002\000.\0006\0004\000.\0001\000.\0001\0007\0000\000\040\000D\000O\000C\000T\000E\000S\000T\000\137\000P\000A\000R\000T\000S\000\137\000P\000U\000B\000L\000I\000C\000\137\000C\000O\000M\000P\000I\000L\000E\000R}{subsection.12.64.1}% 1113
\BOOKMARK [3][-]{subsubsection.12.64.1.171}{\376\377\0001\0002\000.\0006\0004\000.\0001\000.\0001\0007\0001\000\040\000D\000O\000C\000T\000E\000S\000T\000\137\000P\000A\000R\000T\000S\000\137\000P\000U\000B\000L\000I\000C\000\137\000C\000O\000N\000F\000I\000G}{subsection.12.64.1}% 1114
\BOOKMARK [3][-]{subsubsection.12.64.1.172}{\376\377\0001\0002\000.\0006\0004\000.\0001\000.\0001\0007\0002\000\040\000D\000O\000C\000T\000E\000S\000T\000\137\000P\000A\000R\000T\000S\000\137\000P\000U\000B\000L\000I\000C\000\137\000C\000O\000N\000T\000E\000X\000T}{subsection.12.64.1}% 1115
\BOOKMARK [3][-]{subsubsection.12.64.1.173}{\376\377\0001\0002\000.\0006\0004\000.\0001\000.\0001\0007\0003\000\040\000D\000O\000C\000T\000E\000S\000T\000\137\000P\000A\000R\000T\000S\000\137\000P\000U\000B\000L\000I\000C\000\137\000C\000O\000N\000T\000E\000X\000T\000\137\000O\000P\000T\000I\000O\000N\000S}{subsection.12.64.1}% 1116
\BOOKMARK [3][-]{subsubsection.12.64.1.174}{\376\377\0001\0002\000.\0006\0004\000.\0001\000.\0001\0007\0004\000\040\000D\000O\000C\000T\000E\000S\000T\000\137\000P\000A\000R\000T\000S\000\137\000P\000U\000B\000L\000I\000C\000\137\000C\000O\000N\000T\000E\000X\000T\000\137\000S\000C\000O\000P\000E}{subsection.12.64.1}% 1117
\BOOKMARK [3][-]{subsubsection.12.64.1.175}{\376\377\0001\0002\000.\0006\0004\000.\0001\000.\0001\0007\0005\000\040\000D\000O\000C\000T\000E\000S\000T\000\137\000P\000A\000R\000T\000S\000\137\000P\000U\000B\000L\000I\000C\000\137\000D\000E\000B\000U\000G\000G\000E\000R}{subsection.12.64.1}% 1118
\BOOKMARK [3][-]{subsubsection.12.64.1.176}{\376\377\0001\0002\000.\0006\0004\000.\0001\000.\0001\0007\0006\000\040\000D\000O\000C\000T\000E\000S\000T\000\137\000P\000A\000R\000T\000S\000\137\000P\000U\000B\000L\000I\000C\000\137\000D\000E\000C\000O\000R\000A\000T\000O\000R\000S}{subsection.12.64.1}% 1119
\BOOKMARK [3][-]{subsubsection.12.64.1.177}{\376\377\0001\0002\000.\0006\0004\000.\0001\000.\0001\0007\0007\000\040\000D\000O\000C\000T\000E\000S\000T\000\137\000P\000A\000R\000T\000S\000\137\000P\000U\000B\000L\000I\000C\000\137\000E\000X\000C\000E\000P\000T\000I\000O\000N\000\137\000T\000R\000A\000N\000S\000L\000A\000T\000O\000R}{subsection.12.64.1}% 1120
\BOOKMARK [3][-]{subsubsection.12.64.1.178}{\376\377\0001\0002\000.\0006\0004\000.\0001\000.\0001\0007\0008\000\040\000D\000O\000C\000T\000E\000S\000T\000\137\000P\000A\000R\000T\000S\000\137\000P\000U\000B\000L\000I\000C\000\137\000E\000X\000C\000E\000P\000T\000I\000O\000N\000S}{subsection.12.64.1}% 1121
\BOOKMARK [3][-]{subsubsection.12.64.1.179}{\376\377\0001\0002\000.\0006\0004\000.\0001\000.\0001\0007\0009\000\040\000D\000O\000C\000T\000E\000S\000T\000\137\000P\000A\000R\000T\000S\000\137\000P\000U\000B\000L\000I\000C\000\137\000G\000E\000N\000E\000R\000A\000T\000O\000R}{subsection.12.64.1}% 1122
\BOOKMARK [3][-]{subsubsection.12.64.1.180}{\376\377\0001\0002\000.\0006\0004\000.\0001\000.\0001\0008\0000\000\040\000D\000O\000C\000T\000E\000S\000T\000\137\000P\000A\000R\000T\000S\000\137\000P\000U\000B\000L\000I\000C\000\137\000M\000A\000C\000R\000O\000S}{subsection.12.64.1}% 1123
\BOOKMARK [3][-]{subsubsection.12.64.1.181}{\376\377\0001\0002\000.\0006\0004\000.\0001\000.\0001\0008\0001\000\040\000D\000O\000C\000T\000E\000S\000T\000\137\000P\000A\000R\000T\000S\000\137\000P\000U\000B\000L\000I\000C\000\137\000M\000A\000T\000C\000H\000E\000R\000S\000\137\000A\000P\000P\000R\000O\000X}{subsection.12.64.1}% 1124
\BOOKMARK [3][-]{subsubsection.12.64.1.182}{\376\377\0001\0002\000.\0006\0004\000.\0001\000.\0001\0008\0002\000\040\000D\000O\000C\000T\000E\000S\000T\000\137\000P\000A\000R\000T\000S\000\137\000P\000U\000B\000L\000I\000C\000\137\000M\000A\000T\000C\000H\000E\000R\000S\000\137\000C\000O\000N\000T\000A\000I\000N\000S}{subsection.12.64.1}% 1125
\BOOKMARK [3][-]{subsubsection.12.64.1.183}{\376\377\0001\0002\000.\0006\0004\000.\0001\000.\0001\0008\0003\000\040\000D\000O\000C\000T\000E\000S\000T\000\137\000P\000A\000R\000T\000S\000\137\000P\000U\000B\000L\000I\000C\000\137\000M\000A\000T\000C\000H\000E\000R\000S\000\137\000I\000S\000\137\000N\000A\000N}{subsection.12.64.1}% 1126
\BOOKMARK [3][-]{subsubsection.12.64.1.184}{\376\377\0001\0002\000.\0006\0004\000.\0001\000.\0001\0008\0004\000\040\000D\000O\000C\000T\000E\000S\000T\000\137\000P\000A\000R\000T\000S\000\137\000P\000U\000B\000L\000I\000C\000\137\000P\000A\000T\000H}{subsection.12.64.1}% 1127
\BOOKMARK [3][-]{subsubsection.12.64.1.185}{\376\377\0001\0002\000.\0006\0004\000.\0001\000.\0001\0008\0005\000\040\000D\000O\000C\000T\000E\000S\000T\000\137\000P\000A\000R\000T\000S\000\137\000P\000U\000B\000L\000I\000C\000\137\000P\000L\000A\000T\000F\000O\000R\000M}{subsection.12.64.1}% 1128
\BOOKMARK [3][-]{subsubsection.12.64.1.186}{\376\377\0001\0002\000.\0006\0004\000.\0001\000.\0001\0008\0006\000\040\000D\000O\000C\000T\000E\000S\000T\000\137\000P\000A\000R\000T\000S\000\137\000P\000U\000B\000L\000I\000C\000\137\000R\000E\000P\000O\000R\000T\000E\000R}{subsection.12.64.1}% 1129
\BOOKMARK [3][-]{subsubsection.12.64.1.187}{\376\377\0001\0002\000.\0006\0004\000.\0001\000.\0001\0008\0007\000\040\000D\000O\000C\000T\000E\000S\000T\000\137\000P\000A\000R\000T\000S\000\137\000P\000U\000B\000L\000I\000C\000\137\000S\000T\000D\000\137\000F\000W\000D}{subsection.12.64.1}% 1130
\BOOKMARK [3][-]{subsubsection.12.64.1.188}{\376\377\0001\0002\000.\0006\0004\000.\0001\000.\0001\0008\0008\000\040\000D\000O\000C\000T\000E\000S\000T\000\137\000P\000A\000R\000T\000S\000\137\000P\000U\000B\000L\000I\000C\000\137\000S\000T\000D\000\137\000T\000Y\000P\000E\000\137\000T\000R\000A\000I\000T\000S}{subsection.12.64.1}% 1131
\BOOKMARK [3][-]{subsubsection.12.64.1.189}{\376\377\0001\0002\000.\0006\0004\000.\0001\000.\0001\0008\0009\000\040\000D\000O\000C\000T\000E\000S\000T\000\137\000P\000A\000R\000T\000S\000\137\000P\000U\000B\000L\000I\000C\000\137\000S\000T\000D\000\137\000U\000T\000I\000L\000I\000T\000Y}{subsection.12.64.1}% 1132
\BOOKMARK [3][-]{subsubsection.12.64.1.190}{\376\377\0001\0002\000.\0006\0004\000.\0001\000.\0001\0009\0000\000\040\000D\000O\000C\000T\000E\000S\000T\000\137\000P\000A\000R\000T\000S\000\137\000P\000U\000B\000L\000I\000C\000\137\000S\000T\000R\000I\000N\000G}{subsection.12.64.1}% 1133
\BOOKMARK [3][-]{subsubsection.12.64.1.191}{\376\377\0001\0002\000.\0006\0004\000.\0001\000.\0001\0009\0001\000\040\000D\000O\000C\000T\000E\000S\000T\000\137\000P\000A\000R\000T\000S\000\137\000P\000U\000B\000L\000I\000C\000\137\000S\000U\000B\000C\000A\000S\000E}{subsection.12.64.1}% 1134
\BOOKMARK [3][-]{subsubsection.12.64.1.192}{\376\377\0001\0002\000.\0006\0004\000.\0001\000.\0001\0009\0002\000\040\000D\000O\000C\000T\000E\000S\000T\000\137\000P\000A\000R\000T\000S\000\137\000P\000U\000B\000L\000I\000C\000\137\000T\000E\000S\000T\000\137\000C\000A\000S\000E}{subsection.12.64.1}% 1135
\BOOKMARK [3][-]{subsubsection.12.64.1.193}{\376\377\0001\0002\000.\0006\0004\000.\0001\000.\0001\0009\0003\000\040\000D\000O\000C\000T\000E\000S\000T\000\137\000P\000A\000R\000T\000S\000\137\000P\000U\000B\000L\000I\000C\000\137\000T\000E\000S\000T\000\137\000S\000U\000I\000T\000E}{subsection.12.64.1}% 1136
\BOOKMARK [3][-]{subsubsection.12.64.1.194}{\376\377\0001\0002\000.\0006\0004\000.\0001\000.\0001\0009\0004\000\040\000D\000O\000C\000T\000E\000S\000T\000\137\000P\000A\000R\000T\000S\000\137\000P\000U\000B\000L\000I\000C\000\137\000U\000T\000I\000L\000I\000T\000Y}{subsection.12.64.1}% 1137
\BOOKMARK [3][-]{subsubsection.12.64.1.195}{\376\377\0001\0002\000.\0006\0004\000.\0001\000.\0001\0009\0005\000\040\000D\000O\000C\000T\000E\000S\000T\000\137\000P\000A\000R\000T\000S\000\137\000P\000U\000B\000L\000I\000C\000\137\000V\000E\000R\000S\000I\000O\000N}{subsection.12.64.1}% 1138
\BOOKMARK [3][-]{subsubsection.12.64.1.196}{\376\377\0001\0002\000.\0006\0004\000.\0001\000.\0001\0009\0006\000\040\000D\000O\000C\000T\000E\000S\000T\000\137\000P\000A\000R\000T\000S\000\137\000P\000U\000B\000L\000I\000C\000\137\000W\000A\000R\000N\000I\000N\000G\000S}{subsection.12.64.1}% 1139
\BOOKMARK [3][-]{subsubsection.12.64.1.197}{\376\377\0001\0002\000.\0006\0004\000.\0001\000.\0001\0009\0007\000\040\000D\000O\000C\000T\000E\000S\000T\000\137\000P\000L\000A\000T\000F\000O\000R\000M\000\137\000L\000I\000N\000U\000X}{subsection.12.64.1}% 1140
\BOOKMARK [3][-]{subsubsection.12.64.1.198}{\376\377\0001\0002\000.\0006\0004\000.\0001\000.\0001\0009\0008\000\040\000D\000O\000C\000T\000E\000S\000T\000\137\000R\000E\000F\000\137\000W\000R\000A\000P}{subsection.12.64.1}% 1141
\BOOKMARK [3][-]{subsubsection.12.64.1.199}{\376\377\0001\0002\000.\0006\0004\000.\0001\000.\0001\0009\0009\000\040\000D\000O\000C\000T\000E\000S\000T\000\137\000R\000E\000G\000I\000S\000T\000E\000R\000\137\000E\000X\000C\000E\000P\000T\000I\000O\000N\000\137\000T\000R\000A\000N\000S\000L\000A\000T\000O\000R}{subsection.12.64.1}% 1142
\BOOKMARK [3][-]{subsubsection.12.64.1.200}{\376\377\0001\0002\000.\0006\0004\000.\0001\000.\0002\0000\0000\000\040\000D\000O\000C\000T\000E\000S\000T\000\137\000R\000E\000G\000I\000S\000T\000E\000R\000\137\000E\000X\000C\000E\000P\000T\000I\000O\000N\000\137\000T\000R\000A\000N\000S\000L\000A\000T\000O\000R\000\137\000I\000M\000P\000L}{subsection.12.64.1}% 1143
\BOOKMARK [3][-]{subsubsection.12.64.1.201}{\376\377\0001\0002\000.\0006\0004\000.\0001\000.\0002\0000\0001\000\040\000D\000O\000C\000T\000E\000S\000T\000\137\000R\000E\000G\000I\000S\000T\000E\000R\000\137\000F\000U\000N\000C\000T\000I\000O\000N}{subsection.12.64.1}% 1144
\BOOKMARK [3][-]{subsubsection.12.64.1.202}{\376\377\0001\0002\000.\0006\0004\000.\0001\000.\0002\0000\0002\000\040\000D\000O\000C\000T\000E\000S\000T\000\137\000R\000E\000G\000I\000S\000T\000E\000R\000\137\000L\000I\000S\000T\000E\000N\000E\000R}{subsection.12.64.1}% 1145
\BOOKMARK [3][-]{subsubsection.12.64.1.203}{\376\377\0001\0002\000.\0006\0004\000.\0001\000.\0002\0000\0003\000\040\000D\000O\000C\000T\000E\000S\000T\000\137\000R\000E\000G\000I\000S\000T\000E\000R\000\137\000R\000E\000P\000O\000R\000T\000E\000R}{subsection.12.64.1}% 1146
\BOOKMARK [3][-]{subsubsection.12.64.1.204}{\376\377\0001\0002\000.\0006\0004\000.\0001\000.\0002\0000\0004\000\040\000D\000O\000C\000T\000E\000S\000T\000\137\000R\000E\000L\000A\000T\000I\000O\000N\000A\000L\000\137\000O\000P}{subsection.12.64.1}% 1147
\BOOKMARK [3][-]{subsubsection.12.64.1.205}{\376\377\0001\0002\000.\0006\0004\000.\0001\000.\0002\0000\0005\000\040\000D\000O\000C\000T\000E\000S\000T\000\137\000R\000E\000Q\000U\000I\000R\000E\000\040\000[\0001\000/\0002\000]}{subsection.12.64.1}% 1148
\BOOKMARK [3][-]{subsubsection.12.64.1.206}{\376\377\0001\0002\000.\0006\0004\000.\0001\000.\0002\0000\0006\000\040\000D\000O\000C\000T\000E\000S\000T\000\137\000R\000E\000Q\000U\000I\000R\000E\000\040\000[\0002\000/\0002\000]}{subsection.12.64.1}% 1149
\BOOKMARK [3][-]{subsubsection.12.64.1.207}{\376\377\0001\0002\000.\0006\0004\000.\0001\000.\0002\0000\0007\000\040\000D\000O\000C\000T\000E\000S\000T\000\137\000R\000E\000Q\000U\000I\000R\000E\000\137\000E\000Q\000\040\000[\0001\000/\0002\000]}{subsection.12.64.1}% 1150
\BOOKMARK [3][-]{subsubsection.12.64.1.208}{\376\377\0001\0002\000.\0006\0004\000.\0001\000.\0002\0000\0008\000\040\000D\000O\000C\000T\000E\000S\000T\000\137\000R\000E\000Q\000U\000I\000R\000E\000\137\000E\000Q\000\040\000[\0002\000/\0002\000]}{subsection.12.64.1}% 1151
\BOOKMARK [3][-]{subsubsection.12.64.1.209}{\376\377\0001\0002\000.\0006\0004\000.\0001\000.\0002\0000\0009\000\040\000D\000O\000C\000T\000E\000S\000T\000\137\000R\000E\000Q\000U\000I\000R\000E\000\137\000F\000A\000L\000S\000E\000\040\000[\0001\000/\0002\000]}{subsection.12.64.1}% 1152
\BOOKMARK [3][-]{subsubsection.12.64.1.210}{\376\377\0001\0002\000.\0006\0004\000.\0001\000.\0002\0001\0000\000\040\000D\000O\000C\000T\000E\000S\000T\000\137\000R\000E\000Q\000U\000I\000R\000E\000\137\000F\000A\000L\000S\000E\000\040\000[\0002\000/\0002\000]}{subsection.12.64.1}% 1153
\BOOKMARK [3][-]{subsubsection.12.64.1.211}{\376\377\0001\0002\000.\0006\0004\000.\0001\000.\0002\0001\0001\000\040\000D\000O\000C\000T\000E\000S\000T\000\137\000R\000E\000Q\000U\000I\000R\000E\000\137\000F\000A\000L\000S\000E\000\137\000M\000E\000S\000S\000A\000G\000E\000\040\000[\0001\000/\0002\000]}{subsection.12.64.1}% 1154
\BOOKMARK [3][-]{subsubsection.12.64.1.212}{\376\377\0001\0002\000.\0006\0004\000.\0001\000.\0002\0001\0002\000\040\000D\000O\000C\000T\000E\000S\000T\000\137\000R\000E\000Q\000U\000I\000R\000E\000\137\000F\000A\000L\000S\000E\000\137\000M\000E\000S\000S\000A\000G\000E\000\040\000[\0002\000/\0002\000]}{subsection.12.64.1}% 1155
\BOOKMARK [3][-]{subsubsection.12.64.1.213}{\376\377\0001\0002\000.\0006\0004\000.\0001\000.\0002\0001\0003\000\040\000D\000O\000C\000T\000E\000S\000T\000\137\000R\000E\000Q\000U\000I\000R\000E\000\137\000G\000E\000\040\000[\0001\000/\0002\000]}{subsection.12.64.1}% 1156
\BOOKMARK [3][-]{subsubsection.12.64.1.214}{\376\377\0001\0002\000.\0006\0004\000.\0001\000.\0002\0001\0004\000\040\000D\000O\000C\000T\000E\000S\000T\000\137\000R\000E\000Q\000U\000I\000R\000E\000\137\000G\000E\000\040\000[\0002\000/\0002\000]}{subsection.12.64.1}% 1157
\BOOKMARK [3][-]{subsubsection.12.64.1.215}{\376\377\0001\0002\000.\0006\0004\000.\0001\000.\0002\0001\0005\000\040\000D\000O\000C\000T\000E\000S\000T\000\137\000R\000E\000Q\000U\000I\000R\000E\000\137\000G\000T\000\040\000[\0001\000/\0002\000]}{subsection.12.64.1}% 1158
\BOOKMARK [3][-]{subsubsection.12.64.1.216}{\376\377\0001\0002\000.\0006\0004\000.\0001\000.\0002\0001\0006\000\040\000D\000O\000C\000T\000E\000S\000T\000\137\000R\000E\000Q\000U\000I\000R\000E\000\137\000G\000T\000\040\000[\0002\000/\0002\000]}{subsection.12.64.1}% 1159
\BOOKMARK [3][-]{subsubsection.12.64.1.217}{\376\377\0001\0002\000.\0006\0004\000.\0001\000.\0002\0001\0007\000\040\000D\000O\000C\000T\000E\000S\000T\000\137\000R\000E\000Q\000U\000I\000R\000E\000\137\000L\000E\000\040\000[\0001\000/\0002\000]}{subsection.12.64.1}% 1160
\BOOKMARK [3][-]{subsubsection.12.64.1.218}{\376\377\0001\0002\000.\0006\0004\000.\0001\000.\0002\0001\0008\000\040\000D\000O\000C\000T\000E\000S\000T\000\137\000R\000E\000Q\000U\000I\000R\000E\000\137\000L\000E\000\040\000[\0002\000/\0002\000]}{subsection.12.64.1}% 1161
\BOOKMARK [3][-]{subsubsection.12.64.1.219}{\376\377\0001\0002\000.\0006\0004\000.\0001\000.\0002\0001\0009\000\040\000D\000O\000C\000T\000E\000S\000T\000\137\000R\000E\000Q\000U\000I\000R\000E\000\137\000L\000T\000\040\000[\0001\000/\0002\000]}{subsection.12.64.1}% 1162
\BOOKMARK [3][-]{subsubsection.12.64.1.220}{\376\377\0001\0002\000.\0006\0004\000.\0001\000.\0002\0002\0000\000\040\000D\000O\000C\000T\000E\000S\000T\000\137\000R\000E\000Q\000U\000I\000R\000E\000\137\000L\000T\000\040\000[\0002\000/\0002\000]}{subsection.12.64.1}% 1163
\BOOKMARK [3][-]{subsubsection.12.64.1.221}{\376\377\0001\0002\000.\0006\0004\000.\0001\000.\0002\0002\0001\000\040\000D\000O\000C\000T\000E\000S\000T\000\137\000R\000E\000Q\000U\000I\000R\000E\000\137\000M\000E\000S\000S\000A\000G\000E\000\040\000[\0001\000/\0002\000]}{subsection.12.64.1}% 1164
\BOOKMARK [3][-]{subsubsection.12.64.1.222}{\376\377\0001\0002\000.\0006\0004\000.\0001\000.\0002\0002\0002\000\040\000D\000O\000C\000T\000E\000S\000T\000\137\000R\000E\000Q\000U\000I\000R\000E\000\137\000M\000E\000S\000S\000A\000G\000E\000\040\000[\0002\000/\0002\000]}{subsection.12.64.1}% 1165
\BOOKMARK [3][-]{subsubsection.12.64.1.223}{\376\377\0001\0002\000.\0006\0004\000.\0001\000.\0002\0002\0003\000\040\000D\000O\000C\000T\000E\000S\000T\000\137\000R\000E\000Q\000U\000I\000R\000E\000\137\000N\000E\000\040\000[\0001\000/\0002\000]}{subsection.12.64.1}% 1166
\BOOKMARK [3][-]{subsubsection.12.64.1.224}{\376\377\0001\0002\000.\0006\0004\000.\0001\000.\0002\0002\0004\000\040\000D\000O\000C\000T\000E\000S\000T\000\137\000R\000E\000Q\000U\000I\000R\000E\000\137\000N\000E\000\040\000[\0002\000/\0002\000]}{subsection.12.64.1}% 1167
\BOOKMARK [3][-]{subsubsection.12.64.1.225}{\376\377\0001\0002\000.\0006\0004\000.\0001\000.\0002\0002\0005\000\040\000D\000O\000C\000T\000E\000S\000T\000\137\000R\000E\000Q\000U\000I\000R\000E\000\137\000N\000O\000T\000H\000R\000O\000W}{subsection.12.64.1}% 1168
\BOOKMARK [3][-]{subsubsection.12.64.1.226}{\376\377\0001\0002\000.\0006\0004\000.\0001\000.\0002\0002\0006\000\040\000D\000O\000C\000T\000E\000S\000T\000\137\000R\000E\000Q\000U\000I\000R\000E\000\137\000N\000O\000T\000H\000R\000O\000W\000\137\000M\000E\000S\000S\000A\000G\000E}{subsection.12.64.1}% 1169
\BOOKMARK [3][-]{subsubsection.12.64.1.227}{\376\377\0001\0002\000.\0006\0004\000.\0001\000.\0002\0002\0007\000\040\000D\000O\000C\000T\000E\000S\000T\000\137\000R\000E\000Q\000U\000I\000R\000E\000\137\000T\000H\000R\000O\000W\000S}{subsection.12.64.1}% 1170
\BOOKMARK [3][-]{subsubsection.12.64.1.228}{\376\377\0001\0002\000.\0006\0004\000.\0001\000.\0002\0002\0008\000\040\000D\000O\000C\000T\000E\000S\000T\000\137\000R\000E\000Q\000U\000I\000R\000E\000\137\000T\000H\000R\000O\000W\000S\000\137\000A\000S}{subsection.12.64.1}% 1171
\BOOKMARK [3][-]{subsubsection.12.64.1.229}{\376\377\0001\0002\000.\0006\0004\000.\0001\000.\0002\0002\0009\000\040\000D\000O\000C\000T\000E\000S\000T\000\137\000R\000E\000Q\000U\000I\000R\000E\000\137\000T\000H\000R\000O\000W\000S\000\137\000A\000S\000\137\000M\000E\000S\000S\000A\000G\000E}{subsection.12.64.1}% 1172
\BOOKMARK [3][-]{subsubsection.12.64.1.230}{\376\377\0001\0002\000.\0006\0004\000.\0001\000.\0002\0003\0000\000\040\000D\000O\000C\000T\000E\000S\000T\000\137\000R\000E\000Q\000U\000I\000R\000E\000\137\000T\000H\000R\000O\000W\000S\000\137\000M\000E\000S\000S\000A\000G\000E}{subsection.12.64.1}% 1173
\BOOKMARK [3][-]{subsubsection.12.64.1.231}{\376\377\0001\0002\000.\0006\0004\000.\0001\000.\0002\0003\0001\000\040\000D\000O\000C\000T\000E\000S\000T\000\137\000R\000E\000Q\000U\000I\000R\000E\000\137\000T\000H\000R\000O\000W\000S\000\137\000W\000I\000T\000H}{subsection.12.64.1}% 1174
\BOOKMARK [3][-]{subsubsection.12.64.1.232}{\376\377\0001\0002\000.\0006\0004\000.\0001\000.\0002\0003\0002\000\040\000D\000O\000C\000T\000E\000S\000T\000\137\000R\000E\000Q\000U\000I\000R\000E\000\137\000T\000H\000R\000O\000W\000S\000\137\000W\000I\000T\000H\000\137\000A\000S}{subsection.12.64.1}% 1175
\BOOKMARK [3][-]{subsubsection.12.64.1.233}{\376\377\0001\0002\000.\0006\0004\000.\0001\000.\0002\0003\0003\000\040\000D\000O\000C\000T\000E\000S\000T\000\137\000R\000E\000Q\000U\000I\000R\000E\000\137\000T\000H\000R\000O\000W\000S\000\137\000W\000I\000T\000H\000\137\000A\000S\000\137\000M\000E\000S\000S\000A\000G\000E}{subsection.12.64.1}% 1176
\BOOKMARK [3][-]{subsubsection.12.64.1.234}{\376\377\0001\0002\000.\0006\0004\000.\0001\000.\0002\0003\0004\000\040\000D\000O\000C\000T\000E\000S\000T\000\137\000R\000E\000Q\000U\000I\000R\000E\000\137\000T\000H\000R\000O\000W\000S\000\137\000W\000I\000T\000H\000\137\000M\000E\000S\000S\000A\000G\000E}{subsection.12.64.1}% 1177
\BOOKMARK [3][-]{subsubsection.12.64.1.235}{\376\377\0001\0002\000.\0006\0004\000.\0001\000.\0002\0003\0005\000\040\000D\000O\000C\000T\000E\000S\000T\000\137\000R\000E\000Q\000U\000I\000R\000E\000\137\000U\000N\000A\000R\000Y\000\040\000[\0001\000/\0002\000]}{subsection.12.64.1}% 1178
\BOOKMARK [3][-]{subsubsection.12.64.1.236}{\376\377\0001\0002\000.\0006\0004\000.\0001\000.\0002\0003\0006\000\040\000D\000O\000C\000T\000E\000S\000T\000\137\000R\000E\000Q\000U\000I\000R\000E\000\137\000U\000N\000A\000R\000Y\000\040\000[\0002\000/\0002\000]}{subsection.12.64.1}% 1179
\BOOKMARK [3][-]{subsubsection.12.64.1.237}{\376\377\0001\0002\000.\0006\0004\000.\0001\000.\0002\0003\0007\000\040\000D\000O\000C\000T\000E\000S\000T\000\137\000R\000E\000Q\000U\000I\000R\000E\000\137\000U\000N\000A\000R\000Y\000\137\000F\000A\000L\000S\000E\000\040\000[\0001\000/\0002\000]}{subsection.12.64.1}% 1180
\BOOKMARK [3][-]{subsubsection.12.64.1.238}{\376\377\0001\0002\000.\0006\0004\000.\0001\000.\0002\0003\0008\000\040\000D\000O\000C\000T\000E\000S\000T\000\137\000R\000E\000Q\000U\000I\000R\000E\000\137\000U\000N\000A\000R\000Y\000\137\000F\000A\000L\000S\000E\000\040\000[\0002\000/\0002\000]}{subsection.12.64.1}% 1181
\BOOKMARK [3][-]{subsubsection.12.64.1.239}{\376\377\0001\0002\000.\0006\0004\000.\0001\000.\0002\0003\0009\000\040\000D\000O\000C\000T\000E\000S\000T\000\137\000S\000C\000E\000N\000A\000R\000I\000O}{subsection.12.64.1}% 1182
\BOOKMARK [3][-]{subsubsection.12.64.1.240}{\376\377\0001\0002\000.\0006\0004\000.\0001\000.\0002\0004\0000\000\040\000D\000O\000C\000T\000E\000S\000T\000\137\000S\000C\000E\000N\000A\000R\000I\000O\000\137\000C\000L\000A\000S\000S}{subsection.12.64.1}% 1183
\BOOKMARK [3][-]{subsubsection.12.64.1.241}{\376\377\0001\0002\000.\0006\0004\000.\0001\000.\0002\0004\0001\000\040\000D\000O\000C\000T\000E\000S\000T\000\137\000S\000C\000E\000N\000A\000R\000I\000O\000\137\000M\000E\000T\000H\000O\000D}{subsection.12.64.1}% 1184
\BOOKMARK [3][-]{subsubsection.12.64.1.242}{\376\377\0001\0002\000.\0006\0004\000.\0001\000.\0002\0004\0002\000\040\000D\000O\000C\000T\000E\000S\000T\000\137\000S\000C\000E\000N\000A\000R\000I\000O\000\137\000T\000E\000M\000P\000L\000A\000T\000E}{subsection.12.64.1}% 1185
\BOOKMARK [3][-]{subsubsection.12.64.1.243}{\376\377\0001\0002\000.\0006\0004\000.\0001\000.\0002\0004\0003\000\040\000D\000O\000C\000T\000E\000S\000T\000\137\000S\000C\000E\000N\000A\000R\000I\000O\000\137\000T\000E\000M\000P\000L\000A\000T\000E\000\137\000D\000E\000F\000I\000N\000E}{subsection.12.64.1}% 1186
\BOOKMARK [3][-]{subsubsection.12.64.1.244}{\376\377\0001\0002\000.\0006\0004\000.\0001\000.\0002\0004\0004\000\040\000D\000O\000C\000T\000E\000S\000T\000\137\000S\000T\000R\000I\000N\000G\000I\000F\000Y}{subsection.12.64.1}% 1187
\BOOKMARK [3][-]{subsubsection.12.64.1.245}{\376\377\0001\0002\000.\0006\0004\000.\0001\000.\0002\0004\0005\000\040\000D\000O\000C\000T\000E\000S\000T\000\137\000S\000U\000B\000C\000A\000S\000E}{subsection.12.64.1}% 1188
\BOOKMARK [3][-]{subsubsection.12.64.1.246}{\376\377\0001\0002\000.\0006\0004\000.\0001\000.\0002\0004\0006\000\040\000D\000O\000C\000T\000E\000S\000T\000\137\000S\000U\000P\000P\000R\000E\000S\000S\000\137\000C\000O\000M\000M\000O\000N\000\137\000W\000A\000R\000N\000I\000N\000G\000S\000\137\000P\000O\000P}{subsection.12.64.1}% 1189
\BOOKMARK [3][-]{subsubsection.12.64.1.247}{\376\377\0001\0002\000.\0006\0004\000.\0001\000.\0002\0004\0007\000\040\000D\000O\000C\000T\000E\000S\000T\000\137\000S\000U\000P\000P\000R\000E\000S\000S\000\137\000C\000O\000M\000M\000O\000N\000\137\000W\000A\000R\000N\000I\000N\000G\000S\000\137\000P\000U\000S\000H}{subsection.12.64.1}% 1190
\BOOKMARK [3][-]{subsubsection.12.64.1.248}{\376\377\0001\0002\000.\0006\0004\000.\0001\000.\0002\0004\0008\000\040\000D\000O\000C\000T\000E\000S\000T\000\137\000S\000U\000P\000P\000R\000E\000S\000S\000\137\000P\000R\000I\000V\000A\000T\000E\000\137\000W\000A\000R\000N\000I\000N\000G\000S\000\137\000P\000O\000P}{subsection.12.64.1}% 1191
\BOOKMARK [3][-]{subsubsection.12.64.1.249}{\376\377\0001\0002\000.\0006\0004\000.\0001\000.\0002\0004\0009\000\040\000D\000O\000C\000T\000E\000S\000T\000\137\000S\000U\000P\000P\000R\000E\000S\000S\000\137\000P\000R\000I\000V\000A\000T\000E\000\137\000W\000A\000R\000N\000I\000N\000G\000S\000\137\000P\000U\000S\000H}{subsection.12.64.1}% 1192
\BOOKMARK [3][-]{subsubsection.12.64.1.250}{\376\377\0001\0002\000.\0006\0004\000.\0001\000.\0002\0005\0000\000\040\000D\000O\000C\000T\000E\000S\000T\000\137\000S\000U\000P\000P\000R\000E\000S\000S\000\137\000P\000U\000B\000L\000I\000C\000\137\000W\000A\000R\000N\000I\000N\000G\000S\000\137\000P\000O\000P}{subsection.12.64.1}% 1193
\BOOKMARK [3][-]{subsubsection.12.64.1.251}{\376\377\0001\0002\000.\0006\0004\000.\0001\000.\0002\0005\0001\000\040\000D\000O\000C\000T\000E\000S\000T\000\137\000S\000U\000P\000P\000R\000E\000S\000S\000\137\000P\000U\000B\000L\000I\000C\000\137\000W\000A\000R\000N\000I\000N\000G\000S\000\137\000P\000U\000S\000H}{subsection.12.64.1}% 1194
\BOOKMARK [3][-]{subsubsection.12.64.1.252}{\376\377\0001\0002\000.\0006\0004\000.\0001\000.\0002\0005\0002\000\040\000D\000O\000C\000T\000E\000S\000T\000\137\000S\000Y\000M\000B\000O\000L\000\137\000E\000X\000P\000O\000R\000T}{subsection.12.64.1}% 1195
\BOOKMARK [3][-]{subsubsection.12.64.1.253}{\376\377\0001\0002\000.\0006\0004\000.\0001\000.\0002\0005\0003\000\040\000D\000O\000C\000T\000E\000S\000T\000\137\000S\000Y\000M\000B\000O\000L\000\137\000I\000M\000P\000O\000R\000T}{subsection.12.64.1}% 1196
\BOOKMARK [3][-]{subsubsection.12.64.1.254}{\376\377\0001\0002\000.\0006\0004\000.\0001\000.\0002\0005\0004\000\040\000D\000O\000C\000T\000E\000S\000T\000\137\000T\000E\000S\000T\000\137\000C\000A\000S\000E}{subsection.12.64.1}% 1197
\BOOKMARK [3][-]{subsubsection.12.64.1.255}{\376\377\0001\0002\000.\0006\0004\000.\0001\000.\0002\0005\0005\000\040\000D\000O\000C\000T\000E\000S\000T\000\137\000T\000E\000S\000T\000\137\000C\000A\000S\000E\000\137\000C\000L\000A\000S\000S}{subsection.12.64.1}% 1198
\BOOKMARK [3][-]{subsubsection.12.64.1.256}{\376\377\0001\0002\000.\0006\0004\000.\0001\000.\0002\0005\0006\000\040\000D\000O\000C\000T\000E\000S\000T\000\137\000T\000E\000S\000T\000\137\000C\000A\000S\000E\000\137\000F\000I\000X\000T\000U\000R\000E}{subsection.12.64.1}% 1199
\BOOKMARK [3][-]{subsubsection.12.64.1.257}{\376\377\0001\0002\000.\0006\0004\000.\0001\000.\0002\0005\0007\000\040\000D\000O\000C\000T\000E\000S\000T\000\137\000T\000E\000S\000T\000\137\000C\000A\000S\000E\000\137\000T\000E\000M\000P\000L\000A\000T\000E}{subsection.12.64.1}% 1200
\BOOKMARK [3][-]{subsubsection.12.64.1.258}{\376\377\0001\0002\000.\0006\0004\000.\0001\000.\0002\0005\0008\000\040\000D\000O\000C\000T\000E\000S\000T\000\137\000T\000E\000S\000T\000\137\000C\000A\000S\000E\000\137\000T\000E\000M\000P\000L\000A\000T\000E\000\137\000A\000P\000P\000L\000Y}{subsection.12.64.1}% 1201
\BOOKMARK [3][-]{subsubsection.12.64.1.259}{\376\377\0001\0002\000.\0006\0004\000.\0001\000.\0002\0005\0009\000\040\000D\000O\000C\000T\000E\000S\000T\000\137\000T\000E\000S\000T\000\137\000C\000A\000S\000E\000\137\000T\000E\000M\000P\000L\000A\000T\000E\000\137\000D\000E\000F\000I\000N\000E}{subsection.12.64.1}% 1202
\BOOKMARK [3][-]{subsubsection.12.64.1.260}{\376\377\0001\0002\000.\0006\0004\000.\0001\000.\0002\0006\0000\000\040\000D\000O\000C\000T\000E\000S\000T\000\137\000T\000E\000S\000T\000\137\000C\000A\000S\000E\000\137\000T\000E\000M\000P\000L\000A\000T\000E\000\137\000D\000E\000F\000I\000N\000E\000\137\000I\000M\000P\000L}{subsection.12.64.1}% 1203
\BOOKMARK [3][-]{subsubsection.12.64.1.261}{\376\377\0001\0002\000.\0006\0004\000.\0001\000.\0002\0006\0001\000\040\000D\000O\000C\000T\000E\000S\000T\000\137\000T\000E\000S\000T\000\137\000C\000A\000S\000E\000\137\000T\000E\000M\000P\000L\000A\000T\000E\000\137\000I\000M\000P\000L}{subsection.12.64.1}% 1204
\BOOKMARK [3][-]{subsubsection.12.64.1.262}{\376\377\0001\0002\000.\0006\0004\000.\0001\000.\0002\0006\0002\000\040\000D\000O\000C\000T\000E\000S\000T\000\137\000T\000E\000S\000T\000\137\000C\000A\000S\000E\000\137\000T\000E\000M\000P\000L\000A\000T\000E\000\137\000I\000N\000S\000T\000A\000N\000T\000I\000A\000T\000E}{subsection.12.64.1}% 1205
\BOOKMARK [3][-]{subsubsection.12.64.1.263}{\376\377\0001\0002\000.\0006\0004\000.\0001\000.\0002\0006\0003\000\040\000D\000O\000C\000T\000E\000S\000T\000\137\000T\000E\000S\000T\000\137\000C\000A\000S\000E\000\137\000T\000E\000M\000P\000L\000A\000T\000E\000\137\000I\000N\000S\000T\000A\000N\000T\000I\000A\000T\000E\000\137\000I\000M\000P\000L}{subsection.12.64.1}% 1206
\BOOKMARK [3][-]{subsubsection.12.64.1.264}{\376\377\0001\0002\000.\0006\0004\000.\0001\000.\0002\0006\0004\000\040\000D\000O\000C\000T\000E\000S\000T\000\137\000T\000E\000S\000T\000\137\000C\000A\000S\000E\000\137\000T\000E\000M\000P\000L\000A\000T\000E\000\137\000I\000N\000V\000O\000K\000E}{subsection.12.64.1}% 1207
\BOOKMARK [3][-]{subsubsection.12.64.1.265}{\376\377\0001\0002\000.\0006\0004\000.\0001\000.\0002\0006\0005\000\040\000D\000O\000C\000T\000E\000S\000T\000\137\000T\000E\000S\000T\000\137\000S\000U\000I\000T\000E}{subsection.12.64.1}% 1208
\BOOKMARK [3][-]{subsubsection.12.64.1.266}{\376\377\0001\0002\000.\0006\0004\000.\0001\000.\0002\0006\0006\000\040\000D\000O\000C\000T\000E\000S\000T\000\137\000T\000E\000S\000T\000\137\000S\000U\000I\000T\000E\000\137\000B\000E\000G\000I\000N}{subsection.12.64.1}% 1209
\BOOKMARK [3][-]{subsubsection.12.64.1.267}{\376\377\0001\0002\000.\0006\0004\000.\0001\000.\0002\0006\0007\000\040\000D\000O\000C\000T\000E\000S\000T\000\137\000T\000E\000S\000T\000\137\000S\000U\000I\000T\000E\000\137\000E\000N\000D}{subsection.12.64.1}% 1210
\BOOKMARK [3][-]{subsubsection.12.64.1.268}{\376\377\0001\0002\000.\0006\0004\000.\0001\000.\0002\0006\0008\000\040\000D\000O\000C\000T\000E\000S\000T\000\137\000T\000E\000S\000T\000\137\000S\000U\000I\000T\000E\000\137\000I\000M\000P\000L}{subsection.12.64.1}% 1211
\BOOKMARK [3][-]{subsubsection.12.64.1.269}{\376\377\0001\0002\000.\0006\0004\000.\0001\000.\0002\0006\0009\000\040\000D\000O\000C\000T\000E\000S\000T\000\137\000T\000H\000E\000N}{subsection.12.64.1}% 1212
\BOOKMARK [3][-]{subsubsection.12.64.1.270}{\376\377\0001\0002\000.\0006\0004\000.\0001\000.\0002\0007\0000\000\040\000D\000O\000C\000T\000E\000S\000T\000\137\000T\000O\000\137\000L\000V\000A\000L\000U\000E}{subsection.12.64.1}% 1213
\BOOKMARK [3][-]{subsubsection.12.64.1.271}{\376\377\0001\0002\000.\0006\0004\000.\0001\000.\0002\0007\0001\000\040\000D\000O\000C\000T\000E\000S\000T\000\137\000T\000O\000S\000T\000R}{subsection.12.64.1}% 1214
\BOOKMARK [3][-]{subsubsection.12.64.1.272}{\376\377\0001\0002\000.\0006\0004\000.\0001\000.\0002\0007\0002\000\040\000D\000O\000C\000T\000E\000S\000T\000\137\000T\000O\000S\000T\000R\000\137\000I\000M\000P\000L}{subsection.12.64.1}% 1215
\BOOKMARK [3][-]{subsubsection.12.64.1.273}{\376\377\0001\0002\000.\0006\0004\000.\0001\000.\0002\0007\0003\000\040\000D\000O\000C\000T\000E\000S\000T\000\137\000T\000Y\000P\000E\000\137\000T\000O\000\137\000S\000T\000R\000I\000N\000G}{subsection.12.64.1}% 1216
\BOOKMARK [3][-]{subsubsection.12.64.1.274}{\376\377\0001\0002\000.\0006\0004\000.\0001\000.\0002\0007\0004\000\040\000D\000O\000C\000T\000E\000S\000T\000\137\000T\000Y\000P\000E\000\137\000T\000O\000\137\000S\000T\000R\000I\000N\000G\000\137\000A\000S}{subsection.12.64.1}% 1217
\BOOKMARK [3][-]{subsubsection.12.64.1.275}{\376\377\0001\0002\000.\0006\0004\000.\0001\000.\0002\0007\0005\000\040\000D\000O\000C\000T\000E\000S\000T\000\137\000U\000N\000A\000R\000Y\000\137\000A\000S\000S\000E\000R\000T}{subsection.12.64.1}% 1218
\BOOKMARK [3][-]{subsubsection.12.64.1.276}{\376\377\0001\0002\000.\0006\0004\000.\0001\000.\0002\0007\0006\000\040\000D\000O\000C\000T\000E\000S\000T\000\137\000U\000N\000U\000S\000E\000D}{subsection.12.64.1}% 1219
\BOOKMARK [3][-]{subsubsection.12.64.1.277}{\376\377\0001\0002\000.\0006\0004\000.\0001\000.\0002\0007\0007\000\040\000D\000O\000C\000T\000E\000S\000T\000\137\000V\000E\000R\000S\000I\000O\000N}{subsection.12.64.1}% 1220
\BOOKMARK [3][-]{subsubsection.12.64.1.278}{\376\377\0001\0002\000.\0006\0004\000.\0001\000.\0002\0007\0008\000\040\000D\000O\000C\000T\000E\000S\000T\000\137\000V\000E\000R\000S\000I\000O\000N\000\137\000M\000A\000J\000O\000R}{subsection.12.64.1}% 1221
\BOOKMARK [3][-]{subsubsection.12.64.1.279}{\376\377\0001\0002\000.\0006\0004\000.\0001\000.\0002\0007\0009\000\040\000D\000O\000C\000T\000E\000S\000T\000\137\000V\000E\000R\000S\000I\000O\000N\000\137\000M\000I\000N\000O\000R}{subsection.12.64.1}% 1222
\BOOKMARK [3][-]{subsubsection.12.64.1.280}{\376\377\0001\0002\000.\0006\0004\000.\0001\000.\0002\0008\0000\000\040\000D\000O\000C\000T\000E\000S\000T\000\137\000V\000E\000R\000S\000I\000O\000N\000\137\000P\000A\000T\000C\000H}{subsection.12.64.1}% 1223
\BOOKMARK [3][-]{subsubsection.12.64.1.281}{\376\377\0001\0002\000.\0006\0004\000.\0001\000.\0002\0008\0001\000\040\000D\000O\000C\000T\000E\000S\000T\000\137\000V\000E\000R\000S\000I\000O\000N\000\137\000S\000T\000R}{subsection.12.64.1}% 1224
\BOOKMARK [3][-]{subsubsection.12.64.1.282}{\376\377\0001\0002\000.\0006\0004\000.\0001\000.\0002\0008\0002\000\040\000D\000O\000C\000T\000E\000S\000T\000\137\000W\000A\000R\000N}{subsection.12.64.1}% 1225
\BOOKMARK [3][-]{subsubsection.12.64.1.283}{\376\377\0001\0002\000.\0006\0004\000.\0001\000.\0002\0008\0003\000\040\000D\000O\000C\000T\000E\000S\000T\000\137\000W\000A\000R\000N\000\137\000E\000Q}{subsection.12.64.1}% 1226
\BOOKMARK [3][-]{subsubsection.12.64.1.284}{\376\377\0001\0002\000.\0006\0004\000.\0001\000.\0002\0008\0004\000\040\000D\000O\000C\000T\000E\000S\000T\000\137\000W\000A\000R\000N\000\137\000F\000A\000L\000S\000E}{subsection.12.64.1}% 1227
\BOOKMARK [3][-]{subsubsection.12.64.1.285}{\376\377\0001\0002\000.\0006\0004\000.\0001\000.\0002\0008\0005\000\040\000D\000O\000C\000T\000E\000S\000T\000\137\000W\000A\000R\000N\000\137\000F\000A\000L\000S\000E\000\137\000M\000E\000S\000S\000A\000G\000E}{subsection.12.64.1}% 1228
\BOOKMARK [3][-]{subsubsection.12.64.1.286}{\376\377\0001\0002\000.\0006\0004\000.\0001\000.\0002\0008\0006\000\040\000D\000O\000C\000T\000E\000S\000T\000\137\000W\000A\000R\000N\000\137\000G\000E}{subsection.12.64.1}% 1229
\BOOKMARK [3][-]{subsubsection.12.64.1.287}{\376\377\0001\0002\000.\0006\0004\000.\0001\000.\0002\0008\0007\000\040\000D\000O\000C\000T\000E\000S\000T\000\137\000W\000A\000R\000N\000\137\000G\000T}{subsection.12.64.1}% 1230
\BOOKMARK [3][-]{subsubsection.12.64.1.288}{\376\377\0001\0002\000.\0006\0004\000.\0001\000.\0002\0008\0008\000\040\000D\000O\000C\000T\000E\000S\000T\000\137\000W\000A\000R\000N\000\137\000L\000E}{subsection.12.64.1}% 1231
\BOOKMARK [3][-]{subsubsection.12.64.1.289}{\376\377\0001\0002\000.\0006\0004\000.\0001\000.\0002\0008\0009\000\040\000D\000O\000C\000T\000E\000S\000T\000\137\000W\000A\000R\000N\000\137\000L\000T}{subsection.12.64.1}% 1232
\BOOKMARK [3][-]{subsubsection.12.64.1.290}{\376\377\0001\0002\000.\0006\0004\000.\0001\000.\0002\0009\0000\000\040\000D\000O\000C\000T\000E\000S\000T\000\137\000W\000A\000R\000N\000\137\000M\000E\000S\000S\000A\000G\000E}{subsection.12.64.1}% 1233
\BOOKMARK [3][-]{subsubsection.12.64.1.291}{\376\377\0001\0002\000.\0006\0004\000.\0001\000.\0002\0009\0001\000\040\000D\000O\000C\000T\000E\000S\000T\000\137\000W\000A\000R\000N\000\137\000N\000E}{subsection.12.64.1}% 1234
\BOOKMARK [3][-]{subsubsection.12.64.1.292}{\376\377\0001\0002\000.\0006\0004\000.\0001\000.\0002\0009\0002\000\040\000D\000O\000C\000T\000E\000S\000T\000\137\000W\000A\000R\000N\000\137\000N\000O\000T\000H\000R\000O\000W}{subsection.12.64.1}% 1235
\BOOKMARK [3][-]{subsubsection.12.64.1.293}{\376\377\0001\0002\000.\0006\0004\000.\0001\000.\0002\0009\0003\000\040\000D\000O\000C\000T\000E\000S\000T\000\137\000W\000A\000R\000N\000\137\000N\000O\000T\000H\000R\000O\000W\000\137\000M\000E\000S\000S\000A\000G\000E}{subsection.12.64.1}% 1236
\BOOKMARK [3][-]{subsubsection.12.64.1.294}{\376\377\0001\0002\000.\0006\0004\000.\0001\000.\0002\0009\0004\000\040\000D\000O\000C\000T\000E\000S\000T\000\137\000W\000A\000R\000N\000\137\000T\000H\000R\000O\000W\000S}{subsection.12.64.1}% 1237
\BOOKMARK [3][-]{subsubsection.12.64.1.295}{\376\377\0001\0002\000.\0006\0004\000.\0001\000.\0002\0009\0005\000\040\000D\000O\000C\000T\000E\000S\000T\000\137\000W\000A\000R\000N\000\137\000T\000H\000R\000O\000W\000S\000\137\000A\000S}{subsection.12.64.1}% 1238
\BOOKMARK [3][-]{subsubsection.12.64.1.296}{\376\377\0001\0002\000.\0006\0004\000.\0001\000.\0002\0009\0006\000\040\000D\000O\000C\000T\000E\000S\000T\000\137\000W\000A\000R\000N\000\137\000T\000H\000R\000O\000W\000S\000\137\000A\000S\000\137\000M\000E\000S\000S\000A\000G\000E}{subsection.12.64.1}% 1239
\BOOKMARK [3][-]{subsubsection.12.64.1.297}{\376\377\0001\0002\000.\0006\0004\000.\0001\000.\0002\0009\0007\000\040\000D\000O\000C\000T\000E\000S\000T\000\137\000W\000A\000R\000N\000\137\000T\000H\000R\000O\000W\000S\000\137\000M\000E\000S\000S\000A\000G\000E}{subsection.12.64.1}% 1240
\BOOKMARK [3][-]{subsubsection.12.64.1.298}{\376\377\0001\0002\000.\0006\0004\000.\0001\000.\0002\0009\0008\000\040\000D\000O\000C\000T\000E\000S\000T\000\137\000W\000A\000R\000N\000\137\000T\000H\000R\000O\000W\000S\000\137\000W\000I\000T\000H}{subsection.12.64.1}% 1241
\BOOKMARK [3][-]{subsubsection.12.64.1.299}{\376\377\0001\0002\000.\0006\0004\000.\0001\000.\0002\0009\0009\000\040\000D\000O\000C\000T\000E\000S\000T\000\137\000W\000A\000R\000N\000\137\000T\000H\000R\000O\000W\000S\000\137\000W\000I\000T\000H\000\137\000A\000S}{subsection.12.64.1}% 1242
\BOOKMARK [3][-]{subsubsection.12.64.1.300}{\376\377\0001\0002\000.\0006\0004\000.\0001\000.\0003\0000\0000\000\040\000D\000O\000C\000T\000E\000S\000T\000\137\000W\000A\000R\000N\000\137\000T\000H\000R\000O\000W\000S\000\137\000W\000I\000T\000H\000\137\000A\000S\000\137\000M\000E\000S\000S\000A\000G\000E}{subsection.12.64.1}% 1243
\BOOKMARK [3][-]{subsubsection.12.64.1.301}{\376\377\0001\0002\000.\0006\0004\000.\0001\000.\0003\0000\0001\000\040\000D\000O\000C\000T\000E\000S\000T\000\137\000W\000A\000R\000N\000\137\000T\000H\000R\000O\000W\000S\000\137\000W\000I\000T\000H\000\137\000M\000E\000S\000S\000A\000G\000E}{subsection.12.64.1}% 1244
\BOOKMARK [3][-]{subsubsection.12.64.1.302}{\376\377\0001\0002\000.\0006\0004\000.\0001\000.\0003\0000\0002\000\040\000D\000O\000C\000T\000E\000S\000T\000\137\000W\000A\000R\000N\000\137\000U\000N\000A\000R\000Y}{subsection.12.64.1}% 1245
\BOOKMARK [3][-]{subsubsection.12.64.1.303}{\376\377\0001\0002\000.\0006\0004\000.\0001\000.\0003\0000\0003\000\040\000D\000O\000C\000T\000E\000S\000T\000\137\000W\000A\000R\000N\000\137\000U\000N\000A\000R\000Y\000\137\000F\000A\000L\000S\000E}{subsection.12.64.1}% 1246
\BOOKMARK [3][-]{subsubsection.12.64.1.304}{\376\377\0001\0002\000.\0006\0004\000.\0001\000.\0003\0000\0004\000\040\000D\000O\000C\000T\000E\000S\000T\000\137\000W\000H\000E\000N}{subsection.12.64.1}% 1247
\BOOKMARK [3][-]{subsubsection.12.64.1.305}{\376\377\0001\0002\000.\0006\0004\000.\0001\000.\0003\0000\0005\000\040\000D\000O\000C\000T\000E\000S\000T\000\137\000W\000R\000A\000P\000\137\000I\000N\000\137\000T\000R\000Y}{subsection.12.64.1}% 1248
\BOOKMARK [3][-]{subsubsection.12.64.1.306}{\376\377\0001\0002\000.\0006\0004\000.\0001\000.\0003\0000\0006\000\040\000F\000A\000I\000L}{subsection.12.64.1}% 1249
\BOOKMARK [3][-]{subsubsection.12.64.1.307}{\376\377\0001\0002\000.\0006\0004\000.\0001\000.\0003\0000\0007\000\040\000F\000A\000I\000L\000\137\000C\000H\000E\000C\000K}{subsection.12.64.1}% 1250
\BOOKMARK [3][-]{subsubsection.12.64.1.308}{\376\377\0001\0002\000.\0006\0004\000.\0001\000.\0003\0000\0008\000\040\000F\000A\000S\000T\000\137\000C\000H\000E\000C\000K\000\137\000E\000Q}{subsection.12.64.1}% 1251
\BOOKMARK [3][-]{subsubsection.12.64.1.309}{\376\377\0001\0002\000.\0006\0004\000.\0001\000.\0003\0000\0009\000\040\000F\000A\000S\000T\000\137\000C\000H\000E\000C\000K\000\137\000G\000E}{subsection.12.64.1}% 1252
\BOOKMARK [3][-]{subsubsection.12.64.1.310}{\376\377\0001\0002\000.\0006\0004\000.\0001\000.\0003\0001\0000\000\040\000F\000A\000S\000T\000\137\000C\000H\000E\000C\000K\000\137\000G\000T}{subsection.12.64.1}% 1253
\BOOKMARK [3][-]{subsubsection.12.64.1.311}{\376\377\0001\0002\000.\0006\0004\000.\0001\000.\0003\0001\0001\000\040\000F\000A\000S\000T\000\137\000C\000H\000E\000C\000K\000\137\000L\000E}{subsection.12.64.1}% 1254
\BOOKMARK [3][-]{subsubsection.12.64.1.312}{\376\377\0001\0002\000.\0006\0004\000.\0001\000.\0003\0001\0002\000\040\000F\000A\000S\000T\000\137\000C\000H\000E\000C\000K\000\137\000L\000T}{subsection.12.64.1}% 1255
\BOOKMARK [3][-]{subsubsection.12.64.1.313}{\376\377\0001\0002\000.\0006\0004\000.\0001\000.\0003\0001\0003\000\040\000F\000A\000S\000T\000\137\000C\000H\000E\000C\000K\000\137\000N\000E}{subsection.12.64.1}% 1256
\BOOKMARK [3][-]{subsubsection.12.64.1.314}{\376\377\0001\0002\000.\0006\0004\000.\0001\000.\0003\0001\0004\000\040\000F\000A\000S\000T\000\137\000C\000H\000E\000C\000K\000\137\000U\000N\000A\000R\000Y}{subsection.12.64.1}% 1257
\BOOKMARK [3][-]{subsubsection.12.64.1.315}{\376\377\0001\0002\000.\0006\0004\000.\0001\000.\0003\0001\0005\000\040\000F\000A\000S\000T\000\137\000C\000H\000E\000C\000K\000\137\000U\000N\000A\000R\000Y\000\137\000F\000A\000L\000S\000E}{subsection.12.64.1}% 1258
\BOOKMARK [3][-]{subsubsection.12.64.1.316}{\376\377\0001\0002\000.\0006\0004\000.\0001\000.\0003\0001\0006\000\040\000F\000A\000S\000T\000\137\000R\000E\000Q\000U\000I\000R\000E\000\137\000E\000Q}{subsection.12.64.1}% 1259
\BOOKMARK [3][-]{subsubsection.12.64.1.317}{\376\377\0001\0002\000.\0006\0004\000.\0001\000.\0003\0001\0007\000\040\000F\000A\000S\000T\000\137\000R\000E\000Q\000U\000I\000R\000E\000\137\000G\000E}{subsection.12.64.1}% 1260
\BOOKMARK [3][-]{subsubsection.12.64.1.318}{\376\377\0001\0002\000.\0006\0004\000.\0001\000.\0003\0001\0008\000\040\000F\000A\000S\000T\000\137\000R\000E\000Q\000U\000I\000R\000E\000\137\000G\000T}{subsection.12.64.1}% 1261
\BOOKMARK [3][-]{subsubsection.12.64.1.319}{\376\377\0001\0002\000.\0006\0004\000.\0001\000.\0003\0001\0009\000\040\000F\000A\000S\000T\000\137\000R\000E\000Q\000U\000I\000R\000E\000\137\000L\000E}{subsection.12.64.1}% 1262
\BOOKMARK [3][-]{subsubsection.12.64.1.320}{\376\377\0001\0002\000.\0006\0004\000.\0001\000.\0003\0002\0000\000\040\000F\000A\000S\000T\000\137\000R\000E\000Q\000U\000I\000R\000E\000\137\000L\000T}{subsection.12.64.1}% 1263
\BOOKMARK [3][-]{subsubsection.12.64.1.321}{\376\377\0001\0002\000.\0006\0004\000.\0001\000.\0003\0002\0001\000\040\000F\000A\000S\000T\000\137\000R\000E\000Q\000U\000I\000R\000E\000\137\000N\000E}{subsection.12.64.1}% 1264
\BOOKMARK [3][-]{subsubsection.12.64.1.322}{\376\377\0001\0002\000.\0006\0004\000.\0001\000.\0003\0002\0002\000\040\000F\000A\000S\000T\000\137\000R\000E\000Q\000U\000I\000R\000E\000\137\000U\000N\000A\000R\000Y}{subsection.12.64.1}% 1265
\BOOKMARK [3][-]{subsubsection.12.64.1.323}{\376\377\0001\0002\000.\0006\0004\000.\0001\000.\0003\0002\0003\000\040\000F\000A\000S\000T\000\137\000R\000E\000Q\000U\000I\000R\000E\000\137\000U\000N\000A\000R\000Y\000\137\000F\000A\000L\000S\000E}{subsection.12.64.1}% 1266
\BOOKMARK [3][-]{subsubsection.12.64.1.324}{\376\377\0001\0002\000.\0006\0004\000.\0001\000.\0003\0002\0004\000\040\000F\000A\000S\000T\000\137\000W\000A\000R\000N\000\137\000E\000Q}{subsection.12.64.1}% 1267
\BOOKMARK [3][-]{subsubsection.12.64.1.325}{\376\377\0001\0002\000.\0006\0004\000.\0001\000.\0003\0002\0005\000\040\000F\000A\000S\000T\000\137\000W\000A\000R\000N\000\137\000G\000E}{subsection.12.64.1}% 1268
\BOOKMARK [3][-]{subsubsection.12.64.1.326}{\376\377\0001\0002\000.\0006\0004\000.\0001\000.\0003\0002\0006\000\040\000F\000A\000S\000T\000\137\000W\000A\000R\000N\000\137\000G\000T}{subsection.12.64.1}% 1269
\BOOKMARK [3][-]{subsubsection.12.64.1.327}{\376\377\0001\0002\000.\0006\0004\000.\0001\000.\0003\0002\0007\000\040\000F\000A\000S\000T\000\137\000W\000A\000R\000N\000\137\000L\000E}{subsection.12.64.1}% 1270
\BOOKMARK [3][-]{subsubsection.12.64.1.328}{\376\377\0001\0002\000.\0006\0004\000.\0001\000.\0003\0002\0008\000\040\000F\000A\000S\000T\000\137\000W\000A\000R\000N\000\137\000L\000T}{subsection.12.64.1}% 1271
\BOOKMARK [3][-]{subsubsection.12.64.1.329}{\376\377\0001\0002\000.\0006\0004\000.\0001\000.\0003\0002\0009\000\040\000F\000A\000S\000T\000\137\000W\000A\000R\000N\000\137\000N\000E}{subsection.12.64.1}% 1272
\BOOKMARK [3][-]{subsubsection.12.64.1.330}{\376\377\0001\0002\000.\0006\0004\000.\0001\000.\0003\0003\0000\000\040\000F\000A\000S\000T\000\137\000W\000A\000R\000N\000\137\000U\000N\000A\000R\000Y}{subsection.12.64.1}% 1273
\BOOKMARK [3][-]{subsubsection.12.64.1.331}{\376\377\0001\0002\000.\0006\0004\000.\0001\000.\0003\0003\0001\000\040\000F\000A\000S\000T\000\137\000W\000A\000R\000N\000\137\000U\000N\000A\000R\000Y\000\137\000F\000A\000L\000S\000E}{subsection.12.64.1}% 1274
\BOOKMARK [3][-]{subsubsection.12.64.1.332}{\376\377\0001\0002\000.\0006\0004\000.\0001\000.\0003\0003\0002\000\040\000G\000E\000N\000E\000R\000A\000T\000E}{subsection.12.64.1}% 1275
\BOOKMARK [3][-]{subsubsection.12.64.1.333}{\376\377\0001\0002\000.\0006\0004\000.\0001\000.\0003\0003\0003\000\040\000G\000I\000V\000E\000N}{subsection.12.64.1}% 1276
\BOOKMARK [3][-]{subsubsection.12.64.1.334}{\376\377\0001\0002\000.\0006\0004\000.\0001\000.\0003\0003\0004\000\040\000I\000N\000F\000O}{subsection.12.64.1}% 1277
\BOOKMARK [3][-]{subsubsection.12.64.1.335}{\376\377\0001\0002\000.\0006\0004\000.\0001\000.\0003\0003\0005\000\040\000M\000E\000S\000S\000A\000G\000E}{subsection.12.64.1}% 1278
\BOOKMARK [3][-]{subsubsection.12.64.1.336}{\376\377\0001\0002\000.\0006\0004\000.\0001\000.\0003\0003\0006\000\040\000R\000E\000G\000I\000S\000T\000E\000R\000\137\000E\000X\000C\000E\000P\000T\000I\000O\000N\000\137\000T\000R\000A\000N\000S\000L\000A\000T\000O\000R}{subsection.12.64.1}% 1279
\BOOKMARK [3][-]{subsubsection.12.64.1.337}{\376\377\0001\0002\000.\0006\0004\000.\0001\000.\0003\0003\0007\000\040\000R\000E\000G\000I\000S\000T\000E\000R\000\137\000L\000I\000S\000T\000E\000N\000E\000R}{subsection.12.64.1}% 1280
\BOOKMARK [3][-]{subsubsection.12.64.1.338}{\376\377\0001\0002\000.\0006\0004\000.\0001\000.\0003\0003\0008\000\040\000R\000E\000G\000I\000S\000T\000E\000R\000\137\000R\000E\000P\000O\000R\000T\000E\000R}{subsection.12.64.1}% 1281
\BOOKMARK [3][-]{subsubsection.12.64.1.339}{\376\377\0001\0002\000.\0006\0004\000.\0001\000.\0003\0003\0009\000\040\000R\000E\000Q\000U\000I\000R\000E}{subsection.12.64.1}% 1282
\BOOKMARK [3][-]{subsubsection.12.64.1.340}{\376\377\0001\0002\000.\0006\0004\000.\0001\000.\0003\0004\0000\000\040\000R\000E\000Q\000U\000I\000R\000E\000\137\000E\000Q}{subsection.12.64.1}% 1283
\BOOKMARK [3][-]{subsubsection.12.64.1.341}{\376\377\0001\0002\000.\0006\0004\000.\0001\000.\0003\0004\0001\000\040\000R\000E\000Q\000U\000I\000R\000E\000\137\000F\000A\000L\000S\000E}{subsection.12.64.1}% 1284
\BOOKMARK [3][-]{subsubsection.12.64.1.342}{\376\377\0001\0002\000.\0006\0004\000.\0001\000.\0003\0004\0002\000\040\000R\000E\000Q\000U\000I\000R\000E\000\137\000F\000A\000L\000S\000E\000\137\000M\000E\000S\000S\000A\000G\000E}{subsection.12.64.1}% 1285
\BOOKMARK [3][-]{subsubsection.12.64.1.343}{\376\377\0001\0002\000.\0006\0004\000.\0001\000.\0003\0004\0003\000\040\000R\000E\000Q\000U\000I\000R\000E\000\137\000G\000E}{subsection.12.64.1}% 1286
\BOOKMARK [3][-]{subsubsection.12.64.1.344}{\376\377\0001\0002\000.\0006\0004\000.\0001\000.\0003\0004\0004\000\040\000R\000E\000Q\000U\000I\000R\000E\000\137\000G\000T}{subsection.12.64.1}% 1287
\BOOKMARK [3][-]{subsubsection.12.64.1.345}{\376\377\0001\0002\000.\0006\0004\000.\0001\000.\0003\0004\0005\000\040\000R\000E\000Q\000U\000I\000R\000E\000\137\000L\000E}{subsection.12.64.1}% 1288
\BOOKMARK [3][-]{subsubsection.12.64.1.346}{\376\377\0001\0002\000.\0006\0004\000.\0001\000.\0003\0004\0006\000\040\000R\000E\000Q\000U\000I\000R\000E\000\137\000L\000T}{subsection.12.64.1}% 1289
\BOOKMARK [3][-]{subsubsection.12.64.1.347}{\376\377\0001\0002\000.\0006\0004\000.\0001\000.\0003\0004\0007\000\040\000R\000E\000Q\000U\000I\000R\000E\000\137\000M\000E\000S\000S\000A\000G\000E}{subsection.12.64.1}% 1290
\BOOKMARK [3][-]{subsubsection.12.64.1.348}{\376\377\0001\0002\000.\0006\0004\000.\0001\000.\0003\0004\0008\000\040\000R\000E\000Q\000U\000I\000R\000E\000\137\000N\000E}{subsection.12.64.1}% 1291
\BOOKMARK [3][-]{subsubsection.12.64.1.349}{\376\377\0001\0002\000.\0006\0004\000.\0001\000.\0003\0004\0009\000\040\000R\000E\000Q\000U\000I\000R\000E\000\137\000N\000O\000T\000H\000R\000O\000W}{subsection.12.64.1}% 1292
\BOOKMARK [3][-]{subsubsection.12.64.1.350}{\376\377\0001\0002\000.\0006\0004\000.\0001\000.\0003\0005\0000\000\040\000R\000E\000Q\000U\000I\000R\000E\000\137\000N\000O\000T\000H\000R\000O\000W\000\137\000M\000E\000S\000S\000A\000G\000E}{subsection.12.64.1}% 1293
\BOOKMARK [3][-]{subsubsection.12.64.1.351}{\376\377\0001\0002\000.\0006\0004\000.\0001\000.\0003\0005\0001\000\040\000R\000E\000Q\000U\000I\000R\000E\000\137\000T\000H\000R\000O\000W\000S}{subsection.12.64.1}% 1294
\BOOKMARK [3][-]{subsubsection.12.64.1.352}{\376\377\0001\0002\000.\0006\0004\000.\0001\000.\0003\0005\0002\000\040\000R\000E\000Q\000U\000I\000R\000E\000\137\000T\000H\000R\000O\000W\000S\000\137\000A\000S}{subsection.12.64.1}% 1295
\BOOKMARK [3][-]{subsubsection.12.64.1.353}{\376\377\0001\0002\000.\0006\0004\000.\0001\000.\0003\0005\0003\000\040\000R\000E\000Q\000U\000I\000R\000E\000\137\000T\000H\000R\000O\000W\000S\000\137\000A\000S\000\137\000M\000E\000S\000S\000A\000G\000E}{subsection.12.64.1}% 1296
\BOOKMARK [3][-]{subsubsection.12.64.1.354}{\376\377\0001\0002\000.\0006\0004\000.\0001\000.\0003\0005\0004\000\040\000R\000E\000Q\000U\000I\000R\000E\000\137\000T\000H\000R\000O\000W\000S\000\137\000M\000E\000S\000S\000A\000G\000E}{subsection.12.64.1}% 1297
\BOOKMARK [3][-]{subsubsection.12.64.1.355}{\376\377\0001\0002\000.\0006\0004\000.\0001\000.\0003\0005\0005\000\040\000R\000E\000Q\000U\000I\000R\000E\000\137\000T\000H\000R\000O\000W\000S\000\137\000W\000I\000T\000H}{subsection.12.64.1}% 1298
\BOOKMARK [3][-]{subsubsection.12.64.1.356}{\376\377\0001\0002\000.\0006\0004\000.\0001\000.\0003\0005\0006\000\040\000R\000E\000Q\000U\000I\000R\000E\000\137\000T\000H\000R\000O\000W\000S\000\137\000W\000I\000T\000H\000\137\000A\000S}{subsection.12.64.1}% 1299
\BOOKMARK [3][-]{subsubsection.12.64.1.357}{\376\377\0001\0002\000.\0006\0004\000.\0001\000.\0003\0005\0007\000\040\000R\000E\000Q\000U\000I\000R\000E\000\137\000T\000H\000R\000O\000W\000S\000\137\000W\000I\000T\000H\000\137\000A\000S\000\137\000M\000E\000S\000S\000A\000G\000E}{subsection.12.64.1}% 1300
\BOOKMARK [3][-]{subsubsection.12.64.1.358}{\376\377\0001\0002\000.\0006\0004\000.\0001\000.\0003\0005\0008\000\040\000R\000E\000Q\000U\000I\000R\000E\000\137\000T\000H\000R\000O\000W\000S\000\137\000W\000I\000T\000H\000\137\000M\000E\000S\000S\000A\000G\000E}{subsection.12.64.1}% 1301
\BOOKMARK [3][-]{subsubsection.12.64.1.359}{\376\377\0001\0002\000.\0006\0004\000.\0001\000.\0003\0005\0009\000\040\000R\000E\000Q\000U\000I\000R\000E\000\137\000U\000N\000A\000R\000Y}{subsection.12.64.1}% 1302
\BOOKMARK [3][-]{subsubsection.12.64.1.360}{\376\377\0001\0002\000.\0006\0004\000.\0001\000.\0003\0006\0000\000\040\000R\000E\000Q\000U\000I\000R\000E\000\137\000U\000N\000A\000R\000Y\000\137\000F\000A\000L\000S\000E}{subsection.12.64.1}% 1303
\BOOKMARK [3][-]{subsubsection.12.64.1.361}{\376\377\0001\0002\000.\0006\0004\000.\0001\000.\0003\0006\0001\000\040\000S\000C\000E\000N\000A\000R\000I\000O}{subsection.12.64.1}% 1304
\BOOKMARK [3][-]{subsubsection.12.64.1.362}{\376\377\0001\0002\000.\0006\0004\000.\0001\000.\0003\0006\0002\000\040\000S\000C\000E\000N\000A\000R\000I\000O\000\137\000C\000L\000A\000S\000S}{subsection.12.64.1}% 1305
\BOOKMARK [3][-]{subsubsection.12.64.1.363}{\376\377\0001\0002\000.\0006\0004\000.\0001\000.\0003\0006\0003\000\040\000S\000C\000E\000N\000A\000R\000I\000O\000\137\000M\000E\000T\000H\000O\000D}{subsection.12.64.1}% 1306
\BOOKMARK [3][-]{subsubsection.12.64.1.364}{\376\377\0001\0002\000.\0006\0004\000.\0001\000.\0003\0006\0004\000\040\000S\000C\000E\000N\000A\000R\000I\000O\000\137\000T\000E\000M\000P\000L\000A\000T\000E}{subsection.12.64.1}% 1307
\BOOKMARK [3][-]{subsubsection.12.64.1.365}{\376\377\0001\0002\000.\0006\0004\000.\0001\000.\0003\0006\0005\000\040\000S\000C\000E\000N\000A\000R\000I\000O\000\137\000T\000E\000M\000P\000L\000A\000T\000E\000\137\000D\000E\000F\000I\000N\000E}{subsection.12.64.1}% 1308
\BOOKMARK [3][-]{subsubsection.12.64.1.366}{\376\377\0001\0002\000.\0006\0004\000.\0001\000.\0003\0006\0006\000\040\000S\000F\000I\000N\000A\000E\000\137\000O\000P}{subsection.12.64.1}% 1309
\BOOKMARK [3][-]{subsubsection.12.64.1.367}{\376\377\0001\0002\000.\0006\0004\000.\0001\000.\0003\0006\0007\000\040\000S\000U\000B\000C\000A\000S\000E}{subsection.12.64.1}% 1310
\BOOKMARK [3][-]{subsubsection.12.64.1.368}{\376\377\0001\0002\000.\0006\0004\000.\0001\000.\0003\0006\0008\000\040\000T\000E\000S\000T\000\137\000C\000A\000S\000E}{subsection.12.64.1}% 1311
\BOOKMARK [3][-]{subsubsection.12.64.1.369}{\376\377\0001\0002\000.\0006\0004\000.\0001\000.\0003\0006\0009\000\040\000T\000E\000S\000T\000\137\000C\000A\000S\000E\000\137\000C\000L\000A\000S\000S}{subsection.12.64.1}% 1312
\BOOKMARK [3][-]{subsubsection.12.64.1.370}{\376\377\0001\0002\000.\0006\0004\000.\0001\000.\0003\0007\0000\000\040\000T\000E\000S\000T\000\137\000C\000A\000S\000E\000\137\000F\000I\000X\000T\000U\000R\000E}{subsection.12.64.1}% 1313
\BOOKMARK [3][-]{subsubsection.12.64.1.371}{\376\377\0001\0002\000.\0006\0004\000.\0001\000.\0003\0007\0001\000\040\000T\000E\000S\000T\000\137\000C\000A\000S\000E\000\137\000T\000E\000M\000P\000L\000A\000T\000E}{subsection.12.64.1}% 1314
\BOOKMARK [3][-]{subsubsection.12.64.1.372}{\376\377\0001\0002\000.\0006\0004\000.\0001\000.\0003\0007\0002\000\040\000T\000E\000S\000T\000\137\000C\000A\000S\000E\000\137\000T\000E\000M\000P\000L\000A\000T\000E\000\137\000A\000P\000P\000L\000Y}{subsection.12.64.1}% 1315
\BOOKMARK [3][-]{subsubsection.12.64.1.373}{\376\377\0001\0002\000.\0006\0004\000.\0001\000.\0003\0007\0003\000\040\000T\000E\000S\000T\000\137\000C\000A\000S\000E\000\137\000T\000E\000M\000P\000L\000A\000T\000E\000\137\000D\000E\000F\000I\000N\000E}{subsection.12.64.1}% 1316
\BOOKMARK [3][-]{subsubsection.12.64.1.374}{\376\377\0001\0002\000.\0006\0004\000.\0001\000.\0003\0007\0004\000\040\000T\000E\000S\000T\000\137\000C\000A\000S\000E\000\137\000T\000E\000M\000P\000L\000A\000T\000E\000\137\000I\000N\000S\000T\000A\000N\000T\000I\000A\000T\000E}{subsection.12.64.1}% 1317
\BOOKMARK [3][-]{subsubsection.12.64.1.375}{\376\377\0001\0002\000.\0006\0004\000.\0001\000.\0003\0007\0005\000\040\000T\000E\000S\000T\000\137\000C\000A\000S\000E\000\137\000T\000E\000M\000P\000L\000A\000T\000E\000\137\000I\000N\000V\000O\000K\000E}{subsection.12.64.1}% 1318
\BOOKMARK [3][-]{subsubsection.12.64.1.376}{\376\377\0001\0002\000.\0006\0004\000.\0001\000.\0003\0007\0006\000\040\000T\000E\000S\000T\000\137\000S\000U\000I\000T\000E}{subsection.12.64.1}% 1319
\BOOKMARK [3][-]{subsubsection.12.64.1.377}{\376\377\0001\0002\000.\0006\0004\000.\0001\000.\0003\0007\0007\000\040\000T\000E\000S\000T\000\137\000S\000U\000I\000T\000E\000\137\000B\000E\000G\000I\000N}{subsection.12.64.1}% 1320
\BOOKMARK [3][-]{subsubsection.12.64.1.378}{\376\377\0001\0002\000.\0006\0004\000.\0001\000.\0003\0007\0008\000\040\000T\000E\000S\000T\000\137\000S\000U\000I\000T\000E\000\137\000E\000N\000D}{subsection.12.64.1}% 1321
\BOOKMARK [3][-]{subsubsection.12.64.1.379}{\376\377\0001\0002\000.\0006\0004\000.\0001\000.\0003\0007\0009\000\040\000T\000H\000E\000N}{subsection.12.64.1}% 1322
\BOOKMARK [3][-]{subsubsection.12.64.1.380}{\376\377\0001\0002\000.\0006\0004\000.\0001\000.\0003\0008\0000\000\040\000T\000O\000\137\000L\000V\000A\000L\000U\000E}{subsection.12.64.1}% 1323
\BOOKMARK [3][-]{subsubsection.12.64.1.381}{\376\377\0001\0002\000.\0006\0004\000.\0001\000.\0003\0008\0001\000\040\000T\000Y\000P\000E\000\137\000T\000O\000\137\000S\000T\000R\000I\000N\000G}{subsection.12.64.1}% 1324
\BOOKMARK [3][-]{subsubsection.12.64.1.382}{\376\377\0001\0002\000.\0006\0004\000.\0001\000.\0003\0008\0002\000\040\000T\000Y\000P\000E\000\137\000T\000O\000\137\000S\000T\000R\000I\000N\000G\000\137\000A\000S}{subsection.12.64.1}% 1325
\BOOKMARK [3][-]{subsubsection.12.64.1.383}{\376\377\0001\0002\000.\0006\0004\000.\0001\000.\0003\0008\0003\000\040\000W\000A\000R\000N}{subsection.12.64.1}% 1326
\BOOKMARK [3][-]{subsubsection.12.64.1.384}{\376\377\0001\0002\000.\0006\0004\000.\0001\000.\0003\0008\0004\000\040\000W\000A\000R\000N\000\137\000E\000Q}{subsection.12.64.1}% 1327
\BOOKMARK [3][-]{subsubsection.12.64.1.385}{\376\377\0001\0002\000.\0006\0004\000.\0001\000.\0003\0008\0005\000\040\000W\000A\000R\000N\000\137\000F\000A\000L\000S\000E}{subsection.12.64.1}% 1328
\BOOKMARK [3][-]{subsubsection.12.64.1.386}{\376\377\0001\0002\000.\0006\0004\000.\0001\000.\0003\0008\0006\000\040\000W\000A\000R\000N\000\137\000F\000A\000L\000S\000E\000\137\000M\000E\000S\000S\000A\000G\000E}{subsection.12.64.1}% 1329
\BOOKMARK [3][-]{subsubsection.12.64.1.387}{\376\377\0001\0002\000.\0006\0004\000.\0001\000.\0003\0008\0007\000\040\000W\000A\000R\000N\000\137\000G\000E}{subsection.12.64.1}% 1330
\BOOKMARK [3][-]{subsubsection.12.64.1.388}{\376\377\0001\0002\000.\0006\0004\000.\0001\000.\0003\0008\0008\000\040\000W\000A\000R\000N\000\137\000G\000T}{subsection.12.64.1}% 1331
\BOOKMARK [3][-]{subsubsection.12.64.1.389}{\376\377\0001\0002\000.\0006\0004\000.\0001\000.\0003\0008\0009\000\040\000W\000A\000R\000N\000\137\000L\000E}{subsection.12.64.1}% 1332
\BOOKMARK [3][-]{subsubsection.12.64.1.390}{\376\377\0001\0002\000.\0006\0004\000.\0001\000.\0003\0009\0000\000\040\000W\000A\000R\000N\000\137\000L\000T}{subsection.12.64.1}% 1333
\BOOKMARK [3][-]{subsubsection.12.64.1.391}{\376\377\0001\0002\000.\0006\0004\000.\0001\000.\0003\0009\0001\000\040\000W\000A\000R\000N\000\137\000M\000E\000S\000S\000A\000G\000E}{subsection.12.64.1}% 1334
\BOOKMARK [3][-]{subsubsection.12.64.1.392}{\376\377\0001\0002\000.\0006\0004\000.\0001\000.\0003\0009\0002\000\040\000W\000A\000R\000N\000\137\000N\000E}{subsection.12.64.1}% 1335
\BOOKMARK [3][-]{subsubsection.12.64.1.393}{\376\377\0001\0002\000.\0006\0004\000.\0001\000.\0003\0009\0003\000\040\000W\000A\000R\000N\000\137\000N\000O\000T\000H\000R\000O\000W}{subsection.12.64.1}% 1336
\BOOKMARK [3][-]{subsubsection.12.64.1.394}{\376\377\0001\0002\000.\0006\0004\000.\0001\000.\0003\0009\0004\000\040\000W\000A\000R\000N\000\137\000N\000O\000T\000H\000R\000O\000W\000\137\000M\000E\000S\000S\000A\000G\000E}{subsection.12.64.1}% 1337
\BOOKMARK [3][-]{subsubsection.12.64.1.395}{\376\377\0001\0002\000.\0006\0004\000.\0001\000.\0003\0009\0005\000\040\000W\000A\000R\000N\000\137\000T\000H\000R\000O\000W\000S}{subsection.12.64.1}% 1338
\BOOKMARK [3][-]{subsubsection.12.64.1.396}{\376\377\0001\0002\000.\0006\0004\000.\0001\000.\0003\0009\0006\000\040\000W\000A\000R\000N\000\137\000T\000H\000R\000O\000W\000S\000\137\000A\000S}{subsection.12.64.1}% 1339
\BOOKMARK [3][-]{subsubsection.12.64.1.397}{\376\377\0001\0002\000.\0006\0004\000.\0001\000.\0003\0009\0007\000\040\000W\000A\000R\000N\000\137\000T\000H\000R\000O\000W\000S\000\137\000A\000S\000\137\000M\000E\000S\000S\000A\000G\000E}{subsection.12.64.1}% 1340
\BOOKMARK [3][-]{subsubsection.12.64.1.398}{\376\377\0001\0002\000.\0006\0004\000.\0001\000.\0003\0009\0008\000\040\000W\000A\000R\000N\000\137\000T\000H\000R\000O\000W\000S\000\137\000M\000E\000S\000S\000A\000G\000E}{subsection.12.64.1}% 1341
\BOOKMARK [3][-]{subsubsection.12.64.1.399}{\376\377\0001\0002\000.\0006\0004\000.\0001\000.\0003\0009\0009\000\040\000W\000A\000R\000N\000\137\000T\000H\000R\000O\000W\000S\000\137\000W\000I\000T\000H}{subsection.12.64.1}% 1342
\BOOKMARK [3][-]{subsubsection.12.64.1.400}{\376\377\0001\0002\000.\0006\0004\000.\0001\000.\0004\0000\0000\000\040\000W\000A\000R\000N\000\137\000T\000H\000R\000O\000W\000S\000\137\000W\000I\000T\000H\000\137\000A\000S}{subsection.12.64.1}% 1343
\BOOKMARK [3][-]{subsubsection.12.64.1.401}{\376\377\0001\0002\000.\0006\0004\000.\0001\000.\0004\0000\0001\000\040\000W\000A\000R\000N\000\137\000T\000H\000R\000O\000W\000S\000\137\000W\000I\000T\000H\000\137\000A\000S\000\137\000M\000E\000S\000S\000A\000G\000E}{subsection.12.64.1}% 1344
\BOOKMARK [3][-]{subsubsection.12.64.1.402}{\376\377\0001\0002\000.\0006\0004\000.\0001\000.\0004\0000\0002\000\040\000W\000A\000R\000N\000\137\000T\000H\000R\000O\000W\000S\000\137\000W\000I\000T\000H\000\137\000M\000E\000S\000S\000A\000G\000E}{subsection.12.64.1}% 1345
\BOOKMARK [3][-]{subsubsection.12.64.1.403}{\376\377\0001\0002\000.\0006\0004\000.\0001\000.\0004\0000\0003\000\040\000W\000A\000R\000N\000\137\000U\000N\000A\000R\000Y}{subsection.12.64.1}% 1346
\BOOKMARK [3][-]{subsubsection.12.64.1.404}{\376\377\0001\0002\000.\0006\0004\000.\0001\000.\0004\0000\0004\000\040\000W\000A\000R\000N\000\137\000U\000N\000A\000R\000Y\000\137\000F\000A\000L\000S\000E}{subsection.12.64.1}% 1347
\BOOKMARK [3][-]{subsubsection.12.64.1.405}{\376\377\0001\0002\000.\0006\0004\000.\0001\000.\0004\0000\0005\000\040\000W\000H\000E\000N}{subsection.12.64.1}% 1348
\BOOKMARK [1][-]{section.12.65}{\376\377\0001\0002\000.\0006\0005\000\040\000d\000o\000c\000t\000e\000s\000t\000.\000h}{chapter.12}% 1349
\BOOKMARK [1][-]{section.12.66}{\376\377\0001\0002\000.\0006\0006\000\040\000t\000e\000s\000t\000s\000/\000t\000e\000s\000t\000\137\000A\000l\000a\000r\000m\000e\000.\000c\000p\000p\000\040\000F\000i\000l\000e\000\040\000R\000e\000f\000e\000r\000e\000n\000c\000e}{chapter.12}% 1350
\BOOKMARK [2][-]{subsection.12.66.1}{\376\377\0001\0002\000.\0006\0006\000.\0001\000\040\000F\000u\000n\000c\000t\000i\000o\000n\000\040\000D\000o\000c\000u\000m\000e\000n\000t\000a\000t\000i\000o\000n}{section.12.66}% 1351
\BOOKMARK [3][-]{subsubsection.12.66.1.1}{\376\377\0001\0002\000.\0006\0006\000.\0001\000.\0001\000\040\000T\000E\000S\000T\000\137\000C\000A\000S\000E\000\050\000\051\000\040\000[\0001\000/\0007\000]}{subsection.12.66.1}% 1352
\BOOKMARK [3][-]{subsubsection.12.66.1.2}{\376\377\0001\0002\000.\0006\0006\000.\0001\000.\0002\000\040\000T\000E\000S\000T\000\137\000C\000A\000S\000E\000\050\000\051\000\040\000[\0002\000/\0007\000]}{subsection.12.66.1}% 1353
\BOOKMARK [3][-]{subsubsection.12.66.1.3}{\376\377\0001\0002\000.\0006\0006\000.\0001\000.\0003\000\040\000T\000E\000S\000T\000\137\000C\000A\000S\000E\000\050\000\051\000\040\000[\0003\000/\0007\000]}{subsection.12.66.1}% 1354
\BOOKMARK [3][-]{subsubsection.12.66.1.4}{\376\377\0001\0002\000.\0006\0006\000.\0001\000.\0004\000\040\000T\000E\000S\000T\000\137\000C\000A\000S\000E\000\050\000\051\000\040\000[\0004\000/\0007\000]}{subsection.12.66.1}% 1355
\BOOKMARK [3][-]{subsubsection.12.66.1.5}{\376\377\0001\0002\000.\0006\0006\000.\0001\000.\0005\000\040\000T\000E\000S\000T\000\137\000C\000A\000S\000E\000\050\000\051\000\040\000[\0005\000/\0007\000]}{subsection.12.66.1}% 1356
\BOOKMARK [3][-]{subsubsection.12.66.1.6}{\376\377\0001\0002\000.\0006\0006\000.\0001\000.\0006\000\040\000T\000E\000S\000T\000\137\000C\000A\000S\000E\000\050\000\051\000\040\000[\0006\000/\0007\000]}{subsection.12.66.1}% 1357
\BOOKMARK [3][-]{subsubsection.12.66.1.7}{\376\377\0001\0002\000.\0006\0006\000.\0001\000.\0007\000\040\000T\000E\000S\000T\000\137\000C\000A\000S\000E\000\050\000\051\000\040\000[\0007\000/\0007\000]}{subsection.12.66.1}% 1358
\BOOKMARK [1][-]{section.12.67}{\376\377\0001\0002\000.\0006\0007\000\040\000t\000e\000s\000t\000\137\000A\000l\000a\000r\000m\000e\000.\000c\000p\000p}{chapter.12}% 1359
\BOOKMARK [1][-]{section.12.68}{\376\377\0001\0002\000.\0006\0008\000\040\000t\000e\000s\000t\000s\000/\000t\000e\000s\000t\000\137\000C\000o\000n\000j\000u\000n\000t\000o\000.\000c\000p\000p\000\040\000F\000i\000l\000e\000\040\000R\000e\000f\000e\000r\000e\000n\000c\000e}{chapter.12}% 1360
\BOOKMARK [2][-]{subsection.12.68.1}{\376\377\0001\0002\000.\0006\0008\000.\0001\000\040\000F\000u\000n\000c\000t\000i\000o\000n\000\040\000D\000o\000c\000u\000m\000e\000n\000t\000a\000t\000i\000o\000n}{section.12.68}% 1361
\BOOKMARK [3][-]{subsubsection.12.68.1.1}{\376\377\0001\0002\000.\0006\0008\000.\0001\000.\0001\000\040\000T\000E\000S\000T\000\137\000C\000A\000S\000E\000\050\000\051\000\040\000[\0001\000/\0002\0005\000]}{subsection.12.68.1}% 1362
\BOOKMARK [3][-]{subsubsection.12.68.1.2}{\376\377\0001\0002\000.\0006\0008\000.\0001\000.\0002\000\040\000T\000E\000S\000T\000\137\000C\000A\000S\000E\000\050\000\051\000\040\000[\0002\000/\0002\0005\000]}{subsection.12.68.1}% 1363
\BOOKMARK [3][-]{subsubsection.12.68.1.3}{\376\377\0001\0002\000.\0006\0008\000.\0001\000.\0003\000\040\000T\000E\000S\000T\000\137\000C\000A\000S\000E\000\050\000\051\000\040\000[\0003\000/\0002\0005\000]}{subsection.12.68.1}% 1364
\BOOKMARK [3][-]{subsubsection.12.68.1.4}{\376\377\0001\0002\000.\0006\0008\000.\0001\000.\0004\000\040\000T\000E\000S\000T\000\137\000C\000A\000S\000E\000\050\000\051\000\040\000[\0004\000/\0002\0005\000]}{subsection.12.68.1}% 1365
\BOOKMARK [3][-]{subsubsection.12.68.1.5}{\376\377\0001\0002\000.\0006\0008\000.\0001\000.\0005\000\040\000T\000E\000S\000T\000\137\000C\000A\000S\000E\000\050\000\051\000\040\000[\0005\000/\0002\0005\000]}{subsection.12.68.1}% 1366
\BOOKMARK [3][-]{subsubsection.12.68.1.6}{\376\377\0001\0002\000.\0006\0008\000.\0001\000.\0006\000\040\000T\000E\000S\000T\000\137\000C\000A\000S\000E\000\050\000\051\000\040\000[\0006\000/\0002\0005\000]}{subsection.12.68.1}% 1367
\BOOKMARK [3][-]{subsubsection.12.68.1.7}{\376\377\0001\0002\000.\0006\0008\000.\0001\000.\0007\000\040\000T\000E\000S\000T\000\137\000C\000A\000S\000E\000\050\000\051\000\040\000[\0007\000/\0002\0005\000]}{subsection.12.68.1}% 1368
\BOOKMARK [3][-]{subsubsection.12.68.1.8}{\376\377\0001\0002\000.\0006\0008\000.\0001\000.\0008\000\040\000T\000E\000S\000T\000\137\000C\000A\000S\000E\000\050\000\051\000\040\000[\0008\000/\0002\0005\000]}{subsection.12.68.1}% 1369
\BOOKMARK [3][-]{subsubsection.12.68.1.9}{\376\377\0001\0002\000.\0006\0008\000.\0001\000.\0009\000\040\000T\000E\000S\000T\000\137\000C\000A\000S\000E\000\050\000\051\000\040\000[\0009\000/\0002\0005\000]}{subsection.12.68.1}% 1370
\BOOKMARK [3][-]{subsubsection.12.68.1.10}{\376\377\0001\0002\000.\0006\0008\000.\0001\000.\0001\0000\000\040\000T\000E\000S\000T\000\137\000C\000A\000S\000E\000\050\000\051\000\040\000[\0001\0000\000/\0002\0005\000]}{subsection.12.68.1}% 1371
\BOOKMARK [3][-]{subsubsection.12.68.1.11}{\376\377\0001\0002\000.\0006\0008\000.\0001\000.\0001\0001\000\040\000T\000E\000S\000T\000\137\000C\000A\000S\000E\000\050\000\051\000\040\000[\0001\0001\000/\0002\0005\000]}{subsection.12.68.1}% 1372
\BOOKMARK [3][-]{subsubsection.12.68.1.12}{\376\377\0001\0002\000.\0006\0008\000.\0001\000.\0001\0002\000\040\000T\000E\000S\000T\000\137\000C\000A\000S\000E\000\050\000\051\000\040\000[\0001\0002\000/\0002\0005\000]}{subsection.12.68.1}% 1373
\BOOKMARK [3][-]{subsubsection.12.68.1.13}{\376\377\0001\0002\000.\0006\0008\000.\0001\000.\0001\0003\000\040\000T\000E\000S\000T\000\137\000C\000A\000S\000E\000\050\000\051\000\040\000[\0001\0003\000/\0002\0005\000]}{subsection.12.68.1}% 1374
\BOOKMARK [3][-]{subsubsection.12.68.1.14}{\376\377\0001\0002\000.\0006\0008\000.\0001\000.\0001\0004\000\040\000T\000E\000S\000T\000\137\000C\000A\000S\000E\000\050\000\051\000\040\000[\0001\0004\000/\0002\0005\000]}{subsection.12.68.1}% 1375
\BOOKMARK [3][-]{subsubsection.12.68.1.15}{\376\377\0001\0002\000.\0006\0008\000.\0001\000.\0001\0005\000\040\000T\000E\000S\000T\000\137\000C\000A\000S\000E\000\050\000\051\000\040\000[\0001\0005\000/\0002\0005\000]}{subsection.12.68.1}% 1376
\BOOKMARK [3][-]{subsubsection.12.68.1.16}{\376\377\0001\0002\000.\0006\0008\000.\0001\000.\0001\0006\000\040\000T\000E\000S\000T\000\137\000C\000A\000S\000E\000\050\000\051\000\040\000[\0001\0006\000/\0002\0005\000]}{subsection.12.68.1}% 1377
\BOOKMARK [3][-]{subsubsection.12.68.1.17}{\376\377\0001\0002\000.\0006\0008\000.\0001\000.\0001\0007\000\040\000T\000E\000S\000T\000\137\000C\000A\000S\000E\000\050\000\051\000\040\000[\0001\0007\000/\0002\0005\000]}{subsection.12.68.1}% 1378
\BOOKMARK [3][-]{subsubsection.12.68.1.18}{\376\377\0001\0002\000.\0006\0008\000.\0001\000.\0001\0008\000\040\000T\000E\000S\000T\000\137\000C\000A\000S\000E\000\050\000\051\000\040\000[\0001\0008\000/\0002\0005\000]}{subsection.12.68.1}% 1379
\BOOKMARK [3][-]{subsubsection.12.68.1.19}{\376\377\0001\0002\000.\0006\0008\000.\0001\000.\0001\0009\000\040\000T\000E\000S\000T\000\137\000C\000A\000S\000E\000\050\000\051\000\040\000[\0001\0009\000/\0002\0005\000]}{subsection.12.68.1}% 1380
\BOOKMARK [3][-]{subsubsection.12.68.1.20}{\376\377\0001\0002\000.\0006\0008\000.\0001\000.\0002\0000\000\040\000T\000E\000S\000T\000\137\000C\000A\000S\000E\000\050\000\051\000\040\000[\0002\0000\000/\0002\0005\000]}{subsection.12.68.1}% 1381
\BOOKMARK [3][-]{subsubsection.12.68.1.21}{\376\377\0001\0002\000.\0006\0008\000.\0001\000.\0002\0001\000\040\000T\000E\000S\000T\000\137\000C\000A\000S\000E\000\050\000\051\000\040\000[\0002\0001\000/\0002\0005\000]}{subsection.12.68.1}% 1382
\BOOKMARK [3][-]{subsubsection.12.68.1.22}{\376\377\0001\0002\000.\0006\0008\000.\0001\000.\0002\0002\000\040\000T\000E\000S\000T\000\137\000C\000A\000S\000E\000\050\000\051\000\040\000[\0002\0002\000/\0002\0005\000]}{subsection.12.68.1}% 1383
\BOOKMARK [3][-]{subsubsection.12.68.1.23}{\376\377\0001\0002\000.\0006\0008\000.\0001\000.\0002\0003\000\040\000T\000E\000S\000T\000\137\000C\000A\000S\000E\000\050\000\051\000\040\000[\0002\0003\000/\0002\0005\000]}{subsection.12.68.1}% 1384
\BOOKMARK [3][-]{subsubsection.12.68.1.24}{\376\377\0001\0002\000.\0006\0008\000.\0001\000.\0002\0004\000\040\000T\000E\000S\000T\000\137\000C\000A\000S\000E\000\050\000\051\000\040\000[\0002\0004\000/\0002\0005\000]}{subsection.12.68.1}% 1385
\BOOKMARK [3][-]{subsubsection.12.68.1.25}{\376\377\0001\0002\000.\0006\0008\000.\0001\000.\0002\0005\000\040\000T\000E\000S\000T\000\137\000C\000A\000S\000E\000\050\000\051\000\040\000[\0002\0005\000/\0002\0005\000]}{subsection.12.68.1}% 1386
\BOOKMARK [1][-]{section.12.69}{\376\377\0001\0002\000.\0006\0009\000\040\000t\000e\000s\000t\000\137\000C\000o\000n\000j\000u\000n\000t\000o\000.\000c\000p\000p}{chapter.12}% 1387
\BOOKMARK [1][-]{section.12.70}{\376\377\0001\0002\000.\0007\0000\000\040\000t\000e\000s\000t\000s\000/\000t\000e\000s\000t\000\137\000E\000q\000u\000i\000p\000a\000m\000e\000n\000t\000o\000.\000c\000p\000p\000\040\000F\000i\000l\000e\000\040\000R\000e\000f\000e\000r\000e\000n\000c\000e}{chapter.12}% 1388
\BOOKMARK [2][-]{subsection.12.70.1}{\376\377\0001\0002\000.\0007\0000\000.\0001\000\040\000F\000u\000n\000c\000t\000i\000o\000n\000\040\000D\000o\000c\000u\000m\000e\000n\000t\000a\000t\000i\000o\000n}{section.12.70}% 1389
\BOOKMARK [3][-]{subsubsection.12.70.1.1}{\376\377\0001\0002\000.\0007\0000\000.\0001\000.\0001\000\040\000T\000E\000S\000T\000\137\000C\000A\000S\000E\000\050\000\051\000\040\000[\0001\000/\0002\0000\000]}{subsection.12.70.1}% 1390
\BOOKMARK [3][-]{subsubsection.12.70.1.2}{\376\377\0001\0002\000.\0007\0000\000.\0001\000.\0002\000\040\000T\000E\000S\000T\000\137\000C\000A\000S\000E\000\050\000\051\000\040\000[\0002\000/\0002\0000\000]}{subsection.12.70.1}% 1391
\BOOKMARK [3][-]{subsubsection.12.70.1.3}{\376\377\0001\0002\000.\0007\0000\000.\0001\000.\0003\000\040\000T\000E\000S\000T\000\137\000C\000A\000S\000E\000\050\000\051\000\040\000[\0003\000/\0002\0000\000]}{subsection.12.70.1}% 1392
\BOOKMARK [3][-]{subsubsection.12.70.1.4}{\376\377\0001\0002\000.\0007\0000\000.\0001\000.\0004\000\040\000T\000E\000S\000T\000\137\000C\000A\000S\000E\000\050\000\051\000\040\000[\0004\000/\0002\0000\000]}{subsection.12.70.1}% 1393
\BOOKMARK [3][-]{subsubsection.12.70.1.5}{\376\377\0001\0002\000.\0007\0000\000.\0001\000.\0005\000\040\000T\000E\000S\000T\000\137\000C\000A\000S\000E\000\050\000\051\000\040\000[\0005\000/\0002\0000\000]}{subsection.12.70.1}% 1394
\BOOKMARK [3][-]{subsubsection.12.70.1.6}{\376\377\0001\0002\000.\0007\0000\000.\0001\000.\0006\000\040\000T\000E\000S\000T\000\137\000C\000A\000S\000E\000\050\000\051\000\040\000[\0006\000/\0002\0000\000]}{subsection.12.70.1}% 1395
\BOOKMARK [3][-]{subsubsection.12.70.1.7}{\376\377\0001\0002\000.\0007\0000\000.\0001\000.\0007\000\040\000T\000E\000S\000T\000\137\000C\000A\000S\000E\000\050\000\051\000\040\000[\0007\000/\0002\0000\000]}{subsection.12.70.1}% 1396
\BOOKMARK [3][-]{subsubsection.12.70.1.8}{\376\377\0001\0002\000.\0007\0000\000.\0001\000.\0008\000\040\000T\000E\000S\000T\000\137\000C\000A\000S\000E\000\050\000\051\000\040\000[\0008\000/\0002\0000\000]}{subsection.12.70.1}% 1397
\BOOKMARK [3][-]{subsubsection.12.70.1.9}{\376\377\0001\0002\000.\0007\0000\000.\0001\000.\0009\000\040\000T\000E\000S\000T\000\137\000C\000A\000S\000E\000\050\000\051\000\040\000[\0009\000/\0002\0000\000]}{subsection.12.70.1}% 1398
\BOOKMARK [3][-]{subsubsection.12.70.1.10}{\376\377\0001\0002\000.\0007\0000\000.\0001\000.\0001\0000\000\040\000T\000E\000S\000T\000\137\000C\000A\000S\000E\000\050\000\051\000\040\000[\0001\0000\000/\0002\0000\000]}{subsection.12.70.1}% 1399
\BOOKMARK [3][-]{subsubsection.12.70.1.11}{\376\377\0001\0002\000.\0007\0000\000.\0001\000.\0001\0001\000\040\000T\000E\000S\000T\000\137\000C\000A\000S\000E\000\050\000\051\000\040\000[\0001\0001\000/\0002\0000\000]}{subsection.12.70.1}% 1400
\BOOKMARK [3][-]{subsubsection.12.70.1.12}{\376\377\0001\0002\000.\0007\0000\000.\0001\000.\0001\0002\000\040\000T\000E\000S\000T\000\137\000C\000A\000S\000E\000\050\000\051\000\040\000[\0001\0002\000/\0002\0000\000]}{subsection.12.70.1}% 1401
\BOOKMARK [3][-]{subsubsection.12.70.1.13}{\376\377\0001\0002\000.\0007\0000\000.\0001\000.\0001\0003\000\040\000T\000E\000S\000T\000\137\000C\000A\000S\000E\000\050\000\051\000\040\000[\0001\0003\000/\0002\0000\000]}{subsection.12.70.1}% 1402
\BOOKMARK [3][-]{subsubsection.12.70.1.14}{\376\377\0001\0002\000.\0007\0000\000.\0001\000.\0001\0004\000\040\000T\000E\000S\000T\000\137\000C\000A\000S\000E\000\050\000\051\000\040\000[\0001\0004\000/\0002\0000\000]}{subsection.12.70.1}% 1403
\BOOKMARK [3][-]{subsubsection.12.70.1.15}{\376\377\0001\0002\000.\0007\0000\000.\0001\000.\0001\0005\000\040\000T\000E\000S\000T\000\137\000C\000A\000S\000E\000\050\000\051\000\040\000[\0001\0005\000/\0002\0000\000]}{subsection.12.70.1}% 1404
\BOOKMARK [3][-]{subsubsection.12.70.1.16}{\376\377\0001\0002\000.\0007\0000\000.\0001\000.\0001\0006\000\040\000T\000E\000S\000T\000\137\000C\000A\000S\000E\000\050\000\051\000\040\000[\0001\0006\000/\0002\0000\000]}{subsection.12.70.1}% 1405
\BOOKMARK [3][-]{subsubsection.12.70.1.17}{\376\377\0001\0002\000.\0007\0000\000.\0001\000.\0001\0007\000\040\000T\000E\000S\000T\000\137\000C\000A\000S\000E\000\050\000\051\000\040\000[\0001\0007\000/\0002\0000\000]}{subsection.12.70.1}% 1406
\BOOKMARK [3][-]{subsubsection.12.70.1.18}{\376\377\0001\0002\000.\0007\0000\000.\0001\000.\0001\0008\000\040\000T\000E\000S\000T\000\137\000C\000A\000S\000E\000\050\000\051\000\040\000[\0001\0008\000/\0002\0000\000]}{subsection.12.70.1}% 1407
\BOOKMARK [3][-]{subsubsection.12.70.1.19}{\376\377\0001\0002\000.\0007\0000\000.\0001\000.\0001\0009\000\040\000T\000E\000S\000T\000\137\000C\000A\000S\000E\000\050\000\051\000\040\000[\0001\0009\000/\0002\0000\000]}{subsection.12.70.1}% 1408
\BOOKMARK [3][-]{subsubsection.12.70.1.20}{\376\377\0001\0002\000.\0007\0000\000.\0001\000.\0002\0000\000\040\000T\000E\000S\000T\000\137\000C\000A\000S\000E\000\050\000\051\000\040\000[\0002\0000\000/\0002\0000\000]}{subsection.12.70.1}% 1409
\BOOKMARK [1][-]{section.12.71}{\376\377\0001\0002\000.\0007\0001\000\040\000t\000e\000s\000t\000\137\000E\000q\000u\000i\000p\000a\000m\000e\000n\000t\000o\000.\000c\000p\000p}{chapter.12}% 1410
\BOOKMARK [1][-]{section.12.72}{\376\377\0001\0002\000.\0007\0002\000\040\000t\000e\000s\000t\000s\000/\000t\000e\000s\000t\000\137\000E\000x\000c\000e\000c\000o\000e\000s\000.\000c\000p\000p\000\040\000F\000i\000l\000e\000\040\000R\000e\000f\000e\000r\000e\000n\000c\000e}{chapter.12}% 1411
\BOOKMARK [2][-]{subsection.12.72.1}{\376\377\0001\0002\000.\0007\0002\000.\0001\000\040\000F\000u\000n\000c\000t\000i\000o\000n\000\040\000D\000o\000c\000u\000m\000e\000n\000t\000a\000t\000i\000o\000n}{section.12.72}% 1412
\BOOKMARK [3][-]{subsubsection.12.72.1.1}{\376\377\0001\0002\000.\0007\0002\000.\0001\000.\0001\000\040\000T\000E\000S\000T\000\137\000C\000A\000S\000E\000\050\000\051\000\040\000[\0001\000/\0002\0000\000]}{subsection.12.72.1}% 1413
\BOOKMARK [3][-]{subsubsection.12.72.1.2}{\376\377\0001\0002\000.\0007\0002\000.\0001\000.\0002\000\040\000T\000E\000S\000T\000\137\000C\000A\000S\000E\000\050\000\051\000\040\000[\0002\000/\0002\0000\000]}{subsection.12.72.1}% 1414
\BOOKMARK [3][-]{subsubsection.12.72.1.3}{\376\377\0001\0002\000.\0007\0002\000.\0001\000.\0003\000\040\000T\000E\000S\000T\000\137\000C\000A\000S\000E\000\050\000\051\000\040\000[\0003\000/\0002\0000\000]}{subsection.12.72.1}% 1415
\BOOKMARK [3][-]{subsubsection.12.72.1.4}{\376\377\0001\0002\000.\0007\0002\000.\0001\000.\0004\000\040\000T\000E\000S\000T\000\137\000C\000A\000S\000E\000\050\000\051\000\040\000[\0004\000/\0002\0000\000]}{subsection.12.72.1}% 1416
\BOOKMARK [3][-]{subsubsection.12.72.1.5}{\376\377\0001\0002\000.\0007\0002\000.\0001\000.\0005\000\040\000T\000E\000S\000T\000\137\000C\000A\000S\000E\000\050\000\051\000\040\000[\0005\000/\0002\0000\000]}{subsection.12.72.1}% 1417
\BOOKMARK [3][-]{subsubsection.12.72.1.6}{\376\377\0001\0002\000.\0007\0002\000.\0001\000.\0006\000\040\000T\000E\000S\000T\000\137\000C\000A\000S\000E\000\050\000\051\000\040\000[\0006\000/\0002\0000\000]}{subsection.12.72.1}% 1418
\BOOKMARK [3][-]{subsubsection.12.72.1.7}{\376\377\0001\0002\000.\0007\0002\000.\0001\000.\0007\000\040\000T\000E\000S\000T\000\137\000C\000A\000S\000E\000\050\000\051\000\040\000[\0007\000/\0002\0000\000]}{subsection.12.72.1}% 1419
\BOOKMARK [3][-]{subsubsection.12.72.1.8}{\376\377\0001\0002\000.\0007\0002\000.\0001\000.\0008\000\040\000T\000E\000S\000T\000\137\000C\000A\000S\000E\000\050\000\051\000\040\000[\0008\000/\0002\0000\000]}{subsection.12.72.1}% 1420
\BOOKMARK [3][-]{subsubsection.12.72.1.9}{\376\377\0001\0002\000.\0007\0002\000.\0001\000.\0009\000\040\000T\000E\000S\000T\000\137\000C\000A\000S\000E\000\050\000\051\000\040\000[\0009\000/\0002\0000\000]}{subsection.12.72.1}% 1421
\BOOKMARK [3][-]{subsubsection.12.72.1.10}{\376\377\0001\0002\000.\0007\0002\000.\0001\000.\0001\0000\000\040\000T\000E\000S\000T\000\137\000C\000A\000S\000E\000\050\000\051\000\040\000[\0001\0000\000/\0002\0000\000]}{subsection.12.72.1}% 1422
\BOOKMARK [3][-]{subsubsection.12.72.1.11}{\376\377\0001\0002\000.\0007\0002\000.\0001\000.\0001\0001\000\040\000T\000E\000S\000T\000\137\000C\000A\000S\000E\000\050\000\051\000\040\000[\0001\0001\000/\0002\0000\000]}{subsection.12.72.1}% 1423
\BOOKMARK [3][-]{subsubsection.12.72.1.12}{\376\377\0001\0002\000.\0007\0002\000.\0001\000.\0001\0002\000\040\000T\000E\000S\000T\000\137\000C\000A\000S\000E\000\050\000\051\000\040\000[\0001\0002\000/\0002\0000\000]}{subsection.12.72.1}% 1424
\BOOKMARK [3][-]{subsubsection.12.72.1.13}{\376\377\0001\0002\000.\0007\0002\000.\0001\000.\0001\0003\000\040\000T\000E\000S\000T\000\137\000C\000A\000S\000E\000\050\000\051\000\040\000[\0001\0003\000/\0002\0000\000]}{subsection.12.72.1}% 1425
\BOOKMARK [3][-]{subsubsection.12.72.1.14}{\376\377\0001\0002\000.\0007\0002\000.\0001\000.\0001\0004\000\040\000T\000E\000S\000T\000\137\000C\000A\000S\000E\000\050\000\051\000\040\000[\0001\0004\000/\0002\0000\000]}{subsection.12.72.1}% 1426
\BOOKMARK [3][-]{subsubsection.12.72.1.15}{\376\377\0001\0002\000.\0007\0002\000.\0001\000.\0001\0005\000\040\000T\000E\000S\000T\000\137\000C\000A\000S\000E\000\050\000\051\000\040\000[\0001\0005\000/\0002\0000\000]}{subsection.12.72.1}% 1427
\BOOKMARK [3][-]{subsubsection.12.72.1.16}{\376\377\0001\0002\000.\0007\0002\000.\0001\000.\0001\0006\000\040\000T\000E\000S\000T\000\137\000C\000A\000S\000E\000\050\000\051\000\040\000[\0001\0006\000/\0002\0000\000]}{subsection.12.72.1}% 1428
\BOOKMARK [3][-]{subsubsection.12.72.1.17}{\376\377\0001\0002\000.\0007\0002\000.\0001\000.\0001\0007\000\040\000T\000E\000S\000T\000\137\000C\000A\000S\000E\000\050\000\051\000\040\000[\0001\0007\000/\0002\0000\000]}{subsection.12.72.1}% 1429
\BOOKMARK [3][-]{subsubsection.12.72.1.18}{\376\377\0001\0002\000.\0007\0002\000.\0001\000.\0001\0008\000\040\000T\000E\000S\000T\000\137\000C\000A\000S\000E\000\050\000\051\000\040\000[\0001\0008\000/\0002\0000\000]}{subsection.12.72.1}% 1430
\BOOKMARK [3][-]{subsubsection.12.72.1.19}{\376\377\0001\0002\000.\0007\0002\000.\0001\000.\0001\0009\000\040\000T\000E\000S\000T\000\137\000C\000A\000S\000E\000\050\000\051\000\040\000[\0001\0009\000/\0002\0000\000]}{subsection.12.72.1}% 1431
\BOOKMARK [3][-]{subsubsection.12.72.1.20}{\376\377\0001\0002\000.\0007\0002\000.\0001\000.\0002\0000\000\040\000T\000E\000S\000T\000\137\000C\000A\000S\000E\000\050\000\051\000\040\000[\0002\0000\000/\0002\0000\000]}{subsection.12.72.1}% 1432
\BOOKMARK [1][-]{section.12.73}{\376\377\0001\0002\000.\0007\0003\000\040\000t\000e\000s\000t\000\137\000E\000x\000c\000e\000c\000o\000e\000s\000.\000c\000p\000p}{chapter.12}% 1433
\BOOKMARK [1][-]{section.12.74}{\376\377\0001\0002\000.\0007\0004\000\040\000t\000e\000s\000t\000s\000/\000t\000e\000s\000t\000\137\000L\000i\000n\000h\000a\000D\000e\000P\000r\000o\000d\000u\000c\000a\000o\000.\000c\000p\000p\000\040\000F\000i\000l\000e\000\040\000R\000e\000f\000e\000r\000e\000n\000c\000e}{chapter.12}% 1434
\BOOKMARK [2][-]{subsection.12.74.1}{\376\377\0001\0002\000.\0007\0004\000.\0001\000\040\000F\000u\000n\000c\000t\000i\000o\000n\000\040\000D\000o\000c\000u\000m\000e\000n\000t\000a\000t\000i\000o\000n}{section.12.74}% 1435
\BOOKMARK [3][-]{subsubsection.12.74.1.1}{\376\377\0001\0002\000.\0007\0004\000.\0001\000.\0001\000\040\000T\000E\000S\000T\000\137\000C\000A\000S\000E\000\050\000\051\000\040\000[\0001\000/\0002\0003\000]}{subsection.12.74.1}% 1436
\BOOKMARK [3][-]{subsubsection.12.74.1.2}{\376\377\0001\0002\000.\0007\0004\000.\0001\000.\0002\000\040\000T\000E\000S\000T\000\137\000C\000A\000S\000E\000\050\000\051\000\040\000[\0002\000/\0002\0003\000]}{subsection.12.74.1}% 1437
\BOOKMARK [3][-]{subsubsection.12.74.1.3}{\376\377\0001\0002\000.\0007\0004\000.\0001\000.\0003\000\040\000T\000E\000S\000T\000\137\000C\000A\000S\000E\000\050\000\051\000\040\000[\0003\000/\0002\0003\000]}{subsection.12.74.1}% 1438
\BOOKMARK [3][-]{subsubsection.12.74.1.4}{\376\377\0001\0002\000.\0007\0004\000.\0001\000.\0004\000\040\000T\000E\000S\000T\000\137\000C\000A\000S\000E\000\050\000\051\000\040\000[\0004\000/\0002\0003\000]}{subsection.12.74.1}% 1439
\BOOKMARK [3][-]{subsubsection.12.74.1.5}{\376\377\0001\0002\000.\0007\0004\000.\0001\000.\0005\000\040\000T\000E\000S\000T\000\137\000C\000A\000S\000E\000\050\000\051\000\040\000[\0005\000/\0002\0003\000]}{subsection.12.74.1}% 1440
\BOOKMARK [3][-]{subsubsection.12.74.1.6}{\376\377\0001\0002\000.\0007\0004\000.\0001\000.\0006\000\040\000T\000E\000S\000T\000\137\000C\000A\000S\000E\000\050\000\051\000\040\000[\0006\000/\0002\0003\000]}{subsection.12.74.1}% 1441
\BOOKMARK [3][-]{subsubsection.12.74.1.7}{\376\377\0001\0002\000.\0007\0004\000.\0001\000.\0007\000\040\000T\000E\000S\000T\000\137\000C\000A\000S\000E\000\050\000\051\000\040\000[\0007\000/\0002\0003\000]}{subsection.12.74.1}% 1442
\BOOKMARK [3][-]{subsubsection.12.74.1.8}{\376\377\0001\0002\000.\0007\0004\000.\0001\000.\0008\000\040\000T\000E\000S\000T\000\137\000C\000A\000S\000E\000\050\000\051\000\040\000[\0008\000/\0002\0003\000]}{subsection.12.74.1}% 1443
\BOOKMARK [3][-]{subsubsection.12.74.1.9}{\376\377\0001\0002\000.\0007\0004\000.\0001\000.\0009\000\040\000T\000E\000S\000T\000\137\000C\000A\000S\000E\000\050\000\051\000\040\000[\0009\000/\0002\0003\000]}{subsection.12.74.1}% 1444
\BOOKMARK [3][-]{subsubsection.12.74.1.10}{\376\377\0001\0002\000.\0007\0004\000.\0001\000.\0001\0000\000\040\000T\000E\000S\000T\000\137\000C\000A\000S\000E\000\050\000\051\000\040\000[\0001\0000\000/\0002\0003\000]}{subsection.12.74.1}% 1445
\BOOKMARK [3][-]{subsubsection.12.74.1.11}{\376\377\0001\0002\000.\0007\0004\000.\0001\000.\0001\0001\000\040\000T\000E\000S\000T\000\137\000C\000A\000S\000E\000\050\000\051\000\040\000[\0001\0001\000/\0002\0003\000]}{subsection.12.74.1}% 1446
\BOOKMARK [3][-]{subsubsection.12.74.1.12}{\376\377\0001\0002\000.\0007\0004\000.\0001\000.\0001\0002\000\040\000T\000E\000S\000T\000\137\000C\000A\000S\000E\000\050\000\051\000\040\000[\0001\0002\000/\0002\0003\000]}{subsection.12.74.1}% 1447
\BOOKMARK [3][-]{subsubsection.12.74.1.13}{\376\377\0001\0002\000.\0007\0004\000.\0001\000.\0001\0003\000\040\000T\000E\000S\000T\000\137\000C\000A\000S\000E\000\050\000\051\000\040\000[\0001\0003\000/\0002\0003\000]}{subsection.12.74.1}% 1448
\BOOKMARK [3][-]{subsubsection.12.74.1.14}{\376\377\0001\0002\000.\0007\0004\000.\0001\000.\0001\0004\000\040\000T\000E\000S\000T\000\137\000C\000A\000S\000E\000\050\000\051\000\040\000[\0001\0004\000/\0002\0003\000]}{subsection.12.74.1}% 1449
\BOOKMARK [3][-]{subsubsection.12.74.1.15}{\376\377\0001\0002\000.\0007\0004\000.\0001\000.\0001\0005\000\040\000T\000E\000S\000T\000\137\000C\000A\000S\000E\000\050\000\051\000\040\000[\0001\0005\000/\0002\0003\000]}{subsection.12.74.1}% 1450
\BOOKMARK [3][-]{subsubsection.12.74.1.16}{\376\377\0001\0002\000.\0007\0004\000.\0001\000.\0001\0006\000\040\000T\000E\000S\000T\000\137\000C\000A\000S\000E\000\050\000\051\000\040\000[\0001\0006\000/\0002\0003\000]}{subsection.12.74.1}% 1451
\BOOKMARK [3][-]{subsubsection.12.74.1.17}{\376\377\0001\0002\000.\0007\0004\000.\0001\000.\0001\0007\000\040\000T\000E\000S\000T\000\137\000C\000A\000S\000E\000\050\000\051\000\040\000[\0001\0007\000/\0002\0003\000]}{subsection.12.74.1}% 1452
\BOOKMARK [3][-]{subsubsection.12.74.1.18}{\376\377\0001\0002\000.\0007\0004\000.\0001\000.\0001\0008\000\040\000T\000E\000S\000T\000\137\000C\000A\000S\000E\000\050\000\051\000\040\000[\0001\0008\000/\0002\0003\000]}{subsection.12.74.1}% 1453
\BOOKMARK [3][-]{subsubsection.12.74.1.19}{\376\377\0001\0002\000.\0007\0004\000.\0001\000.\0001\0009\000\040\000T\000E\000S\000T\000\137\000C\000A\000S\000E\000\050\000\051\000\040\000[\0001\0009\000/\0002\0003\000]}{subsection.12.74.1}% 1454
\BOOKMARK [3][-]{subsubsection.12.74.1.20}{\376\377\0001\0002\000.\0007\0004\000.\0001\000.\0002\0000\000\040\000T\000E\000S\000T\000\137\000C\000A\000S\000E\000\050\000\051\000\040\000[\0002\0000\000/\0002\0003\000]}{subsection.12.74.1}% 1455
\BOOKMARK [3][-]{subsubsection.12.74.1.21}{\376\377\0001\0002\000.\0007\0004\000.\0001\000.\0002\0001\000\040\000T\000E\000S\000T\000\137\000C\000A\000S\000E\000\050\000\051\000\040\000[\0002\0001\000/\0002\0003\000]}{subsection.12.74.1}% 1456
\BOOKMARK [3][-]{subsubsection.12.74.1.22}{\376\377\0001\0002\000.\0007\0004\000.\0001\000.\0002\0002\000\040\000T\000E\000S\000T\000\137\000C\000A\000S\000E\000\050\000\051\000\040\000[\0002\0002\000/\0002\0003\000]}{subsection.12.74.1}% 1457
\BOOKMARK [3][-]{subsubsection.12.74.1.23}{\376\377\0001\0002\000.\0007\0004\000.\0001\000.\0002\0003\000\040\000T\000E\000S\000T\000\137\000C\000A\000S\000E\000\050\000\051\000\040\000[\0002\0003\000/\0002\0003\000]}{subsection.12.74.1}% 1458
\BOOKMARK [1][-]{section.12.75}{\376\377\0001\0002\000.\0007\0005\000\040\000t\000e\000s\000t\000\137\000L\000i\000n\000h\000a\000D\000e\000P\000r\000o\000d\000u\000c\000a\000o\000.\000c\000p\000p}{chapter.12}% 1459
\BOOKMARK [1][-]{section.12.76}{\376\377\0001\0002\000.\0007\0006\000\040\000t\000e\000s\000t\000s\000/\000t\000e\000s\000t\000\137\000L\000o\000g\000.\000c\000p\000p\000\040\000F\000i\000l\000e\000\040\000R\000e\000f\000e\000r\000e\000n\000c\000e}{chapter.12}% 1460
\BOOKMARK [2][-]{subsection.12.76.1}{\376\377\0001\0002\000.\0007\0006\000.\0001\000\040\000F\000u\000n\000c\000t\000i\000o\000n\000\040\000D\000o\000c\000u\000m\000e\000n\000t\000a\000t\000i\000o\000n}{section.12.76}% 1461
\BOOKMARK [3][-]{subsubsection.12.76.1.1}{\376\377\0001\0002\000.\0007\0006\000.\0001\000.\0001\000\040\000T\000E\000S\000T\000\137\000C\000A\000S\000E\000\050\000\051\000\040\000[\0001\000/\0006\000]}{subsection.12.76.1}% 1462
\BOOKMARK [3][-]{subsubsection.12.76.1.2}{\376\377\0001\0002\000.\0007\0006\000.\0001\000.\0002\000\040\000T\000E\000S\000T\000\137\000C\000A\000S\000E\000\050\000\051\000\040\000[\0002\000/\0006\000]}{subsection.12.76.1}% 1463
\BOOKMARK [3][-]{subsubsection.12.76.1.3}{\376\377\0001\0002\000.\0007\0006\000.\0001\000.\0003\000\040\000T\000E\000S\000T\000\137\000C\000A\000S\000E\000\050\000\051\000\040\000[\0003\000/\0006\000]}{subsection.12.76.1}% 1464
\BOOKMARK [3][-]{subsubsection.12.76.1.4}{\376\377\0001\0002\000.\0007\0006\000.\0001\000.\0004\000\040\000T\000E\000S\000T\000\137\000C\000A\000S\000E\000\050\000\051\000\040\000[\0004\000/\0006\000]}{subsection.12.76.1}% 1465
\BOOKMARK [3][-]{subsubsection.12.76.1.5}{\376\377\0001\0002\000.\0007\0006\000.\0001\000.\0005\000\040\000T\000E\000S\000T\000\137\000C\000A\000S\000E\000\050\000\051\000\040\000[\0005\000/\0006\000]}{subsection.12.76.1}% 1466
\BOOKMARK [3][-]{subsubsection.12.76.1.6}{\376\377\0001\0002\000.\0007\0006\000.\0001\000.\0006\000\040\000T\000E\000S\000T\000\137\000C\000A\000S\000E\000\050\000\051\000\040\000[\0006\000/\0006\000]}{subsection.12.76.1}% 1467
\BOOKMARK [1][-]{section.12.77}{\376\377\0001\0002\000.\0007\0007\000\040\000t\000e\000s\000t\000\137\000L\000o\000g\000.\000c\000p\000p}{chapter.12}% 1468
\BOOKMARK [1][-]{section.12.78}{\376\377\0001\0002\000.\0007\0008\000\040\000t\000e\000s\000t\000s\000/\000t\000e\000s\000t\000\137\000m\000a\000i\000n\000.\000c\000p\000p\000\040\000F\000i\000l\000e\000\040\000R\000e\000f\000e\000r\000e\000n\000c\000e}{chapter.12}% 1469
\BOOKMARK [2][-]{subsection.12.78.1}{\376\377\0001\0002\000.\0007\0008\000.\0001\000\040\000M\000a\000c\000r\000o\000\040\000D\000e\000f\000i\000n\000i\000t\000i\000o\000n\000\040\000D\000o\000c\000u\000m\000e\000n\000t\000a\000t\000i\000o\000n}{section.12.78}% 1470
\BOOKMARK [3][-]{subsubsection.12.78.1.1}{\376\377\0001\0002\000.\0007\0008\000.\0001\000.\0001\000\040\000D\000O\000C\000T\000E\000S\000T\000\137\000C\000O\000N\000F\000I\000G\000\137\000I\000M\000P\000L\000E\000M\000E\000N\000T\000\137\000W\000I\000T\000H\000\137\000M\000A\000I\000N}{subsection.12.78.1}% 1471
\BOOKMARK [1][-]{section.12.79}{\376\377\0001\0002\000.\0007\0009\000\040\000t\000e\000s\000t\000\137\000m\000a\000i\000n\000.\000c\000p\000p}{chapter.12}% 1472
\BOOKMARK [1][-]{section.12.80}{\376\377\0001\0002\000.\0008\0000\000\040\000t\000e\000s\000t\000s\000/\000t\000e\000s\000t\000\137\000P\000a\000r\000a\000m\000e\000t\000r\000o\000.\000c\000p\000p\000\040\000F\000i\000l\000e\000\040\000R\000e\000f\000e\000r\000e\000n\000c\000e}{chapter.12}% 1473
\BOOKMARK [2][-]{subsection.12.80.1}{\376\377\0001\0002\000.\0008\0000\000.\0001\000\040\000F\000u\000n\000c\000t\000i\000o\000n\000\040\000D\000o\000c\000u\000m\000e\000n\000t\000a\000t\000i\000o\000n}{section.12.80}% 1474
\BOOKMARK [3][-]{subsubsection.12.80.1.1}{\376\377\0001\0002\000.\0008\0000\000.\0001\000.\0001\000\040\000T\000E\000S\000T\000\137\000C\000A\000S\000E\000\050\000\051\000\040\000[\0001\000/\0001\0004\000]}{subsection.12.80.1}% 1475
\BOOKMARK [3][-]{subsubsection.12.80.1.2}{\376\377\0001\0002\000.\0008\0000\000.\0001\000.\0002\000\040\000T\000E\000S\000T\000\137\000C\000A\000S\000E\000\050\000\051\000\040\000[\0002\000/\0001\0004\000]}{subsection.12.80.1}% 1476
\BOOKMARK [3][-]{subsubsection.12.80.1.3}{\376\377\0001\0002\000.\0008\0000\000.\0001\000.\0003\000\040\000T\000E\000S\000T\000\137\000C\000A\000S\000E\000\050\000\051\000\040\000[\0003\000/\0001\0004\000]}{subsection.12.80.1}% 1477
\BOOKMARK [3][-]{subsubsection.12.80.1.4}{\376\377\0001\0002\000.\0008\0000\000.\0001\000.\0004\000\040\000T\000E\000S\000T\000\137\000C\000A\000S\000E\000\050\000\051\000\040\000[\0004\000/\0001\0004\000]}{subsection.12.80.1}% 1478
\BOOKMARK [3][-]{subsubsection.12.80.1.5}{\376\377\0001\0002\000.\0008\0000\000.\0001\000.\0005\000\040\000T\000E\000S\000T\000\137\000C\000A\000S\000E\000\050\000\051\000\040\000[\0005\000/\0001\0004\000]}{subsection.12.80.1}% 1479
\BOOKMARK [3][-]{subsubsection.12.80.1.6}{\376\377\0001\0002\000.\0008\0000\000.\0001\000.\0006\000\040\000T\000E\000S\000T\000\137\000C\000A\000S\000E\000\050\000\051\000\040\000[\0006\000/\0001\0004\000]}{subsection.12.80.1}% 1480
\BOOKMARK [3][-]{subsubsection.12.80.1.7}{\376\377\0001\0002\000.\0008\0000\000.\0001\000.\0007\000\040\000T\000E\000S\000T\000\137\000C\000A\000S\000E\000\050\000\051\000\040\000[\0007\000/\0001\0004\000]}{subsection.12.80.1}% 1481
\BOOKMARK [3][-]{subsubsection.12.80.1.8}{\376\377\0001\0002\000.\0008\0000\000.\0001\000.\0008\000\040\000T\000E\000S\000T\000\137\000C\000A\000S\000E\000\050\000\051\000\040\000[\0008\000/\0001\0004\000]}{subsection.12.80.1}% 1482
\BOOKMARK [3][-]{subsubsection.12.80.1.9}{\376\377\0001\0002\000.\0008\0000\000.\0001\000.\0009\000\040\000T\000E\000S\000T\000\137\000C\000A\000S\000E\000\050\000\051\000\040\000[\0009\000/\0001\0004\000]}{subsection.12.80.1}% 1483
\BOOKMARK [3][-]{subsubsection.12.80.1.10}{\376\377\0001\0002\000.\0008\0000\000.\0001\000.\0001\0000\000\040\000T\000E\000S\000T\000\137\000C\000A\000S\000E\000\050\000\051\000\040\000[\0001\0000\000/\0001\0004\000]}{subsection.12.80.1}% 1484
\BOOKMARK [3][-]{subsubsection.12.80.1.11}{\376\377\0001\0002\000.\0008\0000\000.\0001\000.\0001\0001\000\040\000T\000E\000S\000T\000\137\000C\000A\000S\000E\000\050\000\051\000\040\000[\0001\0001\000/\0001\0004\000]}{subsection.12.80.1}% 1485
\BOOKMARK [3][-]{subsubsection.12.80.1.12}{\376\377\0001\0002\000.\0008\0000\000.\0001\000.\0001\0002\000\040\000T\000E\000S\000T\000\137\000C\000A\000S\000E\000\050\000\051\000\040\000[\0001\0002\000/\0001\0004\000]}{subsection.12.80.1}% 1486
\BOOKMARK [3][-]{subsubsection.12.80.1.13}{\376\377\0001\0002\000.\0008\0000\000.\0001\000.\0001\0003\000\040\000T\000E\000S\000T\000\137\000C\000A\000S\000E\000\050\000\051\000\040\000[\0001\0003\000/\0001\0004\000]}{subsection.12.80.1}% 1487
\BOOKMARK [3][-]{subsubsection.12.80.1.14}{\376\377\0001\0002\000.\0008\0000\000.\0001\000.\0001\0004\000\040\000T\000E\000S\000T\000\137\000C\000A\000S\000E\000\050\000\051\000\040\000[\0001\0004\000/\0001\0004\000]}{subsection.12.80.1}% 1488
\BOOKMARK [1][-]{section.12.81}{\376\377\0001\0002\000.\0008\0001\000\040\000t\000e\000s\000t\000\137\000P\000a\000r\000a\000m\000e\000t\000r\000o\000.\000c\000p\000p}{chapter.12}% 1489
\BOOKMARK [1][-]{section.12.82}{\376\377\0001\0002\000.\0008\0002\000\040\000t\000e\000s\000t\000s\000/\000t\000e\000s\000t\000\137\000S\000i\000s\000t\000e\000m\000a\000.\000c\000p\000p\000\040\000F\000i\000l\000e\000\040\000R\000e\000f\000e\000r\000e\000n\000c\000e}{chapter.12}% 1490
\BOOKMARK [2][-]{subsection.12.82.1}{\376\377\0001\0002\000.\0008\0002\000.\0001\000\040\000F\000u\000n\000c\000t\000i\000o\000n\000\040\000D\000o\000c\000u\000m\000e\000n\000t\000a\000t\000i\000o\000n}{section.12.82}% 1491
\BOOKMARK [3][-]{subsubsection.12.82.1.1}{\376\377\0001\0002\000.\0008\0002\000.\0001\000.\0001\000\040\000T\000E\000S\000T\000\137\000C\000A\000S\000E\000\050\000\051\000\040\000[\0001\000/\0002\0004\000]}{subsection.12.82.1}% 1492
\BOOKMARK [3][-]{subsubsection.12.82.1.2}{\376\377\0001\0002\000.\0008\0002\000.\0001\000.\0002\000\040\000T\000E\000S\000T\000\137\000C\000A\000S\000E\000\050\000\051\000\040\000[\0002\000/\0002\0004\000]}{subsection.12.82.1}% 1493
\BOOKMARK [3][-]{subsubsection.12.82.1.3}{\376\377\0001\0002\000.\0008\0002\000.\0001\000.\0003\000\040\000T\000E\000S\000T\000\137\000C\000A\000S\000E\000\050\000\051\000\040\000[\0003\000/\0002\0004\000]}{subsection.12.82.1}% 1494
\BOOKMARK [3][-]{subsubsection.12.82.1.4}{\376\377\0001\0002\000.\0008\0002\000.\0001\000.\0004\000\040\000T\000E\000S\000T\000\137\000C\000A\000S\000E\000\050\000\051\000\040\000[\0004\000/\0002\0004\000]}{subsection.12.82.1}% 1495
\BOOKMARK [3][-]{subsubsection.12.82.1.5}{\376\377\0001\0002\000.\0008\0002\000.\0001\000.\0005\000\040\000T\000E\000S\000T\000\137\000C\000A\000S\000E\000\050\000\051\000\040\000[\0005\000/\0002\0004\000]}{subsection.12.82.1}% 1496
\BOOKMARK [3][-]{subsubsection.12.82.1.6}{\376\377\0001\0002\000.\0008\0002\000.\0001\000.\0006\000\040\000T\000E\000S\000T\000\137\000C\000A\000S\000E\000\050\000\051\000\040\000[\0006\000/\0002\0004\000]}{subsection.12.82.1}% 1497
\BOOKMARK [3][-]{subsubsection.12.82.1.7}{\376\377\0001\0002\000.\0008\0002\000.\0001\000.\0007\000\040\000T\000E\000S\000T\000\137\000C\000A\000S\000E\000\050\000\051\000\040\000[\0007\000/\0002\0004\000]}{subsection.12.82.1}% 1498
\BOOKMARK [3][-]{subsubsection.12.82.1.8}{\376\377\0001\0002\000.\0008\0002\000.\0001\000.\0008\000\040\000T\000E\000S\000T\000\137\000C\000A\000S\000E\000\050\000\051\000\040\000[\0008\000/\0002\0004\000]}{subsection.12.82.1}% 1499
\BOOKMARK [3][-]{subsubsection.12.82.1.9}{\376\377\0001\0002\000.\0008\0002\000.\0001\000.\0009\000\040\000T\000E\000S\000T\000\137\000C\000A\000S\000E\000\050\000\051\000\040\000[\0009\000/\0002\0004\000]}{subsection.12.82.1}% 1500
\BOOKMARK [3][-]{subsubsection.12.82.1.10}{\376\377\0001\0002\000.\0008\0002\000.\0001\000.\0001\0000\000\040\000T\000E\000S\000T\000\137\000C\000A\000S\000E\000\050\000\051\000\040\000[\0001\0000\000/\0002\0004\000]}{subsection.12.82.1}% 1501
\BOOKMARK [3][-]{subsubsection.12.82.1.11}{\376\377\0001\0002\000.\0008\0002\000.\0001\000.\0001\0001\000\040\000T\000E\000S\000T\000\137\000C\000A\000S\000E\000\050\000\051\000\040\000[\0001\0001\000/\0002\0004\000]}{subsection.12.82.1}% 1502
\BOOKMARK [3][-]{subsubsection.12.82.1.12}{\376\377\0001\0002\000.\0008\0002\000.\0001\000.\0001\0002\000\040\000T\000E\000S\000T\000\137\000C\000A\000S\000E\000\050\000\051\000\040\000[\0001\0002\000/\0002\0004\000]}{subsection.12.82.1}% 1503
\BOOKMARK [3][-]{subsubsection.12.82.1.13}{\376\377\0001\0002\000.\0008\0002\000.\0001\000.\0001\0003\000\040\000T\000E\000S\000T\000\137\000C\000A\000S\000E\000\050\000\051\000\040\000[\0001\0003\000/\0002\0004\000]}{subsection.12.82.1}% 1504
\BOOKMARK [3][-]{subsubsection.12.82.1.14}{\376\377\0001\0002\000.\0008\0002\000.\0001\000.\0001\0004\000\040\000T\000E\000S\000T\000\137\000C\000A\000S\000E\000\050\000\051\000\040\000[\0001\0004\000/\0002\0004\000]}{subsection.12.82.1}% 1505
\BOOKMARK [3][-]{subsubsection.12.82.1.15}{\376\377\0001\0002\000.\0008\0002\000.\0001\000.\0001\0005\000\040\000T\000E\000S\000T\000\137\000C\000A\000S\000E\000\050\000\051\000\040\000[\0001\0005\000/\0002\0004\000]}{subsection.12.82.1}% 1506
\BOOKMARK [3][-]{subsubsection.12.82.1.16}{\376\377\0001\0002\000.\0008\0002\000.\0001\000.\0001\0006\000\040\000T\000E\000S\000T\000\137\000C\000A\000S\000E\000\050\000\051\000\040\000[\0001\0006\000/\0002\0004\000]}{subsection.12.82.1}% 1507
\BOOKMARK [3][-]{subsubsection.12.82.1.17}{\376\377\0001\0002\000.\0008\0002\000.\0001\000.\0001\0007\000\040\000T\000E\000S\000T\000\137\000C\000A\000S\000E\000\050\000\051\000\040\000[\0001\0007\000/\0002\0004\000]}{subsection.12.82.1}% 1508
\BOOKMARK [3][-]{subsubsection.12.82.1.18}{\376\377\0001\0002\000.\0008\0002\000.\0001\000.\0001\0008\000\040\000T\000E\000S\000T\000\137\000C\000A\000S\000E\000\050\000\051\000\040\000[\0001\0008\000/\0002\0004\000]}{subsection.12.82.1}% 1509
\BOOKMARK [3][-]{subsubsection.12.82.1.19}{\376\377\0001\0002\000.\0008\0002\000.\0001\000.\0001\0009\000\040\000T\000E\000S\000T\000\137\000C\000A\000S\000E\000\050\000\051\000\040\000[\0001\0009\000/\0002\0004\000]}{subsection.12.82.1}% 1510
\BOOKMARK [3][-]{subsubsection.12.82.1.20}{\376\377\0001\0002\000.\0008\0002\000.\0001\000.\0002\0000\000\040\000T\000E\000S\000T\000\137\000C\000A\000S\000E\000\050\000\051\000\040\000[\0002\0000\000/\0002\0004\000]}{subsection.12.82.1}% 1511
\BOOKMARK [3][-]{subsubsection.12.82.1.21}{\376\377\0001\0002\000.\0008\0002\000.\0001\000.\0002\0001\000\040\000T\000E\000S\000T\000\137\000C\000A\000S\000E\000\050\000\051\000\040\000[\0002\0001\000/\0002\0004\000]}{subsection.12.82.1}% 1512
\BOOKMARK [3][-]{subsubsection.12.82.1.22}{\376\377\0001\0002\000.\0008\0002\000.\0001\000.\0002\0002\000\040\000T\000E\000S\000T\000\137\000C\000A\000S\000E\000\050\000\051\000\040\000[\0002\0002\000/\0002\0004\000]}{subsection.12.82.1}% 1513
\BOOKMARK [3][-]{subsubsection.12.82.1.23}{\376\377\0001\0002\000.\0008\0002\000.\0001\000.\0002\0003\000\040\000T\000E\000S\000T\000\137\000C\000A\000S\000E\000\050\000\051\000\040\000[\0002\0003\000/\0002\0004\000]}{subsection.12.82.1}% 1514
\BOOKMARK [3][-]{subsubsection.12.82.1.24}{\376\377\0001\0002\000.\0008\0002\000.\0001\000.\0002\0004\000\040\000T\000E\000S\000T\000\137\000C\000A\000S\000E\000\050\000\051\000\040\000[\0002\0004\000/\0002\0004\000]}{subsection.12.82.1}% 1515
\BOOKMARK [1][-]{section.12.83}{\376\377\0001\0002\000.\0008\0003\000\040\000t\000e\000s\000t\000\137\000S\000i\000s\000t\000e\000m\000a\000.\000c\000p\000p}{chapter.12}% 1516
\BOOKMARK [1][-]{section.12.84}{\376\377\0001\0002\000.\0008\0004\000\040\000t\000e\000s\000t\000s\000/\000t\000e\000s\000t\000\137\000U\000s\000u\000a\000r\000i\000o\000.\000c\000p\000p\000\040\000F\000i\000l\000e\000\040\000R\000e\000f\000e\000r\000e\000n\000c\000e}{chapter.12}% 1517
\BOOKMARK [2][-]{subsection.12.84.1}{\376\377\0001\0002\000.\0008\0004\000.\0001\000\040\000F\000u\000n\000c\000t\000i\000o\000n\000\040\000D\000o\000c\000u\000m\000e\000n\000t\000a\000t\000i\000o\000n}{section.12.84}% 1518
\BOOKMARK [3][-]{subsubsection.12.84.1.1}{\376\377\0001\0002\000.\0008\0004\000.\0001\000.\0001\000\040\000T\000E\000S\000T\000\137\000C\000A\000S\000E\000\050\000\051\000\040\000[\0001\000/\0007\000]}{subsection.12.84.1}% 1519
\BOOKMARK [3][-]{subsubsection.12.84.1.2}{\376\377\0001\0002\000.\0008\0004\000.\0001\000.\0002\000\040\000T\000E\000S\000T\000\137\000C\000A\000S\000E\000\050\000\051\000\040\000[\0002\000/\0007\000]}{subsection.12.84.1}% 1520
\BOOKMARK [3][-]{subsubsection.12.84.1.3}{\376\377\0001\0002\000.\0008\0004\000.\0001\000.\0003\000\040\000T\000E\000S\000T\000\137\000C\000A\000S\000E\000\050\000\051\000\040\000[\0003\000/\0007\000]}{subsection.12.84.1}% 1521
\BOOKMARK [3][-]{subsubsection.12.84.1.4}{\376\377\0001\0002\000.\0008\0004\000.\0001\000.\0004\000\040\000T\000E\000S\000T\000\137\000C\000A\000S\000E\000\050\000\051\000\040\000[\0004\000/\0007\000]}{subsection.12.84.1}% 1522
\BOOKMARK [3][-]{subsubsection.12.84.1.5}{\376\377\0001\0002\000.\0008\0004\000.\0001\000.\0005\000\040\000T\000E\000S\000T\000\137\000C\000A\000S\000E\000\050\000\051\000\040\000[\0005\000/\0007\000]}{subsection.12.84.1}% 1523
\BOOKMARK [3][-]{subsubsection.12.84.1.6}{\376\377\0001\0002\000.\0008\0004\000.\0001\000.\0006\000\040\000T\000E\000S\000T\000\137\000C\000A\000S\000E\000\050\000\051\000\040\000[\0006\000/\0007\000]}{subsection.12.84.1}% 1524
\BOOKMARK [3][-]{subsubsection.12.84.1.7}{\376\377\0001\0002\000.\0008\0004\000.\0001\000.\0007\000\040\000T\000E\000S\000T\000\137\000C\000A\000S\000E\000\050\000\051\000\040\000[\0007\000/\0007\000]}{subsection.12.84.1}% 1525
\BOOKMARK [1][-]{section.12.85}{\376\377\0001\0002\000.\0008\0005\000\040\000t\000e\000s\000t\000\137\000U\000s\000u\000a\000r\000i\000o\000.\000c\000p\000p}{chapter.12}% 1526
\BOOKMARK [0][-]{section*.289}{\376\377\000I\000n\000d\000e\000x}{}% 1527
